#{"t_start": 1683241558.491339, "env_id": "TruckTrailer-v1"}
r,l,t
-8557.502375,965,4.126063
-1854.820331,1864,8.222788
-3393.552491,12217,33.57588
-366.198603,1264,35.753842
-612.157896,1896,39.916709
-537.511756,1696,44.03427
-122.618204,2789,51.06162
-133.200734,2748,56.793844
-108.140378,2784,62.771646
-680.339746,1723,66.561686
-232.489879,2008,70.746655
108.43854,4943,81.146398
-5945.110947,680,82.279919
-170.026482,2027,86.459992
-190.551031,1980,90.574145
-392.310688,1537,93.99567
-65.900306,2477,98.885539
86.871671,3667,106.477708
-794.358248,1882,109.50993
-113.941003,2552,115.445023
-495.109478,1911,119.418184
-190.219284,2678,124.608251
-73.361856,2693,129.786605
-401.569397,1452,133.070346
-69.25653,2397,137.803055
-40.949062,3282,144.814084
-58.100602,2528,149.715193
-197.191343,1420,152.964969
-111.987214,1438,155.291216
-192.01124,1217,158.188568
31.34269,3310,165.226253
-188.360665,1651,167.861368
-156.612972,1282,170.853686
-148.686043,2745,176.060804
-307.960489,1461,179.286616
-162.492561,1467,182.549806
-2799.414872,1574,186.020769
428.785036,11735,208.110165
-39.895056,3125,214.859118
230.290013,5094,224.449204
-138.018485,1574,227.886724
97.636686,3580,235.18808
-56.31779,1697,238.797969
94.122563,2642,243.826764
-59.778525,1917,247.765749
-165.074767,1261,249.791716
-113.96847,1703,253.409625
-231.880012,1354,256.479619
-202.210918,1372,259.60021
41.530229,2492,264.429335
-7990.647328,1530,267.763777
-254.984951,1193,269.687644
-2507.470009,941,272.120379
377.81372,6604,284.822457
-190.86533,1135,286.659186
-85.414306,2586,292.533914
-18960.761592,1067,294.246662
617.345939,7454,309.219631
-139.164877,1334,312.296638
152.834209,3432,318.574001
-153.519513,1055,321.205558
-262.854529,1108,322.996521
51.822314,4739,332.996521
-81.985441,1911,335.987157
-29485.051672,607,337.898626
-158.013227,1308,339.989571
92.094877,2627,345.890689
-171.636881,1837,349.693249
-156.542208,2236,354.1081
-54.918761,2253,358.489844
-276.074127,1226,360.470234
-98.17009,1651,364.072895
-1268.680057,930,366.559865
-95.007448,2364,371.303943
919.629882,10281,391.759301
168.723521,2976,397.254062
-94.728484,1948,401.243905
-172.689726,1303,404.249779
-204.721445,1703,407.884956
-80.83162,2377,412.586164
-14362.948281,1033,414.254388
-581.757756,1239,417.179956
-70.253659,2132,421.466479
522.697817,12386,445.399208
91.562301,2719,450.528833
-47.8822,1924,454.487
-95.800116,2068,458.691794
-221.856257,1453,461.910328
-192.72088,1744,465.585702
364.43511,7781,480.919712
210.986738,2823,486.306543
-103.086049,1774,490.118743
-177.334162,1376,493.30512
-815.388943,1078,495.071909
14.665304,2329,499.724458
-172.775946,1493,503.063949
782.975875,12709,527.921344
-48.097114,2262,532.51542
-41.384042,2352,537.227031
-4246.726089,11649,560.553361
-247.003273,977,563.092574
-395.132628,1031,564.78259
-613.943672,904,567.193142
579.861207,8469,583.863634
-348.544609,776,585.152849
99.388871,2453,590.005049
-56.854478,1832,593.906433
-68.176175,2036,598.121399
-223.158959,1790,601.931546
-44.626269,1893,605.902267
-172.951921,1534,609.300312
-243.352756,6124,621.462498
-134.979002,1659,625.102011
-102.549802,1629,627.739438
-73.961637,1538,631.184792
-168.607401,1342,634.304586
-201.581405,1186,636.235087
-191.984637,1554,639.718131
-194.709347,1267,642.705826
224.335117,5085,652.532241
-94.21959,2153,656.9575
747.483843,10120,677.044838
89.561086,2693,682.255583
15.545821,3086,689.073463
-53.409091,2072,693.328265
-1903.107033,666,694.434438
-123.573956,1495,697.775277
-258.851425,1250,700.714568
-223.377923,1035,702.411982
-71.187955,2339,707.113016
-124.519612,1284,710.125642
-6852.029425,2280,714.68231
-75.775788,2259,719.241521
-61.248368,1675,722.88205
-114.451866,1628,726.43752
-67.6574,1989,730.61333
401.827319,10318,750.92828
-135.322927,1574,754.418313
-153.36468,1436,756.716034
-724.650339,946,759.173684
-118.109224,1416,761.429089
-166.64931,1147,764.179546
-402.334589,1042,765.864514
67.417975,3665,773.374468
-182.633879,946,775.826672
195.093743,5103,785.471937
-150.799773,1635,789.006675
-43.329925,2138,793.320693
709.659558,9137,811.62673
-144.318787,1886,814.614658
-100.566164,1763,818.313038
-45.286966,1753,821.986668
60.903077,2481,826.797654
-78.338836,1822,830.577128
-164.299297,1221,833.471264
-2781.347858,1640,836.997986
-217.942465,1243,839.015966
-94.562597,1687,842.581164
-113.705822,2228,846.992832
204.688561,10270,866.932385
-113.628707,2031,871.040799
-503.051134,1310,874.035949
-223.65946,1082,875.751626
-82.105999,1941,879.772178
41.130113,2255,884.228147
-2591.659595,730,886.338037
-3927.236143,530,887.228423
-122.090187,1689,890.867883
689.378763,9822,910.206612
-194.717763,1315,912.386393
507.192194,8330,928.847289
-179.84153,1959,932.96818
-4689.526672,1845,936.829167
217.821418,8662,953.794154
-115.098209,2535,959.76454
-414.303072,1106,961.582486
-186.268298,1209,964.495012
-488.514994,1073,966.258587
-760.121781,1017,968.872517
-58.608381,2103,973.186496
-271.890433,1413,976.444485
-126.413356,2276,981.04696
-246.008539,1672,983.75076
-77.83051,1980,987.874628
-3089.465868,865,990.24642
-195.818473,1696,993.918427
-213.263922,1269,996.012426
-162.720143,1475,999.33404
-227.604738,1152,1002.129956
-231.365475,1174,1004.050648
-7635.483679,592,1005.040437
-192.280306,1164,1007.896384
-66.584577,1876,1011.840099
-306.098559,834,1013.232233
-134.371783,1436,1016.500918
-163.778396,1568,1019.970075
-2923.996871,1146,1021.842517
419.378818,9849,1041.428384
-136.919293,1471,1044.75888
-98.625243,2215,1049.212452
-182.831363,1460,1052.503227
-11492.805141,560,1053.439966
1930.48626,13898,1080.630677
-294.929345,1068,1082.376937
-187.770204,1809,1086.246125
351.703533,6134,1098.273597
-92.289052,1572,1101.780058
-57.570963,2276,1106.372999
-3403.389191,8104,1122.270787
696.329609,9556,1141.495328
463.501747,6162,1153.647054
-617.884509,7982,1169.596315
700.990152,11221,1191.333295
-141.557316,1551,1194.788854
751.77326,10314,1215.133245
-86.260439,1972,1219.233101
-42.994854,2074,1223.456109
-1953.08043,506,1224.310841
278.720435,3827,1232.111261
545.145673,7379,1247.002535
-66.485834,2213,1251.483707
-59.095872,1514,1253.904615
853.482435,8781,1271.972545
-184.761592,1292,1274.082604
2478.842061,13719,1301.40134
-39.439288,3299,1308.404099
-100.606412,1480,1310.824108
-19998.658563,931,1313.292437
-60.93745,2085,1317.564254
990.205962,9822,1337.158407
-90.831758,11246,1358.692911
373.49585,7833,1374.308126
2525.065959,11186,1395.902599
3348.454273,18072,1431.63984
722.130793,11444,1454.748884
-133.832508,1368,1456.963755
-43.926569,1753,1460.68153
-160.66703,1144,1463.446946
-128.18071,1365,1465.640439
-22.191021,2061,1470.756139
-546.511674,716,1471.931368
24.327601,2386,1476.578214
-129.669212,1292,1479.575483
-42.664423,1992,1483.651088
-173.129296,1332,1485.825372
-508.267963,835,1488.116336
1049.553178,12550,1512.647574
-101.485511,1341,1514.809526
342.297676,6730,1528.77063
746.925806,8228,1544.927352
590.952697,8367,1561.143216
-91.247564,2388,1565.843386
-93.638484,1965,1569.896163
89.50435,3513,1577.246369
-7474.008074,1478,1579.624761
1814.320983,12294,1603.711977
-144.300172,1499,1607.054925
-213.334085,1227,1609.959416
-1785.214393,8774,1626.842067
2465.343845,12637,1651.48531
2406.158672,11976,1675.159164
-32.113914,1725,1678.856182
-221.645804,1150,1680.742535
1083.403379,7745,1696.226653
469.22283,7189,1710.796674
122.166305,3318,1716.969604
-11426.812727,498,1718.743159
14.852747,2195,1723.179835
-4.429355,2444,1728.009481
1651.946947,10463,1748.4533
824.818851,11849,1771.780276
1927.692382,18049,1806.544448
1333.97056,14654,1834.742551
-103.24495,1547,1837.253262
1118.975917,11830,1860.542001
-7053.059364,10344,1880.707174
1358.430264,16481,1912.468843
-183.540136,971,1914.9291
-241.347566,5948,1926.734879
-97.654912,1497,1929.222094
-50.975662,2352,1934.836668
-161.967843,2104,1939.125239
-38.084357,2024,1943.299934
-2380.465157,12492,1967.836838
-134.613364,1716,1971.549335
1770.769489,9818,1990.273201
1517.443397,16013,2021.969587
-390.816993,1536,2025.404917
211.967288,3634,2032.813345
-175.583427,1225,2034.816931
2544.491757,10306,2055.134491
4590.00432,21467,2097.120166
-62.913199,2469,2102.004526
2930.563622,16146,2133.306429
2111.696939,18105,2168.624573
4052.005564,24786,2216.083366
-2029.336444,936,2217.605205
-206.636679,1433,2220.830559
-50.121236,2231,2225.253732
355.98855,5629,2236.553857
-269.121279,1187,2238.481758
-152.028472,1585,2241.946646
3324.0978,17719,2276.425712
3583.859123,21531,2317.622764
3722.713586,18199,2353.087378
-460.872139,1066,2355.729043
-164.944405,1713,2359.398678
3132.404117,11807,2381.665143
-455.239509,1035,2384.304719
2852.961265,15822,2415.063689
1886.879779,13579,2440.780976
337.428212,7829,2456.274229
919.564748,8897,2473.303159
-117.143786,2916,2479.826379
268.420875,4266,2488.289958
3936.963377,20779,2528.847904
2334.203813,11242,2551.252004
624.624358,8465,2567.677741
4409.569917,25000,2615.873192
2203.397975,10212,2636.042164
-12161.012204,8261,2652.313688
-73.246607,2690,2657.498294
371.881108,8424,2673.903232
-210.608173,1386,2677.073484
4225.995089,22870,2721.348531
1063.835954,9712,2740.688988
707.611008,7770,2756.235352
950.134244,7671,2770.735526
-1781.49914,2875,2777.138606
-4305.769459,2012,2781.236095
-1365.181142,4175,2789.563059
-709.106527,1641,2793.089444
-364.293174,845,2794.463845
999.418584,6338,2806.854483
645.824325,8682,2823.667242
2018.131196,21980,2866.273986
-166.615934,4366,2874.886062
1263.359661,10739,2896.56407
-1746.298935,2200,2900.884647
-15.089841,2644,2905.902119
-2148.709122,2923,2911.405887
-2228.814249,1927,2915.37226
96.767651,3390,2922.508071
1399.631573,8621,2939.415978
-76.419719,2704,2944.616835
-2571.265168,15173,2974.614484
-86.48112,2245,2979.07848
-37.885439,2403,2983.735844
-95.387782,1414,2986.951666
-23210.028938,444,2987.695977
-1578.132167,2096,2991.935514
-31.988013,2087,2996.148789
-1442.909642,2730,3001.342247
-30.250225,3022,3007.902105
20.22196,2991,3013.50455
4118.237583,17794,3048.554728
-14.419453,2740,3053.718908
-8836.398475,2267,3058.211995
3827.212293,19891,3096.814003
-15.037044,1899,3100.744391
-220.157944,2265,3105.210541
-1215.23451,4734,3115.181495
-13455.965734,2491,3119.944381
-2475.644086,383,3120.593756
-1157.423457,2516,3125.423851
-441.933686,9817,3145.449925
-5044.561329,10713,3166.045971
966.795265,11071,3188.122273
4728.628692,16182,3219.526316
-1386.008442,2776,3224.74899
-6085.027962,2041,3228.86809
536.720923,13203,3253.890274
4355.578579,18681,3289.673243
-3056.308538,2410,3295.305969
-63.462048,2653,3300.305428
-2283.059534,2445,3305.047768
-47.013115,2532,3309.887403
4454.239596,18165,3344.966093
391.128919,9682,3363.826456
-134.783792,1732,3367.444382
-216.267812,927,3368.926124
-87.516449,2227,3373.307321
126.864873,4429,3381.884564
-1148.964799,2524,3387.640769
-38.367287,2935,3393.113589
-125.576413,2193,3397.429626
-1864.002223,2130,3401.687311
-2897.671621,2248,3406.14212
-41.502319,3191,3412.937133
-5.260297,3261,3419.821198
-53.234681,1912,3422.887076
-35981.487348,405,3424.492131
-44.651878,2690,3429.562417
-47.156466,2641,3434.649454
-211.91626,912,3437.049019
-9.392605,2680,3442.172484
-160.24589,2032,3446.32281
-124.99626,1373,3449.444271
-104.916736,1393,3451.6803
-144.363156,1650,3455.217906
-229.686666,986,3457.732587
-203.223227,1671,3460.380428
-17.64184,2846,3466.61629
-1632.625861,3253,3472.5216
-97.92209,1504,3475.821268
-2973.301794,2101,3480.028442
-870.158888,2854,3486.253536
4395.851318,19132,3522.968865
-91.457665,1803,3526.747141
-2630.603863,2334,3531.250224
2722.669351,17372,3564.270122
531.14205,9233,3582.75258
211.578697,8147,3598.783819
53.189684,3723,3606.394298
-98.759727,930,3607.895916
12.315229,2545,3612.8028
-836.970027,3158,3619.541028
-4638.599974,9317,3638.100442
-23.747096,3611,3644.613736
-33.813142,1978,3648.641361
781.665751,14047,3676.031743
-149.235506,1305,3679.072075
-29.483307,2546,3683.992283
-53.548541,3023,3689.653995
-203.051871,806,3691.899012
-127.683737,1839,3695.749289
-5268.878273,1717,3699.37316
-34.773369,2392,3704.05855
1276.457217,18350,3739.257756
-96.877565,2305,3743.77769
-6.220047,2765,3748.975292
-6941.766773,2309,3753.492889
-212.122933,2308,3758.008725
-101.515858,1687,3761.608805
-400.716659,2834,3767.838823
-351.087557,2915,3773.236418
-63.03602,1893,3777.141876
-430.929078,2672,3782.202679
867.228737,11588,3804.927217
-94.907828,2504,3809.784993
-2727.792993,349,3810.379611
-64.036383,2105,3814.63912
1222.402762,14173,3842.219911
-123.531802,2126,3846.487322
-4448.83541,10436,3866.588277
-2815.653997,341,3868.093859
-324.620046,3232,3874.087217
-5671.214402,1757,3877.80231
2121.425122,13340,3904.20176
-3076.454476,359,3904.807047
-73.276878,2049,3908.927334
-1007.577392,1971,3912.918631
-90.120056,1922,3916.81801
-231.589263,1034,3918.449984
-107.615653,1491,3921.717743
-420.055692,4444,3930.232092
-1673.25644,1946,3934.189233
-1582.362976,2010,3938.261636
-1174.453008,1609,3941.720021
-107.77372,15220,3970.541165
-16.086692,2204,3974.944371
-1999.418875,1989,3978.972801
-27.05235,2075,3983.189526
-986.160143,3171,3989.890789
-342.493886,2034,3994.011584
-17496.823787,1226,3995.952527
-61.364682,1776,3999.673673
-1245.60941,1441,4002.867954
-2336.535143,1778,4006.589932
-167.492696,4779,4015.673584
-359.834885,1632,4019.18506
-13414.275393,12642,4043.470345
-205.821731,1070,4046.09558
5666.588595,20106,4084.052606
2121.047646,11976,4107.304453
3100.168604,14316,4134.946725
-253.669162,3168,4141.64724
-712.285891,3600,4148.999097
-2156.735029,702,4150.142156
110.374631,12180,4173.429727
-5335.727871,11922,4196.613257
-67.282783,2022,4200.691424
-206.070002,913,4202.156492
-31.760144,2117,4206.38256
65.700371,3469,4213.547357
-72.590852,2091,4217.726714
-33.087675,2422,4222.396405
-3242.393363,2782,4227.633739
5702.573448,18431,4263.337652
-1202.070488,827,4265.589542
-18.482684,1602,4269.035953
-143.331533,1471,4271.3534
-47.108836,2367,4275.978155
-2337.841583,1632,4279.478343
-55.407304,1928,4283.423326
1954.680563,11500,4305.922253
5684.174176,20106,4344.630215
-4984.599844,1208,4346.562992
-1316.775882,3095,4353.154158
1149.204334,10538,4373.635796
-129.581632,3937,4381.435378
2357.081423,16470,4413.277852
-35.046048,2220,4417.680907
-240.745013,1099,4419.434646
1875.110509,10593,4440.738699
5262.709286,19199,4477.234151
-1527.219826,1605,4480.696429
-10216.630935,2275,4485.185437
-384.585876,738,4486.378136
-3229.664153,1043,4488.962804
-226.652423,4176,4497.251031
2431.586064,12536,4521.789226
-1625.738261,1440,4525.005985
-652.799572,2320,4529.5406
-474.491299,2217,4533.931171
1080.544394,10715,4554.508623
-1638.326179,1527,4557.851511
215.814875,14723,4586.218629
-117.583542,8913,4603.47445
-47.680717,2031,4607.64835
-176.31914,1193,4610.503593
5440.348155,21287,4651.645348
-127.936315,5660,4663.064311
-1000.333133,2081,4667.395335
-1771.234241,1368,4670.528065
-13324.053763,1775,4674.304446
-2566.298484,2066,4678.518631
-6074.165204,2038,4682.68028
1609.875253,12722,4707.571863
5470.718015,18462,4743.221129
-529.009736,1490,4746.483623
-45.880676,5258,4756.122553
-1724.109737,2252,4760.534428
516.308774,13389,4786.859459
-139.486592,3487,4794.125782
-537.916061,5269,4804.058897
-204.545557,7675,4819.38309
-1368.942613,2021,4823.526327
5188.987264,19061,4860.175894
-505.690815,2631,4865.234677
6.228864,2609,4871.136386
-5185.299983,898,4872.591009
-258.693138,25000,4919.917954
-824.812219,2541,4925.749165
-1389.603395,2422,4930.47648
-1917.058785,10748,4951.31089
3907.899311,19874,4990.079468
-65.444959,2072,4994.283936
-135.682054,1705,4997.912405
-22109.153988,770,4999.15058
-551.346078,4723,5008.181603
-4074.078417,1026,5010.72408
-1487.817179,733,5011.904542
-1706.466695,946,5014.337801
-23.080863,1896,5018.221833
-47.086467,1893,5021.197603
-1279.370357,3800,5028.831709
-1310.513264,1807,5032.609058
-1004.837387,1743,5036.27478
-16050.514144,820,5037.592037
-1150.654176,1848,5041.404366
-309.812315,2220,5045.79193
1708.566006,8672,5063.42552
-1611.017881,1751,5067.089752
-2013.905243,2035,5071.197361
-1131.953115,923,5072.684913
460.552562,4420,5081.268478
-1307.325835,3461,5088.492699
-384.415942,2697,5093.609457
1328.223997,8075,5109.573369
-4368.464657,1700,5113.221996
-12835.26762,1072,5114.942625
-1556.939659,2140,5119.244978
-32.644889,1620,5122.721086
-74.163882,1002,5125.277297
48.695717,2814,5130.574434
1453.272461,13378,5156.881028
-1362.37327,2206,5161.269965
-234.020716,941,5162.788882
-79.571375,1822,5166.549217
-84.474053,3786,5174.158224
-968.062635,15119,5203.104808
-1069.411248,2413,5207.837236
-7016.694096,1287,5210.84203
5983.35121,17484,5245.638643
-1.318246,2871,5251.066134
-228.39322,2587,5256.031604
-4845.255287,9041,5274.397945
2123.355985,8621,5291.426948
1192.450725,9521,5310.353836
-5525.314511,410,5311.04402
1852.462294,8947,5328.437756
-12495.955027,1048,5331.078176
-894.059355,12282,5355.182974
511.188053,11606,5377.421575
1133.403253,10844,5399.551655
-1673.876976,1748,5402.349644
-1526.369392,1586,5405.823625
5628.949049,19137,5444.18089
-1488.896311,2392,5448.900882
-9173.136727,2223,5453.353393
-1506.217451,3570,5460.745877
2204.801189,16140,5491.411248
-54.162338,1453,5494.66291
-4383.954072,11829,5517.770166
-1909.412053,2434,5522.513432
-1368.61969,2149,5526.786771
-1442.08028,2101,5530.946356
-1129.020097,2601,5535.856402
-140.935074,3112,5542.509397
5000.8535,18376,5578.358763
-2126.58104,1818,5582.176113
-4057.091567,1416,5585.305356
-1788.651705,1824,5588.151629
-969.334404,2484,5593.836059
643.567297,7064,5607.276519
-152.471011,2297,5611.782534
-1715.015531,2981,5618.207796
-282.614739,7952,5633.647138
-8057.368299,3274,5639.627557
-29.163918,2320,5644.192256
2055.447505,10434,5664.517862
-677.256061,1928,5668.5198
-6467.309419,343,5670.027195
-18.85691,2219,5674.437452
-15.897711,3322,5680.500088
-23.2279,3004,5687.014608
-80.540531,2199,5691.370871
-1061.975572,2159,5695.677024
-14.174553,3049,5701.339517
-1660.31067,1824,5705.148418
-53.482419,2190,5709.537057
-817.234216,600,5711.435433
-4506.40399,1693,5714.12121
-99.014539,2183,5718.487728
1498.205232,9786,5737.857071
-1054.989556,2276,5742.405526
-2146.276081,1442,5745.626559
-1382.625024,2089,5749.826058
-1260.71321,1514,5753.156741
-232.820403,980,5754.742311
-86.966803,2707,5760.796516
1075.999287,14297,5788.529452
-1106.342804,2558,5793.456652
5427.295246,17435,5827.237159
-1097.363827,2485,5832.967154
92.917379,2489,5837.789102
-25.011882,2823,5843.13585
-135.223256,1253,5846.087648
-4409.393204,399,5846.759642
-7975.705678,2003,5850.848956
-57.386248,3035,5856.520778
-126.642471,1490,5859.840525
-901.251925,2464,5864.608397
-768.022983,7383,5879.482233
-12.952274,1997,5883.597963
1052.899152,7330,5898.463151
-91.351521,2299,5903.033772
-448.353862,2161,5907.363519
-155.262717,2119,5911.604276
-188.18121,910,5913.08544
-22.460497,2523,5917.977155
5578.905799,17267,5952.462142
-4.795439,2131,5956.754673
-96.421857,8799,5973.90803
-10.821327,2968,5980.358349
-2145.748458,2546,5985.244922
-29.003188,2541,5990.12292
-497.821985,3437,5997.237473
-15.276169,2564,6002.175551
-630.075353,2011,6006.257914
-8080.198088,1849,6010.052819
-1140.092877,2766,6015.235459
1657.811369,9960,6034.769485
-1925.597407,2300,6039.321113
1.877019,2510,6044.155869
-181.135098,2156,6049.371314
-147.163733,2749,6054.593411
-37.793658,2163,6058.939506
-155.539188,1921,6062.898169
-6438.593364,12164,6086.437918
609.008734,8934,6103.712331
-8735.118671,1562,6107.102854
-27.036526,2255,6111.550967
-99.155215,1952,6115.507444
-2339.003538,1848,6119.315498
-89.163647,1925,6123.223557
4805.839971,18074,6158.200934
4.182842,2356,6162.781293
-23.118713,2858,6168.138201
-181.537875,4022,6176.039272
709.735186,9372,6194.908152
12.475804,3304,6201.037714
26.945963,4885,6211.248363
2010.135098,9915,6231.171753
5129.694179,17539,6265.11844
-1102.431506,2027,6269.250734
-74.431714,2286,6273.797462
4819.433288,18158,6309.401524
-3314.341028,2150,6313.73328
-87.102657,1821,6317.531335
-8.20393,2631,6322.53907
-32289.688974,1278,6325.503754
-71.300546,1975,6329.590269
-1798.861597,852,6330.975999
-1288.135294,2882,6337.329328
-208.879555,2491,6342.161371
6062.504813,17424,6376.361305
-2010.114664,2280,6381.827587
73.654795,3434,6388.095769
10.291707,2061,6392.340124
1819.179629,12117,6416.092545
-40.134246,2870,6422.485558
-73.271006,2175,6426.830114
-37.499573,2338,6431.475139
-1410.122722,1927,6435.497871
-29.847949,1739,6439.289008
-230.995513,988,6440.896537
-105.074827,1691,6444.571468
993.586019,8200,6460.928734
-18.743442,3308,6467.97299
-98.963112,1375,6470.230986
1558.62336,8969,6488.49155
-2241.181476,1781,6491.292028
-99.706262,1380,6494.422202
-2133.794076,2111,6498.64873
-53.107659,2615,6503.652305
1163.29641,8673,6521.241015
1644.735402,7830,6535.914549
-24.89868,2525,6541.727041
878.51517,9556,6560.168876
-43.429709,2838,6566.514119
-1216.322849,1854,6570.382381
-127.302696,1408,6572.664179
-81.158801,1686,6576.297528
-46.674917,2352,6580.958279
-267.103992,1116,6583.689508
-3415.063059,8424,6600.407256
-60.437154,2427,6605.154729
-30.823989,1843,6608.990681
-202.13129,1076,6611.642146
-2550.939048,1809,6614.523796
-215.955566,6517,6628.039497
-40.212652,2760,6633.321362
-54.452104,2378,6638.039914
-49.812097,2781,6644.310241
-1322.764133,1910,6647.326692
-2129.60785,1929,6651.339322
-78.601284,2264,6655.821919
1719.920017,11838,6679.500602
-231.565412,908,6681.929656
-13764.94487,1599,6685.442527
-2862.965462,2472,6690.283055
81.612175,3264,6696.268614
-37.134839,2415,6701.017431
-67.051571,2520,6706.899198
-18.688441,2043,6711.052765
-21218.522843,358,6711.662412
-46.864761,2723,6716.792398
-2041.307754,414,6717.487638
-110.403189,1608,6721.012823
-98.39749,1943,6725.021464
-70.749069,3186,6731.807889
-68.792924,2286,6736.29167
-71.72939,2160,6740.62468
-237.191469,1004,6742.225711
-40.396439,2068,6746.37259
-3282.921337,2342,6751.902708
-16.947398,3278,6757.906811
-150.117326,1079,6760.574387
-44.644348,2917,6766.074844
-10710.610965,1697,6769.666676
-2517.245171,351,6770.263776
-283.707323,1078,6772.889424
-114.839608,1961,6776.891247
-74.257924,1487,6779.294509
-71.787227,2891,6785.626782
1358.526152,7525,6799.875887
-54.845189,3007,6806.444072
-1746.846959,2104,6810.681019
-9105.730365,3110,6816.322856
-502.50319,3405,6823.449562
-60.714019,2213,6827.808705
-116.573802,1668,6831.408752
-158.039963,1158,6834.190162
-69.769985,2308,6838.757942
-3003.226451,1523,6841.180381
-3472.630597,367,6842.723485
-115.957417,2290,6847.242664
-69.993797,2669,6852.284509
-69.846096,3127,6858.976178
-873.939017,8614,6875.771894
-161.860347,1129,6877.566908
2423.70364,9983,6897.38549
-395.033675,2469,6902.144618
-1382.308272,2658,6908.114243
9.101977,2349,6912.699239
-104.909199,2705,6917.847665
-1936.575266,378,6918.480419
-47.656272,2704,6924.509727
-17206.291231,954,6926.047651
-50.196776,2556,6930.961328
-36.238537,2830,6937.199572
-135.246385,1326,6939.288974
5366.342697,16938,6972.706928
-1598.816245,1677,6975.37589
-188.666213,1142,6978.108044
-25.545784,2794,6983.359564
-35.169828,3267,6990.255662
1335.279721,9316,7008.941696
-53.955878,2468,7013.706192
-244.03284,931,7015.190671
-55.037754,1904,7019.123868
-2393.234372,1833,7022.926508
6.541423,2029,7026.983921
-1471.111106,2539,7031.863975
-28.035012,2113,7036.086025
-99.040514,1808,7039.839241
-118.476837,1829,7043.616265
-82.389021,1883,7047.498243
-43.159378,2367,7052.105446
-436.645527,2627,7057.062543
-2788.190086,1880,7060.919948
81.21032,2626,7066.825728
-1104.573721,1718,7069.539475
523.199081,7618,7084.805233
4956.56181,19750,7123.012047
1901.694634,7022,7136.519805
-1861.581017,1610,7139.976918
-186.118625,1101,7142.626757
-69.908248,2296,7147.141022
-16.195443,3295,7153.174221
-114.471419,1486,7156.464847
-1149.362161,1709,7160.073476
-38.033444,2431,7164.766509
-7.616553,3370,7171.846411
-44.7526,2504,7176.669812
-60.802708,2405,7181.401086
-197.195731,1014,7183.975053
-150.282012,1805,7186.901304
5567.390881,18751,7224.287977
-56.532778,2815,7229.585177
-4.119655,1610,7233.046839
-89.472793,1642,7236.610407
-219.702266,964,7238.138575
3003.443938,11822,7261.453892
-72.389246,1671,7265.058123
-897.994363,1803,7267.938108
-57.729921,1895,7271.879955
-35.278953,2882,7278.217671
-450.161404,2725,7283.355644
-724.43022,9447,7302.308538
-1195.326047,2377,7306.944381
-36.75665,1866,7310.786997
-2556.868451,1799,7314.532733
202.482803,8597,7331.350074
-29.672076,3407,7338.447478
-82.731348,2324,7343.042967
724.439372,10795,7363.793186
-170.001058,1286,7366.796032
-84.455383,2801,7372.086875
-1011.328289,1768,7375.799542
209.803365,11355,7397.392633
-84.095183,2649,7403.3709
-55.750371,2197,7407.703471
-150.748349,1501,7410.135375
-3172.016342,1595,7413.574639
-1316.041483,651,7415.534659
-159.32822,1110,7417.330412
-1256.405964,1806,7421.083608
-129.925957,2105,7425.267201
-39.184314,3543,7432.586927
-59.203632,2271,7437.005523
-287.494396,868,7438.400786
-108.911829,1266,7441.356002
-49.695658,2269,7445.824289
-215.258169,911,7447.289342
-321.977557,4214,7456.550268
-456.817722,6031,7467.582156
-46.81536,2485,7473.32345
-123.994251,1666,7476.912103
-106.818834,1730,7479.668677
-76.373231,2949,7486.041047
-76.600704,2204,7490.410946
5114.150704,16178,7522.035379
-180.498081,1685,7525.664968
2259.343238,8111,7541.810579
-5436.103746,658,7542.886792
-129.593505,1303,7545.928435
-1131.469091,1768,7548.718679
-53.397392,3538,7556.082874
-10304.553688,790,7557.349817
-65.141718,2370,7562.896878
-18.253906,3100,7568.647192
-70.300799,2572,7573.59242
-21.099145,2431,7579.207071
-14836.38394,362,7579.820148
-47.622016,2269,7584.290675
-84.153667,1466,7587.578619
-145.545226,1003,7589.203031
-80.17114,2202,7593.562221
-86.810083,1704,7597.231891
-87.102173,2187,7601.557946
-272.371049,749,7602.774753
-2396.077917,380,7604.327522
-2734.415652,1291,7606.358871
-48.397645,3132,7613.028731
-15.706046,2589,7617.987517
-1215.114766,1951,7621.970792
-190.998799,913,7623.431911
-410.777456,7621,7638.674081
-35.000868,2807,7644.829155
10.323968,2344,7649.416237
-411.74072,626,7650.427315
-13.100033,2096,7654.612405
-146.725179,1632,7658.093381
0.418215,2089,7662.298609
-2549.594699,366,7662.917943
-18.32604,2110,7667.157625
-1482.550232,1500,7670.460828
-124.86615,2857,7675.941062
-98.261702,2308,7680.637097
-40.181666,1976,7684.689118
-2089.267983,1975,7688.782476
-128.950716,1230,7691.716685
-2275.597809,1885,7695.63187
-10.344172,2329,7700.233259
-41.20105,2617,7705.314021
-141.106216,1564,7708.722342
1570.111603,9619,7727.983198
-1440.91102,2273,7732.457376
-68.098979,3008,7738.035576
-236.086971,1054,7740.642042
-94.384706,2070,7744.818225
-140.000168,1638,7748.312535
6002.190716,17139,7781.466697
-131.86576,4346,7789.835216
-118.252986,1231,7792.735939
-1686.31588,1830,7795.608079
-10.260313,2344,7801.069845
-227.995646,2372,7805.674461
1490.359568,6516,7818.315463
-2682.530113,1705,7821.991533
-1680.456121,1773,7825.705326
-2359.559591,6796,7838.815487
1722.769662,9116,7856.362293
2437.433834,10966,7878.63656
-50.375339,2918,7884.173668
-543.677052,1774,7887.901662
-23.976816,2232,7892.350392
-664.013782,2602,7897.330677
-266.534586,880,7899.677464
-21.005359,2349,7904.298671
-7742.054633,1420,7907.491051
-1199.373188,1871,7911.368123
1194.350634,7942,7927.134521
-110.285823,1842,7930.046631
-110.530028,1698,7933.670477
-26.835054,2455,7938.443252
-245.842927,989,7940.962807
-188.780113,1044,7942.634952
-1747.27213,2608,7948.506341
-1064.447695,5834,7960.229868
-8847.705503,994,7961.836063
678.703629,9402,7980.599905
-1864.114707,2882,7986.05271
-1778.217046,2930,7991.562207
-2184.056139,1065,7994.207515
-7.67194,2027,7998.360355
-74.492963,2902,8003.817184
5826.435038,16739,8037.4995
-5705.650216,2385,8042.175464
-110.3519,2238,8046.654814
5650.722579,15414,8076.498634
-973.435089,1947,8080.532583
-83.032536,1580,8084.004363
-810.163108,920,8086.434501
-16.953072,2205,8090.810996
-97.95701,1730,8093.573927
-46.84085,2882,8099.926626
-10746.650684,11481,8121.845133
-48.331918,2896,8128.277765
-7996.118212,2256,8132.770789
-38.960979,2672,8137.917846
-154.943447,2542,8143.718876
-741.588951,2072,8147.886804
-19.164505,2150,8152.22162
-2011.344095,3045,8157.851934
-2852.937764,1611,8161.297441
-77.393122,1974,8165.302283
-14695.667049,11612,8187.28599
31.007708,2136,8192.491372
-44.02775,2584,8197.539376
-38.436172,2284,8202.094124
-195.93998,4405,8210.739239
-231.248822,852,8212.135138
-5049.210291,10000,8232.003609
-254.063557,848,8234.336286
-50.278452,2688,8239.4883
-218.117413,4223,8247.847613
-3358.321682,998,8250.40223
-24.384003,1975,8254.484665
5761.433875,16678,8287.600811
-2621.868096,1867,8291.540898
-495.586191,842,8292.903683
-775.255185,1828,8296.756179
-122.20748,1703,8300.381799
-12.682855,2440,8305.117173
-1488.597285,1657,8308.683401
-218.737212,908,8310.142581
-3495.769745,1784,8313.887178
4.945018,1763,8317.581477
-2533.6638,1546,8320.953692
-20447.825931,793,8322.241511
5855.504912,15663,8353.382526
-31.316894,2222,8357.818444
-3815.693651,1996,8361.895138
-1771.732583,2115,8366.165563
-1518.720014,2163,8370.506442
-1959.186209,1704,8374.15011
-54.357436,2423,8378.879764
-12.350514,2303,8383.423943
-10836.097043,826,8384.745383
-1037.728726,2365,8390.340921
-1920.588894,2342,8394.926976
-74.547343,1987,8398.987888
-3613.41444,1609,8402.497556
-87.570772,1509,8404.926122
-1791.458832,1868,8408.793671
472.688732,7636,8424.183446
-2323.617715,2051,8428.380124
-139.834619,1518,8431.707723
-2114.461239,1441,8433.998496
-4492.752545,11076,8456.208189
2018.925972,11978,8479.948405
-3842.072011,3485,8486.240601
-717.151239,660,8488.253559
-3139.823052,1164,8490.121281
-233.578488,718,8492.221468
-1287.036195,1881,8495.245347
-109.353243,1736,8498.955072
-18.711571,1906,8502.879765
-15.229464,2388,8507.598229
-235.715326,972,8510.098321
-268.158578,868,8511.51018
2.186334,2342,8516.099171
-218.385695,3697,8523.631124
-1631.068695,1990,8527.691244
-2132.865011,946,8530.131942
-30619.228672,869,8531.539766
-1344.979441,2227,8535.937695
1277.496053,7771,8551.466175
1570.435936,6879,8564.765774
-1345.46807,1345,8567.892623
-191.043709,1156,8570.682538
-76.332727,2280,8575.172474
-2131.652121,658,8576.258241
268.466841,5150,8586.928308
-1992.477428,1906,8589.963254
2.196747,2952,8596.488064
-239.717998,955,8598.042005
2003.551421,8593,8615.805819
-9217.969232,366,8616.423377
-4826.566873,872,8617.824532
-46.323079,2946,8624.312316
-23.884187,3323,8630.405689
-569.712989,3734,8638.061247
-74.068385,1786,8641.853743
-111.832722,1654,8645.412931
-29.455724,2333,8649.957033
5456.718724,15185,8679.426713
-114.696257,1577,8682.879664
-1823.839207,368,8683.504417
-45.013006,2441,8688.221622
-1480.707238,1755,8691.930394
-217.225554,2649,8697.895157
-77.717157,2536,8702.79254
-911.385652,1717,8706.438067
-2296.122142,437,8707.174776
-21547.65261,865,8708.572176
1324.237246,8920,8726.638794
-11291.217435,2865,8732.038315
-41.769466,2448,8736.800353
-2188.590311,2329,8741.372398
-59.261429,1783,8745.175084
1420.826234,9893,8764.613868
5519.057938,14330,8792.90746
-4.303436,1902,8796.855453
-9.450388,1928,8800.846907
-2396.978953,2750,8806.038544
1877.980908,13277,8832.178511
-1768.036463,1797,8835.94053
-216.827595,971,8837.511967
-6853.384133,838,8839.784587
-829.869149,2120,8844.000084
-1045.289283,1930,8847.049267
-3247.259262,1762,8850.74536
-125.513882,1498,8854.027125
1614.169115,11455,8876.508278
1121.735449,7781,8891.093632
-18.839924,2188,8896.357949
-24.171764,2508,8901.142627
-73.195201,1737,8904.834025
5149.605179,17085,8937.81014
-120.649515,1649,8941.3185
-816.406218,713,8942.475546
-11117.217577,354,8943.075867
-1337.5459,2107,8947.269504
-1830.870565,2105,8951.467862
-61.583231,2267,8955.934977
-101.264423,1983,8959.930173
-2.237996,2104,8964.124794
601.519668,8013,8979.794266
-1149.097271,1515,8983.127205
-2743.224226,2054,8987.266216
-4897.139029,889,8989.63787
-78.8814,2299,8994.150433
-235.954877,689,8995.276072
-1214.742752,1961,8999.277303
-3289.466718,1548,9002.670531
-2424.912363,3004,9008.239902
-596.873504,2494,9013.055546
-1645.54407,1279,9015.990888
-1252.405879,1487,9019.267328
-14.292117,2033,9023.347939
-1868.598664,2808,9028.576628
-89.234475,1826,9032.358672
764.947659,8364,9048.542446
-3435.134735,1731,9052.176615
-412.767994,2098,9056.386323
-18.758831,2049,9060.500543
-84.580373,1955,9064.483718
3.530285,1814,9068.256365
-890.828004,1674,9071.834899
-1313.863845,3001,9077.356177
-45.477871,2265,9081.812287
-2948.210765,1808,9085.587988
2580.127785,9111,9104.020592
-20.810083,2284,9108.541008
993.822926,8441,9124.925487
-45.369951,2184,9129.276042
-2789.272083,1450,9132.475461
1184.872209,15781,9162.071744
-9.635639,1838,9165.85756
-1622.264761,1866,9169.749759
2971.828088,13389,9196.18927
-948.440462,1296,9198.271594
-5634.776174,9380,9217.167064
-2572.446242,1632,9220.705444
14.202438,2337,9225.269536
-1604.212822,1646,9228.832565
-1413.029926,1633,9231.451885
-12.462764,1770,9235.160753
-4.844607,2701,9241.236192
-2286.439647,1908,9244.237578
-2254.963996,2001,9248.330436
1140.13996,8534,9265.886909
-234.183578,718,9267.059297
3218.726326,18191,9302.673055
-97.079794,2058,9306.828677
-3584.045274,1561,9310.231331
-1641.390808,2533,9315.060559
-64.040699,2445,9319.787041
-1210.526878,2227,9324.165517
-27.287607,2798,9329.367625
-20.2414,1484,9332.632331
-3239.14953,600,9333.632557
-86.623254,1046,9336.204979
-2411.12528,2131,9340.510303
-944.158752,1719,9344.101452
-69.361884,2071,9348.215064
-44.131843,2256,9352.622233
207.220487,12930,9377.241708
-321.565239,536,9379.021075
-1023.021702,1284,9381.076048
-2470.389348,2333,9385.62735
-1864.175575,2615,9391.466607
-1.291168,1799,9394.315165
-8525.514545,11194,9416.444362
-21.519433,2543,9421.369833
-14072.305947,999,9423.882337
-605.498339,1856,9427.758882
-20.567035,1432,9430.048077
-1234.434723,1780,9433.775749
1733.217623,7822,9449.255615
-3124.442259,1853,9453.133597
-0.592755,1824,9456.923191
-1858.55052,767,9458.165261
-282.760571,885,9460.479691
-1464.131095,2127,9464.738276
-1555.422738,1833,9468.551983
-330.669211,2351,9473.143296
-1481.516199,1603,9475.664762
2039.264488,10724,9497.385835
302.221558,3209,9503.268003
151.045792,2795,9509.402163
4231.066092,20458,9548.73644
-6282.408767,1400,9550.966647
-155.064096,18421,9585.965577
-503.282652,575,9587.831794
-38.061709,1946,9591.854189
194.718687,3058,9597.55339
-2888.322848,1081,9600.213425
-33.566206,2212,9604.626378
-6385.448867,1902,9608.559602
-1723.665643,2270,9613.080834
408.619693,4636,9622.07611
-1166.813807,3342,9629.068324
161.810083,3878,9635.963529
-2878.503895,1904,9639.878366
3127.191652,17216,9673.932165
-2355.946317,1656,9677.512739
-36041.456176,375,9678.152211
-9.078917,1996,9682.234345
-5803.024984,548,9683.145899
-68.217936,1990,9687.202853
5281.673007,19371,9724.360374
-5636.884373,1196,9727.211337
648.339493,9819,9746.590697
-408.922039,940,9748.093138
-49.884838,994,9750.605135
-4048.258396,2314,9755.132786
-57.476279,2416,9759.841097
-1990.201385,2056,9763.966691
-109.454665,2647,9768.980358
378.316496,7276,9783.620226
1365.578422,7441,9798.68112
-1487.900223,1917,9801.719643
6.265985,2014,9805.813334
-9186.543099,796,9808.034551
-1526.880477,3258,9813.972286
-153.796302,926,9816.385405
-4.157314,1981,9820.418612
-13.227623,2289,9824.920093
-50.359531,2181,9829.239289
-3314.169987,2182,9833.589166
-44.043449,2084,9837.752072
-1107.557325,2076,9841.931541
-2286.63271,1515,9845.251834
1011.206571,7425,9860.120394
-40.490558,2060,9864.257948
-4190.981228,1789,9867.072572
1791.981937,8933,9885.077992
570.565664,8187,9901.161548
-112.475223,1439,9903.451943
2471.084922,9377,9922.357983
-723.698794,13512,9949.144505
-230.272434,913,9950.604508
-388.760893,2693,9955.74651
-66.539449,1831,9959.580213
-1962.868911,404,9960.281085
-322.317042,2652,9966.381081
-2204.581413,1644,9969.948391
-10194.923372,1123,9971.757595
-5985.676813,1616,9975.242642
-26.659226,1705,9978.861397
-85.828534,2491,9983.697482
-1295.838534,1872,9987.56244
235.189127,7517,10002.41721
1641.146938,8109,10018.31502
-2520.226574,1437,10020.60873
-1315.022434,1653,10024.123144
-1240.957196,1986,10028.152596
-806.158432,2004,10032.208527
3.847835,2189,10036.568115
-2255.637392,2394,10041.226069
1092.686286,12340,10065.245955
-2406.193174,2486,10070.017298
-1772.004697,2095,10074.227466
-2409.199784,1822,10078.016086
-2847.62611,363,10079.558848
-6148.484657,543,10080.457799
4291.132492,25000,10128.363523
-3045.762607,1965,10132.370923
-0.738605,2019,10136.450204
-20129.428858,1667,10139.979337
-1311.835218,1428,10142.243763
-1502.95601,2074,10146.389183
-80.877309,2120,10151.532639
-501.757794,853,10152.890164
-2945.416271,9387,10171.865565
-3142.527992,392,10172.594579
-2158.652805,361,10173.210729
-646.573058,9342,10190.924681
1449.490294,13019,10216.718527
-926.96571,1411,10218.949907
-1214.441242,673,10220.970061
-175.720366,2496,10225.743902
-2300.88942,1632,10229.220464
-13.468243,2650,10234.241752
-44.181297,2843,10240.494802
-67.426625,2036,10244.591942
-957.500453,1688,10247.257334
-9741.724206,866,10249.568793
-122.57483,2006,10253.653036
5580.147421,15627,10283.777374
-38.685567,2401,10289.345573
-82.170478,1988,10293.385158
-6879.077429,1020,10295.024132
-44.202653,2469,10299.765487
-2391.55183,2186,10304.069174
-690.141666,2129,10308.281177
29.140449,2734,10314.365372
1412.55568,6584,10327.065919
-54.673947,2088,10331.254917
-59.636035,2711,10336.338933
-238.629488,808,10338.553964
2053.847624,14704,10366.865262
1663.006713,6862,10380.138865
-1742.560117,2331,10384.662202
-95.395195,2173,10388.960936
433.813495,6989,10403.139797
2117.506199,8224,10419.37648
4942.393149,18415,10455.20428
-786.897244,2196,10459.563562
-188.261963,2748,10464.701107
-44.923808,2200,10469.08185
-67.648409,2367,10473.666106
-5320.530789,1688,10477.261281
-67.892935,19251,10514.446814
-1848.384497,1055,10516.135174
-2571.135874,1540,10519.522857
-14.696845,2026,10523.615465
-1758.412815,988,10525.212803
-283.609905,2095,10529.400059
-98.044209,1740,10533.02819
-4.587996,1585,10536.453187
-299.037026,25000,10583.482716
-322.205158,819,10585.739111
-3395.48401,1771,10588.550929
-228.213602,2311,10594.023104
-1234.658587,1161,10595.865852
5679.104076,20442,10635.535977
589.033592,12149,10659.329151
5726.110231,14404,10687.694668
-23.324165,2157,10692.027386
2410.652205,8291,10708.390888
2.173219,2918,10714.737141
-253.29264,943,10716.25339
-46.341909,2422,10720.935345
-20.361415,1956,10724.97161
-1508.923092,2469,10729.758016
-1955.995425,2703,10735.748671
-3.17621,3021,10741.340354
-2171.876409,4930,10751.607686
-54.472656,2040,10755.727948
-59.634346,2170,10760.045553
-16.660823,2649,10765.075029
-1480.208514,1961,10769.069743
-85.179635,1763,10772.808249
5802.30084,15254,10802.463327
865.294687,8958,10820.808163
-1982.846483,2215,10825.273805
-4517.79856,2103,10829.476675
-30.38888,2355,10834.078531
-252.794556,810,10835.391296
-671.331938,876,10837.744663
5248.900477,17704,10871.749115
-1094.425649,2322,10876.31634
-5612.189257,1686,10879.904799
-51.643677,1981,10883.893178
-41.161591,1864,10887.741198
-31.593646,2016,10891.798343
-79.397165,1526,10895.105807
-103.078386,1821,10898.855909
229.141985,9204,10916.439264
-1005.570484,1917,10920.382204
-4090.698007,1656,10923.942506
5389.501223,20710,10964.395904
-46.075361,2533,10969.292218
-7080.295316,10270,10989.580811
-47.733652,2298,10995.043327
-1666.289111,7831,11009.909292
-36.555559,2491,11015.655127
-413.78366,2445,11020.461245
-990.119638,1835,11024.365187
-78.261782,2318,11028.973728
-148.898853,1665,11032.567918
5288.467334,15163,11062.203039
-954.908222,9436,11081.312263
-3170.282073,2074,11085.525797
-38.707036,2237,11090.019268
2078.41034,11889,11113.597507
1227.203084,8059,11128.785072
-69.088752,2025,11132.971667
-27.592142,1851,11136.857318
-54.901689,1980,11140.945414
-61.380087,2287,11145.516184
1896.389421,11730,11168.882466
-2005.098969,8852,11186.242466
-47.51325,2343,11191.836068
-51.715301,2381,11196.52321
704.868694,7515,11210.83572
-13.861491,2161,11216.149956
-6009.856698,12670,11240.792755
-24.227911,2938,11246.359277
-5802.952635,2249,11250.855868
5142.246336,19122,11289.252993
5912.68598,20918,11330.307778
1919.731965,10110,11350.4403
-73.347278,966,11352.008315
-1236.559652,13628,11379.268615
-34.868151,1968,11383.312865
-3326.820586,1741,11387.025638
-84.147549,1609,11389.574242
-44.184967,2137,11394.840096
-1692.71919,2484,11399.720993
2769.863134,14932,11428.496835
-221.79093,925,11429.976794
-42.931245,2058,11434.135183
-38.112123,2121,11438.36453
-229.972729,1120,11441.055981
-1059.2932,2150,11445.316088
-2040.556587,1945,11449.257485
-3623.286618,3401,11456.286826
5828.112115,17116,11489.733845
-49.099363,2315,11494.349967
-99.444858,1835,11498.210379
-7857.884564,854,11500.526458
-20.645684,2394,11505.253222
578.398015,8684,11522.402023
-96.409191,3176,11528.339375
5827.339021,16154,11560.660537
-107.343083,1661,11564.233215
-1620.671632,2423,11569.01497
-18442.442859,383,11570.598317
-8858.454862,1815,11573.486023
-758.619464,1795,11577.302144
-61.828745,1927,11581.332983
-33.54362,2512,11586.234808
2.327325,2901,11592.693358
-1652.240526,9432,11610.91807
-80.353737,1918,11614.920105
-66.070821,2244,11620.37742
-60.636792,2207,11624.821268
-233.886378,2514,11629.716636
5683.894353,17062,11662.708702
5521.937154,14063,11690.793483
5465.361619,14802,11719.906082
-45.707059,2512,11724.823047
-27.834971,2847,11731.233485
-7258.592757,2386,11735.940815
5678.661704,14728,11765.125965
-50.200319,2256,11769.670401
-276.472089,3438,11776.812853
-3654.362574,2149,11781.106748
-54.256977,2752,11786.313455
-800.910329,2225,11790.753326
-3028.537137,2542,11796.461341
-82.845085,2090,11800.67806
4672.741751,17330,11834.183922
-142.729473,1387,11837.325755
-7366.985609,1059,11839.033862
5437.920628,18368,11874.857654
189.447617,2823,11881.077621
-43.823641,2190,11885.430976
-3235.049652,2049,11889.541474
5970.482964,15887,11921.132827
-3996.837918,1712,11923.857965
-783.867514,826,11926.123487
-26.432627,2634,11931.182305
-116.317222,894,11933.52947
-525.462163,2224,11937.96153
-88.674152,1747,11940.7087
-36.811474,2268,11946.068467
-879.58012,2079,11950.22103
-2713.655314,603,11951.206752
5712.997022,15249,11980.59167
-60.486889,2118,11984.858205
-11114.73748,1924,11988.821044
2609.517608,11316,12011.340621
-3439.877284,360,12011.961822
-8561.440741,1579,12015.389487
-1826.061601,4621,12024.224422
-1483.22912,3399,12031.275901
3957.279819,25000,12078.84378
-1362.997164,2323,12083.433214
5700.514578,15810,12114.533463
5403.611896,25000,12162.527928
-25.862598,2841,12167.866768
-212.928759,957,12170.31564
-167.209455,2742,12175.508099
-32.380925,2453,12180.227771
2568.334688,11539,12203.14503
5655.137316,14670,12231.812966
-116.371984,2179,12236.13908
-20.352761,2972,12242.617515
-49.942778,2461,12247.362894
-43.973278,2632,12252.433524
-10.987253,2522,12257.377582
-30.4657,2835,12263.648118
-1395.121277,2409,12268.333417
-22112.788978,1697,12271.951974
-61.601345,2187,12276.317504
-3190.978713,2315,12280.904258
-3437.086339,818,12282.239897
-1560.489926,1992,12286.339884
-85.085814,2137,12290.654511
-5726.882036,2139,12294.984808
-41.318358,2184,12300.318493
-415.817165,2053,12304.502454
-46.122105,2296,12309.033773
-1844.075665,361,12309.655306
-82.646171,2301,12314.197042
-48.643074,1986,12318.294456
-101.329287,2124,12322.605259
-64.317532,2524,12327.518048
-27.34117,2088,12331.746804
-34.974327,2597,12336.7184
-4388.217913,10911,12358.952713
-37.469991,2756,12364.209596
-107.992292,1785,12367.986555
-4688.057601,1902,12371.947598
2446.713216,11578,12394.957134
5606.660186,14368,12423.64006
1937.524512,7605,12438.32777
-974.072876,762,12440.526239
-36.464125,2025,12444.669679
5547.580467,25000,12493.439504
5776.341444,23939,12540.178504
-3008.219149,357,12540.836478
6305.703096,23436,12585.94067
-69.522755,1998,12589.953314
3.843971,2205,12594.345643
-96.70091,1694,12597.929197
5884.755495,24120,12645.263672
5686.102615,13826,12672.877837
-20.959819,1947,12676.934162
-2762.109251,2024,12681.103972
-21082.079486,1687,12683.785131
5750.926343,14540,12712.313066
-9417.314313,1640,12715.901111
-3239.711192,4153,12724.206349
-2926.258395,728,12726.333802
-312.31313,921,12727.82289
3865.212435,19111,12764.949978
-2399.689382,1791,12768.755991
4128.969713,25000,12818.138967
5710.638771,16706,12851.321524
-41.553569,2029,12855.493071
-42.988375,2529,12860.389985
823.144051,9697,12879.956726
-1294.533496,850,12881.319418
-57.050177,2380,12886.019714
-44.912195,2002,12890.113583
5852.826058,16251,12922.404043
-879.980071,2555,12927.389483
831.129661,9733,12946.728914
-47.495751,2733,12951.925667
-62.403041,1828,12955.72878
-73.088401,2527,12961.533369
1146.037044,8665,12978.442531
-60.361273,1831,12982.308948
-44.850211,2316,12986.85057
-289.91086,808,12988.154512
5255.751659,16562,13020.520743
-104.494721,2098,13024.782356
-10907.424285,1973,13028.858783
-52.875456,2300,13033.400167
5910.248709,17222,13068.046455
-10.363784,3081,13073.852265
607.387892,7472,13089.260003
-2418.820638,2220,13093.753824
-1731.573253,1810,13097.560151
-3362.075881,2442,13102.266562
-48.522896,2020,13106.329042
-2811.811037,2812,13112.509494
-1986.840783,365,13113.127937
129.923536,4369,13121.551634
3052.429252,13737,13148.909908
-734.72069,3308,13155.030799
-13.776795,2650,13160.101193
-300.327475,838,13162.365682
-115.631785,1859,13166.263944
5283.608211,23073,13210.551633
4281.091148,16506,13242.760019
5486.419441,14497,13271.302488
-1344.551124,2559,13276.255747
4980.110703,16642,13309.902222
-198.610603,936,13311.420323
-53.393601,2808,13316.799005
-737.177371,1844,13320.655876
-1087.319801,2563,13326.450595
-89.2197,2900,13331.955425
-31.798907,2368,13336.620089
-802.768501,1950,13340.583907
-3971.669865,2495,13345.417106
-441.798368,3319,13352.482063
-20.421874,2705,13357.630205
-1313.133077,2077,13361.80456
5616.387218,13595,13389.078501
37.968433,3889,13396.928697
-1494.925264,1911,13400.870693
6.260134,2455,13405.685451
-52.13909,2149,13410.002242
-6604.810006,354,13410.607904
-400.509633,2589,13415.585199
-55.99541,1774,13419.347961
5356.621305,17221,13453.821891
-118.903709,2143,13458.097713
4602.568266,25000,13506.112506
-54.622775,2322,13510.680453
-278.832784,1124,13513.383315
-276.32853,2584,13518.30604
-1181.492104,2394,13522.929258
-112.439374,1705,13526.515604
-94.836573,2160,13530.812258
-5892.74966,341,13531.385962
-1595.631152,3213,13538.155782
-109.120833,941,13539.64717
5174.528936,25000,13587.802107
-60.977303,2159,13592.131927
4541.40805,18186,13627.564945
2408.115661,11574,13650.478991
5364.878457,19171,13687.380168
6178.920551,23171,13732.874399
-2068.661139,2138,13737.127595
467.045452,4792,13746.264015
-435.634738,2073,13750.413329
-2460.727021,2028,13754.451901
-1454.492245,833,13755.79418
6033.650232,23835,13801.980274
5534.616125,16995,13835.37752
-1182.445431,2143,13839.739292
3969.850707,18433,13876.254003
-1875.952893,2188,13880.677946
6121.863309,16621,13914.803522
2868.817379,17690,13949.495381
-1363.648782,631,13950.547134
-1926.567656,1968,13954.621053
-2820.804914,2257,13960.039378
-557.067454,847,13961.425839
-1130.421228,777,13962.707717
-270.5999,910,13965.121909
-65.782062,2213,13969.600886
6273.75548,20427,14009.985381
-1146.578569,2371,14014.65155
95.999524,3895,14022.58527
-4.796921,2616,14027.617392
5316.128619,17602,14063.27072
-18.614049,2748,14068.532428
-37.99378,2319,14073.136578
-2385.751931,2558,14078.149859
-2018.048493,2879,14084.496579
-52.979828,2391,14089.167256
-5039.843513,2332,14093.799817
222.323332,4382,14102.472566
-728.877227,784,14104.675294
-69.429331,2403,14109.396933
-1596.398449,2762,14114.702643
-3.167059,2699,14120.85607
-56.818282,2734,14126.174398
-263.787559,768,14127.456231
-6645.711812,977,14129.970078
5385.941853,14611,14159.038463
-1817.718494,1932,14163.06642
-7.994253,2439,14167.883418
-7945.271826,2733,14173.104856
-25529.831572,2583,14179.009067
-66.994609,2173,14183.407718
-4287.106387,1919,14187.428764
2680.698589,10193,14207.787722
923.746691,8530,14224.46854
6111.776139,16809,14257.714607
-60.238398,2469,14262.59742
5618.017204,13283,14290.014225
-3091.819898,2468,14294.845527
-6291.763851,355,14295.456002
5566.841414,15569,14326.489491
5869.725543,14733,14355.870085
-1267.159506,2884,14361.310052
-1955.791969,2026,14365.413893
5729.43077,14412,14393.880774
-353.894588,2904,14400.314055
-220.912707,2227,14404.743249
5673.871497,17373,14438.65862
5670.167299,13630,14466.237435
-35.011177,2486,14471.078489
6040.627242,15511,14502.377482
5722.530974,16383,14534.742701
-35.851626,2122,14539.047477
-16.776172,1870,14542.90997
5991.272464,18758,14579.48754
3654.39918,25000,14628.017596
2.516126,2670,14633.146567
-816.865597,3051,14639.685042
-3069.840171,1972,14643.71357
4472.998015,25000,14692.370198
5447.350414,23618,14738.225954
-41.162381,2103,14743.3902
4159.278309,21526,14785.045888
-17.021151,1837,14788.921202
-363.380699,901,14790.372715
-82.925442,1695,14793.984532
-175.803262,1794,14797.706528
-22.694356,2193,14802.084415
-2123.461358,2074,14806.270834
5214.650991,16681,14839.01093
-83.864321,2187,14843.394014
-1443.681819,1968,14847.430667
-6366.725416,1900,14851.399835
4905.754579,15689,14882.793874
4955.303079,25000,14931.550438
-56.858753,2089,14935.759621
-16141.226108,967,14938.265009
5200.00881,18505,14974.668617
5939.591817,15178,15004.44708
-9755.489963,1849,15008.32534
5044.639748,25000,15056.921779
-2066.126433,1904,15060.866594
-24.838023,2394,15065.560429
-1377.686787,2044,15069.716261
-68.121743,2251,15074.21507
-1897.388138,884,15076.562775
-5618.320281,2138,15080.861529
-446.249482,901,15082.32746
5636.056969,18688,15118.937702
-53.297577,2159,15123.326858
4344.20665,25000,15173.199279
1143.885522,8659,15190.347955
-3999.690845,2171,15194.797867
-36.218328,2383,15199.518982
-250.105503,854,15201.841661
-262.376104,2226,15206.310346
-343.972086,753,15207.545454
-5.863479,2500,15212.465096
-1576.775359,2343,15217.055034
-80.760536,2022,15221.166815
5939.649646,16386,15253.631158
-98.945324,1692,15257.299599
-84.474494,2347,15261.948391
-1666.234208,2161,15266.302348
-2404.948139,2779,15272.517984
6019.316849,23927,15318.667158
5605.162586,15252,15349.474704
-1042.707485,766,15350.714703
-375.655781,2232,15355.161335
-41.363671,2104,15359.406565
5762.573422,16814,15393.397446
-53.798397,2071,15397.64659
-223.221302,975,15399.24666
3248.09379,16562,15431.924668
5063.869485,18155,15467.812215
-108.202127,1824,15471.624803
-6303.939574,971,15473.160226
5050.130669,25000,15522.536523
-14196.054566,2200,15526.917666
-1342.155143,7625,15541.244042
-3572.451859,370,15542.791514
6122.916038,16955,15576.087293
-286.796818,994,15577.681298
-23757.630395,2425,15582.405653
-3662.088186,2522,15588.167396
-156.949856,1656,15591.710088
-54.333002,2374,15596.408053
-23.066655,2768,15601.649596
-912.845281,2652,15606.725811
-56.687301,2390,15612.346644
-8262.50157,2368,15617.033798
-1630.371014,2189,15621.440718
-63.035683,2563,15626.391832
-14.185746,2271,15630.913619
-2828.724804,2149,15635.230294
-1635.831115,365,15635.851648
-1758.124625,2073,15640.071311
-855.325152,8870,15658.241718
-2306.929402,2478,15663.058997
-13.127998,2565,15667.989299
-2389.315735,2941,15674.349461
5472.945959,16486,15706.814554
3293.291052,20834,15747.043946
-34.85834,1998,15751.1074
2.646695,2863,15756.476416
-1175.188787,2315,15761.019229
-65.988936,2255,15765.471966
5270.72876,20354,15805.613789
1110.98494,10802,15827.803788
-67.025243,2249,15832.288579
-133.341943,1920,15836.258367
5612.994724,15486,15866.492317
4697.26971,25000,15914.873941
874.457312,12560,15940.002137
5650.492695,18861,15976.426473
-70.706901,1997,15980.505057
-85.75513,843,15981.881529
-3779.440273,2237,15986.281723
-13.067606,2397,15990.922513
-4640.610379,2873,15997.184245
-1245.38429,1929,16001.114456
-23.088897,2466,16005.869955
-844.734132,2577,16010.802968
-2494.379021,364,16011.501794
5813.439138,17280,16046.038372
-122.021759,788,16047.32607
6132.196594,17703,16082.548505
-5632.628874,2020,16086.70207
-2298.859808,1836,16090.544114
4312.136011,25000,16138.974597
2945.700701,21044,16179.960137
4691.792674,15836,16211.385576
5821.159908,16954,16244.711887
5293.401657,15157,16275.170429
6078.65347,19339,16312.939739
-32.837094,2191,16317.293699
-99.565264,1942,16321.29541
3.291626,2794,16326.632285
-1654.60819,2776,16332.810765
5946.807981,14964,16362.36533
2654.63196,9073,16380.929843
-1067.155691,1862,16383.877748
-2068.591131,2276,16389.271623
5351.832124,15755,16419.912006
-1388.019931,2449,16424.655274
5781.118225,25000,16474.339356
5448.384087,16362,16506.550812
-1865.562514,2438,16511.311165
-3208.686684,364,16511.937961
-1873.237277,1665,16515.53283
-23.142964,2008,16519.642855
-1517.307664,2805,16524.94869
-40.568971,2331,16529.493382
6154.693374,18251,16565.616897
6013.773988,18166,16601.422732
-49.373104,2091,16605.638522
-1724.455761,2035,16609.760563
-643.85088,2003,16613.859361
-1912.807871,1990,16617.926724
5261.614398,25000,16666.729342
-49.183775,1899,16670.686283
5873.845421,20258,16710.365409
-1915.588957,5329,16721.272104
-122.211752,1685,16724.902494
5859.95663,15505,16755.036574
56.70276,2962,16761.499977
-296.265572,1605,16764.086708
25.496546,2679,16770.116107
-1312.744145,2272,16774.619815
-77.843628,2218,16779.037643
-2218.608205,1621,16782.536193
-23.215282,2030,16786.665719
-63.120105,2015,16790.745604
5131.075159,25000,16839.424025
-119.204831,1881,16843.352633
230.224762,4626,16852.298498
-2401.736036,2034,16856.461769
-1958.735696,1733,16860.107597
5651.660974,17257,16893.8921
5831.932454,21052,16936.019838
5914.274676,18793,16973.039652
5307.084137,23533,17018.803935
-77.063748,2155,17023.148696
5765.192399,21459,17065.910342
-78.294514,2266,17070.391899
150.884394,2783,17075.688005
5810.797604,15280,17106.213285
-77.310901,2599,17111.223602
-88.806369,1796,17114.99369
-4283.923918,1994,17119.074829
-99.33961,1440,17121.402664
-45.633818,2072,17125.6074
5259.220546,25000,17174.950799
-386.745524,3900,17182.772994
4868.230135,24155,17228.929163
5662.546415,15545,17259.905059
-39.515092,1815,17263.686305
-43.014721,2179,17268.004798
-8.00199,2388,17272.682233
-74.859155,1810,17276.466332
-37.869653,2005,17280.544782
-55.464372,2183,17284.871036
6156.116641,23763,17331.490886
-2015.070362,2532,17336.313353
5927.43718,15587,17366.442397
-85.384399,1977,17370.444344
-49.657327,2364,17375.90435
2587.985843,10943,17397.050321
-44.488441,4404,17405.824386
5307.46209,25000,17454.796994
-19.483582,1919,17458.793459
-1892.773381,2326,17463.384352
-1454.880203,1623,17466.932324
-9408.735571,1515,17470.318488
-3306.068293,1966,17474.391972
4402.082143,18903,17511.464906
70.935584,3105,17518.265985
3891.237195,25000,17566.689373
-869.634249,2255,17571.176154
5737.755454,24543,17618.803721
-1118.857079,2834,17624.115443
-118.360982,2108,17628.313482
-28.712541,1805,17632.079164
6029.414508,15962,17663.620331
5715.406718,18661,17700.13023
2265.948087,23040,17744.54842
3955.183038,25000,17793.93497
-2032.212498,1952,17797.062225
2031.051429,8791,17815.294514
-66.461392,1962,17819.333863
6301.383552,17637,17853.61637
3208.944779,11813,17876.931717
1319.792525,10977,17898.115379
-6.466113,2186,17903.447552
-8043.963843,843,17904.82871
-2298.008879,1782,17908.608841
-60.421838,1909,17912.548759
-3770.376534,1921,17916.507239
5104.897051,25000,17965.074131
5367.608171,25000,18013.982432
-1086.99962,1224,18016.886603
5805.273543,14163,18045.199253
5753.443999,13675,18071.494262
5551.383959,23942,18119.074317
6343.198055,23177,18164.648397
-1861.285912,1865,18168.605007
5053.219378,16399,18200.995085
6091.232827,23867,18248.311315
-37.016188,1817,18252.143728
4516.364347,25000,18301.49491
-5039.76375,1904,18305.475438
-3067.870399,1541,18308.894599
6496.973314,24080,18355.942501
-2355.298065,1728,18359.648347
5770.291139,14522,18388.434173
-1017.897661,2639,18394.49865
5997.729433,15163,18424.383471
5240.199271,22560,18468.848347
5500.485704,15989,18500.692302
-2574.388262,983,18502.280074
-1678.34207,1939,18506.293007
3880.769166,25000,18555.1699
-12.775175,2268,18560.614336
-1478.781788,2491,18565.442235
-90.661771,1621,18568.959003
6470.082451,19773,18607.640849
-55.985123,2117,18611.921044
-48.74615,1895,18615.84175
5110.678548,21060,18657.977095
6007.865639,17158,18691.945332
5744.08376,25000,18740.862248
5914.887018,15011,18770.045834
-1016.514174,2452,18775.748847
4135.636574,25000,18824.467325
1.858799,2783,18829.750486
-188.119353,2128,18834.049539
6154.378147,24117,18881.390562
5888.113892,14755,18910.377978
-862.856031,1671,18913.973459
5703.940686,18697,18950.522709
5678.650368,15323,18981.116817
-2551.179815,2170,18985.476803
-259.757596,2135,18989.798387
-5294.181312,3640,18997.217251
5705.599195,25000,19046.021222
-243.930115,1035,19047.675928
-285.173714,987,19050.175535
-79.396226,1704,19053.841075
-2306.394286,1095,19055.604913
-1387.992439,2768,19060.849824
-15.635928,2413,19066.436369
3397.774129,25000,19115.112083
-40.278338,2160,19119.451695
-1306.712263,2987,19125.027067
-105.988158,2116,19129.254956
10.17798,2966,19135.66724
-1317.129414,1001,19137.292374
-3077.837433,376,19137.927638
2.145773,2707,19143.986009
6058.983924,17257,19177.748626
5408.493967,25000,19226.236588
5061.877208,25000,19275.538379
-141.179578,4439,19284.185514
-16.060695,2147,19288.452566
5849.076132,15857,19319.674726
-17.653745,2438,19324.398659
50.672725,3189,19330.217415
-1384.886949,2494,19335.948853
5945.472122,15200,19365.233508
-37.986752,2123,19369.454283
-1836.389069,2200,19373.773369
6151.293353,16506,19405.537658
5920.667417,14650,19434.025529
4812.754102,25000,19483.191435
-1276.117453,2206,19487.549938
-722.023466,3077,19493.237127
4894.421467,25000,19541.485719
2181.698834,8261,19557.932179
5814.489978,17333,19592.458775
-1721.011078,2544,19597.35684
-1580.070729,1734,19601.022551
-1321.324278,1808,19604.7769
-1882.847222,2041,19608.919136
6634.43219,23026,19653.949917
-1037.36139,2974,19659.556931
-282.72847,1583,19663.029716
5888.518012,15800,19694.767172
-869.583867,1896,19698.764305
-56.573437,2156,19703.108936
5299.920615,25000,19752.474869
-882.530296,2499,19757.355594
-7031.314964,7490,19772.545569
-69.657887,2359,19777.155041
5936.350807,14953,19806.514792
5871.949478,15159,19836.961513
-2226.426118,1893,19840.930253
5074.562999,25000,19889.932088
5949.64558,19381,19928.10392
5872.879177,19524,19967.274497
-51.188261,2109,19971.617218
-1352.657602,1845,19975.495951
-24.069332,2154,19979.846228
-91.041728,891,19981.306578
-159.744487,1830,19985.146072
6147.358375,18962,20023.347773
-2602.400543,1417,20025.649534
5819.019645,14209,20053.914178
-55.522157,1896,20057.900902
5674.933471,14575,20086.780434
1.791401,2318,20091.417773
4259.191013,25000,20141.405959
-2032.45965,1855,20144.39769
-8201.186138,1088,20147.089963
-714.931165,2116,20151.429085
-10236.023346,1614,20154.962643
-2238.873512,1549,20158.374522
265.967737,3721,20165.253666
5757.737285,14171,20193.797728
-5055.605276,855,20196.137038
