#{"t_start": 1687297195.2363322, "env_id": "TruckTrailer-v1"}
r,l,t
-176.299761,2180,11.593752
69.358623,4749,27.737981
-201.51965,2675,36.769338
-112.386966,3409,48.587225
-141.265373,2675,57.495988
-149.697029,2584,64.629466
-116.440565,4059,76.39323
-210.939087,2615,86.408603
-1051.127889,1945,92.590323
-4442.251438,1042,94.397601
-25977.540151,1385,97.773334
-346.996438,1802,102.532058
-224.406504,2075,108.722299
-190.678764,2450,115.90993
-413.875681,2298,121.881322
-352.495727,1813,125.973274
-985.569426,2441,131.937881
-1920.704668,1066,135.732399
-11280.771533,930,138.033339
-13891.467401,1521,142.929241
-7023.393358,940,145.234422
-28409.317905,988,148.843618
-100.377653,2970,154.781037
-125.755481,2918,162.176745
-4690.90679,2004,167.584779
-85.083831,2436,175.521202
-3973.277703,901,178.100838
-156.628594,3463,189.782951
-60.590036,2853,199.022489
-289.677875,2078,206.176434
-8071.232808,1402,211.183881
-416.332407,2426,219.261689
-203.380709,3516,231.258723
-200.165983,2706,238.645968
-2985.877703,1815,244.990458
-222.591967,2607,253.589925
-130.847004,3352,265.140056
-133.350598,3451,277.3453
-190.686669,3451,286.302319
534.629868,16624,336.049999
-55.692189,4043,349.63513
-5714.98186,1968,355.085006
-252.589594,2761,365.458142
-136.552061,3143,375.359401
-165.255285,3615,387.90494
-96.51162,2914,398.250893
-168.836853,3973,410.204446
-205.570354,2780,419.641556
-160.626675,4085,428.779294
-6370.984455,2240,435.339597
-92.376019,3642,446.576349
-5858.873176,1149,448.728627
-2621.457346,1030,451.519347
-123.501933,3649,460.241694
-8173.1877,2052,466.604792
-220.950891,2550,475.575761
-776.184021,1565,481.829062
-177.116979,2014,486.386878
-179.52409,3864,494.108087
-154.6947,3262,503.525676
-64.69731,4494,518.083611
-147.86491,2064,525.124729
-1.76173,4185,539.25145
-14.643079,5437,557.615887
-2170.21727,1319,562.701539
472.732427,12077,600.408888
-238.809258,3237,612.104373
-161.075654,3270,622.578472
-181.462484,3607,631.66946
109.888546,7343,656.029678
-2634.928016,1888,662.710588
-167.726603,2123,669.903066
-133.020708,3167,679.504268
-56.691463,4909,696.76517
-178.041737,4159,710.252468
-259.031189,3330,721.989017
-685.522018,1751,726.828401
-132.491065,4328,742.86104
-207.426401,3315,753.532623
-127.931244,4657,764.624388
-153.247831,4122,776.2894
268.393944,13393,809.904187
186.36283,9287,833.272346
253.030937,18814,893.787397
-260.185359,3499,904.202627
-120.368439,3803,916.941933
-113.71856,4127,930.407597
-161.676176,3415,942.191224
-179.633683,4788,956.374335
-113.263138,5493,969.31146
-90.29653,5041,985.600304
461.815039,10845,1021.667932
747.703135,17171,1075.812231
-155.573513,5961,1095.765666
671.817778,14574,1133.179974
-105.83806,4180,1144.850803
-120.44209,3109,1156.928308
0.31471,5470,1172.140905
-58.644888,4396,1184.160921
-108.395426,3953,1197.559019
312.598567,13696,1241.413239
717.556308,13175,1284.595232
-169.478884,6407,1306.343661
135.518419,7778,1325.465728
-96.753159,7895,1351.348094
3.225911,6515,1373.624001
410.697174,15180,1421.432555
-115.164383,2812,1430.322618
-3766.108668,13489,1469.342954
19.947624,4486,1482.826245
296.175466,17536,1526.629335
121.425205,14953,1572.931587
-192.710716,2378,1580.572954
-30.183724,4377,1594.483103
320.98158,15804,1644.420065
-45.371457,3742,1656.884869
61.941118,5083,1671.382648
1.833029,5403,1685.86832
626.452232,12669,1726.188421
-61.300373,3866,1738.680588
-10.275135,4383,1752.806867
-24.658945,17482,1810.765815
-69.52662,4155,1824.511238
251.277947,7084,1840.475007
474.517728,11513,1870.362097
-43.344626,4604,1883.627097
174.934328,10019,1911.259501
-414.778253,1994,1918.056383
86.149251,19127,1977.402018
-205.581631,3305,1988.847467
-174.454003,4519,2003.319869
-164.936858,2352,2010.713986
-255.952133,3688,2023.082779
-23.701136,5072,2036.238394
451.638111,18295,2092.022784
-160.799228,16738,2145.943626
203.649416,10082,2177.023453
567.256039,13369,2211.2719
-157.919313,4746,2221.599734
389.965744,8969,2245.769418
681.376706,11891,2278.870922
-132.106713,5300,2295.806983
-106.591678,5449,2313.920261
-190.908025,2250,2321.383501
-149.081061,5600,2339.759446
-248.404459,2191,2347.015586
-0.929888,5138,2362.749256
179.936264,6573,2383.939857
183.752496,7914,2403.333698
-139.922365,3589,2415.311154
-100.536871,3828,2428.137884
1000.046355,12620,2468.157701
-10.935173,4655,2483.607668
-1639.342854,9781,2517.238194
-2148.086932,1283,2522.434225
14.320811,5529,2540.147708
92.61133,11666,2571.225983
179.19552,9867,2595.894994
-4.461565,4579,2608.310318
-4024.436725,995,2611.013021
-248.559621,15995,2658.422746
451.565834,11054,2693.954826
-33.319191,4402,2707.874481
-93.869673,3171,2718.922939
-4077.014069,1050,2721.872543
-1376.539804,11183,2760.14394
-21.161653,4033,2767.861225
605.571551,10205,2800.626894
409.20801,11742,2839.118716
-288.312528,11577,2877.523764
-11.674503,13423,2919.338085
43.024625,4831,2931.662579
11.693168,3933,2943.707718
73.414578,5093,2955.523217
-145.824395,3242,2965.226707
-129.27858,2880,2973.48826
-8394.19125,897,2976.974553
224.176428,12463,3011.460732
640.381408,11899,3051.087771
-48.913245,4139,3064.734192
-14149.77119,12212,3102.091491
150.45124,6617,3124.686171
27.827859,5084,3139.510884
933.225263,12686,3174.476841
-137.834525,5237,3191.961922
19.249005,5003,3207.520024
824.928515,14801,3255.766338
815.458865,15121,3299.049308
123.803618,9811,3329.387415
18.704916,5662,3341.902003
541.242014,14849,3377.25835
322.529664,20255,3441.08633
-81.196718,4253,3454.959433
613.594639,10905,3488.421749
-998.739086,15582,3534.140421
-9.599625,4343,3548.311208
-82.698542,4905,3564.570782
798.143467,18107,3622.168125
1403.403704,23060,3687.173015
-87.183645,4807,3701.716035
286.563594,9246,3723.900801
451.218441,13949,3762.43692
-18.750844,5210,3779.779532
416.292832,6963,3801.569354
115.941142,14001,3846.027699
1068.919218,18050,3898.198507
229.582491,7913,3922.491857
817.942082,16923,3976.526945
-120.196879,3700,3989.472343
685.611405,10712,4023.658747
62.361611,13745,4058.98862
425.912251,18500,4112.606575
1104.606786,16553,4158.672524
617.240001,15844,4207.823017
-116.72011,3927,4220.705376
386.449653,12270,4259.810962
941.856924,19196,4315.987343
-323.377431,19063,4375.752715
-136.956236,5802,4393.512207
716.662191,16234,4436.591871
-954.562076,14365,4474.151531
97.172932,7692,4492.266151
-207.701392,2353,4501.070617
-67.722849,4843,4516.566853
-1055.347564,14631,4562.620713
152.0221,5755,4581.476376
155.258111,12605,4622.586598
1023.07062,12154,4655.670967
-29.86479,4990,4671.211033
1507.494481,16565,4725.699236
-181.909673,2943,4735.15013
61.892982,5974,4754.858988
23.665939,5428,4772.894239
706.147911,10047,4803.073858
-141.674878,3897,4812.664642
-79.209776,3821,4824.382472
-2133.615685,15861,4866.47819
410.88345,15989,4916.881781
-2920.420904,12069,4954.088112
60.87815,6765,4975.759849
688.833928,14167,5021.840775
-140.84044,12111,5056.414485
1070.973673,17310,5111.576915
-124.563539,3617,5124.081347
564.70273,9339,5155.747695
-22.017206,4218,5169.566942
-163.875507,3928,5183.056715
178.61406,6579,5200.152393
-116.905154,4406,5214.155102
95.397034,14565,5254.7027
-69.095466,4241,5264.350189
-83.663819,3734,5276.720415
372.302256,14157,5322.83309
-96.078805,5122,5339.220287
265.029827,7084,5362.70311
214.770565,8549,5390.366253
278.712322,14003,5431.793046
-2108.0999,5374,5448.954286
881.85279,15469,5500.088825
-2148.202273,4293,5514.387007
-77.731108,4961,5530.475904
-179.926037,3640,5543.277543
-5060.797146,1473,5548.972499
-25.401815,4850,5564.559102
64.86921,6183,5585.114629
-66.71771,4009,5594.900537
19.946604,14117,5632.789439
579.182443,13287,5669.650746
111.526891,7912,5696.263051
573.691144,16716,5749.974997
-61.170187,4899,5765.539185
18.667566,4884,5782.767002
-5459.204414,13209,5825.161362
-80.467219,4204,5834.975955
825.790372,12842,5876.198127
-99.444803,3856,5889.333472
-27.459204,6124,5909.448282
231.773568,10000,5941.868061
-107.464262,4181,5955.989954
428.027505,11926,5995.821283
676.979891,9225,6019.421278
533.458617,9949,6046.276927
19.965348,7052,6066.545855
250.416936,8723,6091.675494
626.018639,12866,6132.298362
534.514657,16033,6183.716188
-63.835957,5582,6202.332036
329.07446,12252,6237.424781
-131.595125,3624,6248.550662
-1628.981641,14488,6295.533376
308.730204,6011,6316.137413
-14.479729,4487,6330.661441
22.281274,4689,6346.100908
5.124284,4603,6361.087219
-76.615312,3709,6374.590777
821.085248,17300,6426.122726
-66.040549,4280,6437.578247
-918.994024,16097,6479.567506
1129.042995,12508,6519.969708
298.357288,12647,6560.539052
454.255344,12592,6601.488663
-21.136974,3985,6614.846883
1106.035561,14544,6657.46998
-219.642602,3290,6669.33038
941.493506,13943,6711.729382
-41.857311,5778,6731.43798
-11.822289,4202,6745.873907
-100.551913,2963,6756.861794
-35.724842,4108,6771.10723
89.895644,12957,6809.976856
-70.448189,4148,6821.772425
751.464281,15354,6867.169956
599.138772,8866,6889.789202
205.786822,12881,6930.39329
874.278657,17720,6986.800814
1.596588,4035,7000.13981
2651.028691,25000,7072.886964
34.37625,5015,7088.260106
-14.829493,4618,7104.334647
356.887869,11325,7139.592173
673.656918,10496,7172.483103
-19.180534,4156,7185.479581
658.296865,12309,7221.172304
341.030809,15757,7260.352327
-1221.367923,4307,7274.234909
-75.864784,3966,7284.182187
544.172983,11875,7318.817692
34.608165,5420,7337.245493
-2186.74406,11388,7373.344193
1017.776105,15330,7422.946013
-1578.271934,13054,7459.828628
957.04488,12282,7499.440214
364.322579,13463,7544.591156
635.447358,10211,7577.27593
229.274491,10300,7609.456916
-123.044506,14754,7652.4735
-7144.884188,884,7654.761033
454.989239,14351,7695.033174
-5941.083071,2754,7702.636818
-75.117857,3657,7713.684471
117.169269,5238,7731.483921
1057.914712,14197,7778.16895
-123.849575,3708,7790.819006
423.009444,10956,7825.424437
910.145571,16054,7872.561119
309.943364,14285,7915.824316
480.400677,14152,7961.304387
746.37436,15268,8008.327191
924.455834,17044,8056.845144
0.224483,4297,8068.680482
-131.277385,3563,8076.180113
60.152457,5405,8092.699668
-48.011128,3894,8102.55829
955.957585,14004,8144.38395
-170.364443,3609,8156.662189
641.074117,11689,8193.598491
-85.947777,4252,8207.416152
855.703221,9775,8239.475315
920.189601,12698,8275.356151
-47.075373,4849,8292.500258
27.94763,5974,8312.233294
892.473885,16341,8366.143103
6.547157,4243,8380.664097
-89.870089,4610,8395.767948
-387.687233,16604,8444.844407
-487.814377,15228,8487.483717
350.415907,8301,8507.946467
215.672121,10214,8540.819106
121.445204,8454,8569.323866
868.599935,13410,8610.587084
828.922566,14524,8656.433654
-339.450851,14473,8697.709531
781.768271,14595,8742.7923
585.421108,17139,8796.723377
565.270256,10442,8829.904948
626.700898,17681,8876.744987
-23.813979,4015,8888.918882
-3088.966701,13810,8928.148341
-95.756895,2942,8938.691542
19.190009,4121,8952.121526
1065.987684,15841,9003.301824
-23.951993,3206,9014.500172
242.463307,11959,9053.466849
-23245.859978,13529,9091.67418
-65.182212,3416,9103.702242
-67.878802,3168,9115.211041
-14.825943,13564,9158.128106
-16.332506,3495,9170.286695
-401.07492,14692,9216.765449
71.946847,13930,9257.667983
-112.918806,3038,9266.298401
322.57496,12765,9302.357934
91.375936,4837,9312.966805
-39.372357,3365,9324.056879
958.385649,15160,9372.627063
-15.522308,3877,9385.444121
-2403.373743,3319,9396.993478
-35.585652,3843,9406.795165
1022.566319,16443,9460.055353
-108.818348,2926,9470.433419
393.661259,13896,9509.816993
1299.300421,15242,9558.289202
-74.80193,3434,9570.291601
-214.639656,12943,9611.889338
-63.813929,3320,9623.296936
1109.003119,18797,9676.243927
17.470272,4676,9687.458814
1142.36599,15295,9727.321138
-4421.187351,15205,9772.072605
-34.747871,3802,9785.21136
-134.927981,2744,9794.34747
223.542648,14408,9841.725615
-2848.153749,16305,9889.697014
119.115453,7278,9913.51217
48.454893,4053,9927.514572
654.786788,14117,9973.36372
925.99862,14549,10021.257578
-122.33397,3025,10030.722431
1318.367552,14725,10072.555311
-33.488186,3480,10083.439085
69.481033,5222,10097.388878
-19.95862,3575,10106.513784
-542.722806,17579,10158.141137
-8.84638,5961,10177.602407
-45.123369,4142,10191.2518
65.499962,6561,10212.150712
-35.225745,3196,10223.600342
1016.426329,17781,10278.787333
1063.225761,12135,10314.296324
-1021.130358,12736,10356.509315
1000.534384,11687,10394.02172
-64.391474,3470,10405.747212
896.192954,9882,10437.772719
-0.842559,3267,10447.948599
214.110228,6257,10464.714747
-112.597021,2619,10473.270386
261.577099,7937,10494.638099
824.310787,12615,10527.16012
-19.625099,4200,10539.671736
-20.826738,5360,10556.447275
1188.444163,14977,10606.424869
-110.470462,4369,10620.683068
-3230.730462,15676,10672.002082
-64.337267,3271,10682.30346
50.664585,5684,10696.65286
-106.825973,3005,10706.594099
244.324909,10620,10741.758714
-42.89306,3592,10752.610883
799.384469,9479,10783.019379
512.05079,15678,10832.630436
224.484541,12625,10868.600808
80.987173,15279,10910.516475
226.964127,10906,10940.561803
-53.903498,3611,10951.380216
-171.022715,4261,10964.788792
415.822042,17073,11019.327408
-54.224832,11064,11054.086642
207.34373,7473,11078.042563
1214.473033,16059,11121.772112
109.27887,18300,11179.769782
-430.872372,13915,11222.778779
-1919.426927,12382,11262.081726
-133.861525,3125,11270.221242
-79.373369,4559,11282.414861
-3.676675,5118,11298.751941
6.514323,4071,11308.562154
-14.942055,4600,11321.658526
105.029651,5747,11337.107361
403.160214,13396,11376.445243
-54.265264,5683,11395.064014
-63.376975,3419,11407.443992
1049.969331,17459,11463.240024
-72.967344,3915,11476.175819
-153.266547,2536,11484.420092
589.936734,15291,11528.287856
710.420177,9841,11560.434198
-935.552807,4406,11574.814562
-1049.199155,15793,11625.188922
789.021884,10714,11659.232757
-194.881481,14054,11697.832275
-12.143279,4488,11708.090834
-104.796045,3383,11717.793162
-306.737303,15470,11762.240481
282.579022,17686,11820.397414
-552.034683,5362,11836.909353
1118.831636,11817,11874.138005
713.888228,10976,11906.631331
-826.364175,12640,11946.702715
87.73694,9882,11978.412455
-93.472474,3785,11991.281178
77.91527,6665,12013.111457
60.755372,5333,12030.96465
-86.523355,3921,12043.56232
-245.383875,15945,12089.1314
-0.591531,4380,12101.996331
-507.029135,15386,12141.98061
-171.202773,3416,12149.963775
1184.042825,12608,12188.477414
1260.777374,13941,12233.928762
2057.993789,25000,12311.138937
419.84954,13592,12351.568856
596.662947,19378,12412.736836
-77.293115,4767,12429.26117
-16.162056,3782,12441.959647
475.388467,15019,12485.212582
-2781.177123,14523,12523.000097
459.028138,12325,12557.176388
817.246043,15232,12603.528922
-102.066577,3680,12615.793874
-98.450413,3808,12628.098001
336.766684,11386,12664.24655
-83.193199,3827,12675.727834
1245.998714,19257,12733.094696
3011.193588,24508,12810.001373
941.024737,16878,12862.244108
1065.690787,12911,12901.179122
227.826851,19721,12952.6303
301.915164,14566,12993.417354
-107.65125,3506,13005.119633
199.843549,14820,13051.078737
862.46424,17178,13104.544986
356.30875,14563,13148.158158
862.762683,15100,13193.26195
-67.829257,8385,13219.992135
-25.542017,6302,13240.735057
1464.691289,25000,13316.085607
432.714694,10838,13346.837993
1597.493529,17974,13391.962032
-62.195746,4169,13405.623509
1213.149137,24481,13483.389716
-1244.894127,4051,13497.478648
-126.875006,3546,13509.679331
1524.949532,15601,13559.163689
1488.038531,18479,13613.337525
667.633885,14650,13660.665401
544.449288,17431,13714.815173
12.66547,4943,13731.733337
29.559975,7412,13750.063706
111.35282,6979,13770.641961
206.670934,16048,13811.29926
-350.627244,3516,13820.285358
894.47707,14506,13864.288397
1771.168957,25000,13939.979537
463.647085,14453,13983.284323
-136.99224,5210,13996.429914
1879.646879,20398,14062.002199
-1292.743298,3602,14074.123098
127.240336,6187,14094.320282
-552.101287,13444,14138.837282
1087.683409,17710,14190.900518
532.022658,14919,14231.210012
-422.210528,13938,14271.25404
580.781201,16818,14325.017731
1069.491073,11035,14358.824048
928.514454,16382,14409.688294
1069.102924,17860,14461.039085
-120.555193,2702,14470.517103
-152.303818,2841,14480.355273
689.254996,13549,14528.605854
25.419701,6154,14549.445109
-1009.124705,14754,14596.622901
777.222415,19916,14647.073478
-106.370698,3446,14656.043452
882.000251,18591,14708.671085
-2106.882181,14001,14753.573858
-17119.926046,16146,14803.864725
2627.898136,25000,14879.30728
-206.271,3600,14889.64111
493.34538,14145,14934.520735
-1362.045981,3819,14947.67425
3247.999013,25000,15024.762236
-158.298076,2913,15032.839146
2189.386815,25000,15102.094221
2239.866764,22471,15171.090173
1582.836811,14899,15217.118474
-2007.403517,2620,15225.395379
2085.730704,25000,15301.411706
-993.924963,3104,15308.566644
-1006.845901,3446,15319.956877
-30.775362,5063,15333.274384
1063.983333,18300,15393.355541
628.481475,19286,15454.594528
-2079.219719,15458,15493.207257
-575.18207,3837,15503.464927
-3229.945734,3418,15514.344971
381.90299,8962,15538.137651
-1333.059105,3154,15549.361141
-30.587657,12337,15587.651416
1771.801496,18711,15646.841005
1018.111736,13464,15688.71198
48.917426,5406,15702.743902
-81.370872,2645,15710.709418
-732.104146,12712,15752.57278
1257.680561,22766,15824.281024
-1000.49049,4801,15840.161808
44.078635,5123,15857.833415
-46.39462,4750,15869.888411
-1186.619684,8263,15894.613602
-738.258142,3099,15901.050251
-124.676299,3019,15909.996166
-1906.142936,14340,15948.580093
823.164654,14923,15990.916668
-150.914417,3600,16003.126314
678.679088,14602,16049.689805
96.155537,6584,16070.802498
78.230936,4871,16087.635537
2008.77533,25000,16162.267885
1969.331848,16577,16214.198537
-417.487104,15373,16262.272124
2512.809064,25000,16329.92429
-630.990299,10273,16356.567787
-2.940458,4140,16371.435193
-108.586564,4871,16386.595678
2554.160385,25000,16465.737131
-450.756403,11794,16503.506923
-48.054998,10219,16531.187353
-64.039673,4407,16545.481495
1096.330589,16400,16596.285415
1283.878818,14096,16640.662302
-413.285979,14378,16685.950198
-114.406595,4758,16697.078058
234.495896,10108,16724.992638
-163.812128,3702,16735.152172
718.158961,13782,16775.238698
78.836615,10597,16809.02807
670.243343,12165,16848.634902
-99.746701,3292,16858.246235
299.142806,12365,16898.010853
794.526651,16285,16946.501487
1086.607133,11963,16983.37204
499.098037,14422,17030.305883
777.867858,10743,17064.055167
-314.560964,2777,17072.95823
-862.151425,14530,17113.533138
-1354.896303,4557,17126.627894
1171.033695,17093,17170.100191
1241.534834,19209,17233.613785
47.959589,5064,17250.77234
-123.091964,3771,17261.840024
-179.577831,13942,17306.487179
2545.396486,24337,17378.004639
473.959582,14985,17425.042856
-35.203426,12551,17465.999391
-63.674758,5196,17481.788354
-11929.875741,9173,17509.229715
1514.440781,18072,17557.6841
-136.260838,3010,17567.302982
-1118.775766,3696,17576.110477
422.471512,10959,17610.803452
-59.098977,5580,17629.322035
-49.114196,4700,17643.812656
-62.894797,5259,17661.4813
-2383.072636,3678,17672.52988
-1274.080481,3311,17683.475761
-108.48752,4483,17697.648325
-9.666226,6698,17719.893158
-147.481549,10863,17750.210438
-2588.900235,14207,17794.113807
227.948205,11071,17828.404922
414.221331,14415,17874.001155
363.964915,7185,17897.831235
299.021065,12637,17933.041823
-1134.771149,2874,17941.239051
-181.577633,3101,17949.885259
-902.943453,4525,17961.450001
-491.053676,5237,17977.144055
-269.464642,13908,18017.318316
-806.004478,2301,18025.383463
-1523.265387,14138,18071.461286
-95.946664,4372,18088.230709
-1888.27539,3764,18099.678341
-13.718693,5752,18120.403432
-131.591965,4467,18135.608774
388.934192,13855,18176.07074
695.144384,16074,18228.140194
-784.688244,3422,18239.741046
-2344.612361,3735,18251.011821
393.275709,14151,18296.087742
-95.781497,15506,18340.304675
2101.993416,20590,18393.880935
3068.649254,25000,18470.873251
-13386.95747,3346,18482.506446
-2300.224889,4139,18494.98163
-571.573393,3975,18507.655278
2744.408274,25000,18577.889783
601.082524,20054,18643.011282
-230.833969,2697,18651.761561
-204.298367,3116,18663.049716
-798.300924,2250,18670.630464
665.0015,14071,18714.586516
-45.739835,17193,18762.516717
-121.421888,3442,18772.251279
-22.505283,21871,18831.975878
108.889477,8355,18858.482004
-271.773917,5633,18876.841067
-170.465408,4785,18893.267001
-111.203869,3718,18904.29355
1057.811921,17703,18959.886218
143.810666,6193,18976.41376
-14.426927,5933,18995.546684
-331.446776,3801,19008.640057
-12.383697,6329,19028.983992
1089.232851,12687,19069.516658
-141.028832,3041,19079.746216
1.239276,4730,19094.784809
-216.30977,2004,19101.526406
275.875961,13067,19140.875008
-2665.890227,4841,19154.257995
269.628293,14418,19194.650739
901.407144,14922,19238.559192
-197.280164,3256,19248.107167
-1119.505428,3552,19260.039403
10.442141,6256,19279.788675
521.323738,12927,19321.641238
2726.572764,25000,19396.447171
555.656294,16800,19449.504344
-35.560082,5046,19465.832109
0.46626,5113,19483.165023
-1898.633127,2529,19491.485318
-60.828869,14004,19537.214274
-59.173166,3318,19545.041606
1904.472609,25000,19610.122153
-83.697108,12566,19649.136125
-103.664628,3556,19661.384802
1623.068872,19899,19722.464873
-4738.424208,14228,19766.997793
-909.708526,15404,19809.151369
-630.309402,5385,19826.942438
212.406743,12031,19864.481943
-15.362232,4599,19880.741915
-2353.138024,16111,19931.998039
236.835152,12001,19965.167261
-67.221298,2929,19974.598252
734.763541,14268,20011.933185
541.485863,13358,20048.97455
-1457.366587,4640,20065.418187
27.004414,5937,20083.400584
-39.296905,3794,20096.110884
-8750.127332,14673,20142.867172
516.512528,21299,20204.360343
145.347135,7506,20229.148509
379.502748,12478,20265.717437
1783.095233,16793,20317.895628
-195.674473,15199,20360.231177
1336.785039,15903,20405.835262
-2217.930576,12170,20438.777419
-35.886563,3821,20451.344286
-65.387403,3981,20464.528785
1194.51484,13855,20508.750411
-215.690574,5382,20525.090438
-146.985289,8064,20550.793568
114.02169,8750,20578.399142
144.917,7783,20598.473259
-3874.506058,11256,20636.372482
137.838774,5411,20653.36766
-2866.925283,20924,20720.471604
-141.305076,3486,20730.687155
-1561.060106,4431,20744.882185
818.473141,9651,20769.948474
-4152.360415,4321,20781.714042
261.285001,15286,20824.22525
2421.608802,25000,20894.767048
-1366.651295,4072,20908.597934
-2533.453375,4123,20922.230498
563.511605,16461,20974.803012
-1308.69005,3478,20986.718628
-115.175624,3821,20999.641011
807.645777,15876,21045.252884
-1121.383337,3660,21057.701715
-724.861623,2865,21067.159076
-34.631084,5801,21087.211278
588.545711,13526,21129.467535
823.493565,12732,21169.17927
20.733216,6304,21186.403838
-148.199303,3075,21194.866005
284.810804,16056,21240.074575
-59.860949,5305,21252.092134
-1810.858102,3494,21264.110963
-471.930774,12191,21303.30804
-1512.842936,3139,21312.908898
-1045.664873,2227,21319.791413
955.993442,14435,21365.265507
-113.900934,3802,21377.909817
839.228906,13538,21420.84607
-14478.477175,12122,21454.975909
-3182.042295,3254,21463.936886
647.407158,11583,21501.473244
-1187.251315,4835,21516.881569
-1749.804162,4908,21533.637171
-101.001157,3597,21545.812665
-4081.040163,17240,21599.383126
943.140244,15008,21636.548436
1350.105643,19469,21691.840718
-104.395574,3817,21705.146638
-4173.757601,11825,21740.62394
-143.394484,2783,21750.722198
1354.909829,12867,21791.016012
-934.620745,4138,21804.557392
-159.427601,4680,21819.326561
-160.288304,2937,21829.745141
-179.70878,3258,21839.714772
-1274.794025,2606,21846.645148
-464.509171,5263,21860.599319
-3523.379894,14574,21906.920801
-2634.175252,4850,21923.454277
-223.753367,14481,21969.175131
-244.870271,2130,21976.19307
-132.15647,3380,21987.541285
-452.096009,5116,22003.137265
-576.054792,4158,22016.561984
-149.258012,3427,22026.657962
106.151923,8183,22048.446843
800.928082,19783,22099.423316
-107.097833,4076,22113.126185
632.605377,16352,22165.929045
-662.878008,10798,22201.640249
-277.592216,2686,22210.131988
-977.46751,4093,22223.777346
-557.572278,3772,22236.374485
-534.208886,4666,22251.270416
-955.259634,4015,22263.646789
-502.997443,3703,22273.234622
-171.101916,2769,22282.190555
-5934.580009,17969,22336.463658
-2241.269701,4258,22350.406923
-1179.556166,4238,22364.179082
-94.792356,6013,22383.513659
-833.495797,4304,22397.518159
2.770409,7054,22421.788344
-1252.144054,3903,22434.75611
-204.609257,3757,22442.259821
-1208.527023,3667,22451.729813
-1689.804716,1996,22457.950155
-152.272666,15469,22499.707629
-144.273632,2534,22505.181919
-735.806358,5050,22520.033672
-1461.478533,4240,22533.922222
-1484.72318,3741,22545.960367
-115.938333,4824,22562.460523
-124.842628,3526,22573.010549
-2364.891511,3890,22585.545804
-174.333652,2800,22595.562821
-245.541614,14988,22641.889186
230.484573,13258,22680.976002
-135.821543,3297,22690.152916
-1014.754047,4430,22704.783472
-564.819959,4983,22720.664865
-627.348556,6318,22740.872572
265.231923,14489,22787.90825
-128.510413,3469,22799.049657
-18.51913,4547,22815.22648
370.841885,11676,22851.120461
280.844379,14612,22889.073541
179.938767,6842,22908.232944
-1226.920075,4199,22919.153813
-17.762574,5137,22934.09586
-1427.970596,3221,22945.528935
-94.165653,14902,22990.592315
-1210.213774,3820,23003.668006
-137.021481,3286,23015.288841
-21931.178848,2820,23023.991007
-11399.571665,15173,23073.858324
1225.050649,12748,23110.204792
-205.267072,13552,23153.558491
717.198823,15692,23203.605923
-169.42082,5344,23221.817744
2061.004007,23058,23284.369092
-140.28832,3218,23294.254355
-5174.671349,11098,23326.242671
-759.500135,3852,23338.530974
-720.70865,5381,23354.441512
-576.334346,12806,23397.759594
-3111.40042,10637,23432.23529
1.786151,7595,23457.575577
1188.324353,13705,23495.990463
538.494308,13811,23541.612613
-144.846188,5172,23558.203812
78.444361,4734,23574.743379
-60.401198,5260,23591.299761
-6055.050644,15760,23642.219904
18.641397,4435,23653.955883
-64.791127,4232,23666.631364
-1183.089593,2304,23672.068342
1425.344389,13901,23708.570763
683.081992,18952,23769.5889
-80.611054,3653,23781.713277
-62.299832,3275,23793.225652
880.812,11054,23828.685444
-76.439799,3237,23840.124572
-27.407845,6253,23860.352706
-54.886888,3699,23868.907934
-20.318498,3750,23880.728216
153.221112,17322,23934.578931
-161.672973,3039,23944.334559
-280.023991,14248,23991.049006
-2767.037171,11932,24026.66996
-105.451555,3140,24034.71244
-1270.132831,14663,24073.80643
362.643988,15275,24116.628217
390.62213,10463,24152.152608
-2129.447428,13928,24195.375972
164.233668,8651,24223.789304
-142.823865,17736,24275.502048
-426.962785,14706,24325.480627
632.865334,11440,24361.97563
-41.259625,4657,24377.62183
-6513.716583,5468,24396.247409
-102.256295,3797,24409.142527
-535.608127,4524,24419.151609
1069.621865,10985,24447.996075
-127.355172,3551,24458.730064
-67.830982,4318,24471.552769
-521.850212,3462,24479.666391
-127.429015,3516,24490.898067
-142.502101,3963,24504.345088
1380.776625,18073,24561.428741
-102.546444,2638,24570.901988
-106.564829,3796,24582.43713
870.999354,17094,24634.733232
-2708.572897,12910,24675.725884
-128.176342,3572,24688.192104
-109.024554,3975,24701.444694
-16984.058279,14658,24748.277268
-135.286463,3664,24760.266041
-66.041755,20092,24818.555801
-1694.092582,3021,24825.075941
-555.156135,4090,24835.969676
69.284537,6020,24856.460623
731.605923,14967,24896.230672
-1191.928472,3865,24908.861497
-10322.745326,11203,24945.933744
-135.844981,3126,24955.705136
-18090.348722,14684,25003.124835
-16098.767655,3902,25016.213015
-170.794777,3830,25025.265904
-155.110952,2993,25035.09094
-183.682223,2992,25044.738695
-562.764075,4679,25059.812989
-1883.23912,3632,25071.085236
1670.648005,18991,25129.812948
-330.76324,4761,25146.628002
1053.478672,16599,25194.534776
-431.837569,15525,25236.111426
-228.152011,2683,25245.233681
-723.791862,2232,25250.160698
-523.048913,4524,25261.710155
-160.01716,3411,25273.810075
-1120.407932,2583,25281.362135
-282.169055,5282,25298.057648
-3527.243434,4110,25311.585572
-99.178637,2630,25318.859512
-128.862315,3481,25329.129006
-282.437738,3877,25343.030253
-1042.959178,3641,25355.002546
-123.451992,3296,25366.509728
314.167254,11299,25401.741391
-93.110814,3999,25414.636565
-10957.346626,20226,25475.846869
-9779.317625,18211,25533.53576
757.440273,15561,25583.947678
61.760194,5764,25597.266219
-275.198368,2990,25607.104554
-103.314001,15919,25649.703278
-128.664906,4869,25661.511107
512.280752,11593,25698.543745
-176.713132,4165,25712.329336
-444.663364,12992,25753.112791
1820.10083,17106,25806.319256
419.104838,21369,25870.718757
-689.179001,2433,25878.716434
-173.423812,13421,25921.400467
1469.785538,25000,25997.702162
-60.466913,5197,26011.117363
530.855822,15409,26053.334442
3012.98553,25000,26129.407946
-586.566967,3561,26141.791418
65.131884,6708,26163.169646
-1528.694168,3459,26175.258894
-140.657054,3137,26185.036506
-1437.711417,1107,26189.497379
-1608.232212,13923,26230.349864
-1686.071211,3870,26242.579033
-907.194582,3827,26251.040946
-40.822328,6005,26269.935977
-156.049984,3112,26280.869912
148.193428,16793,26333.118372
-2318.862417,11666,26370.441964
71.456938,13291,26407.500331
-631.387882,4166,26421.202466
-1962.966797,3984,26436.185757
1170.501234,16021,26476.998142
-3363.837568,13288,26517.319864
-146.636455,3368,26527.851273
-702.287397,13462,26572.707957
945.675513,13925,26618.421541
-48.678381,4880,26634.574442
-101.30482,13120,26671.811808
-62.539163,16554,26723.38055
-14198.904172,11486,26759.081173
-359.74805,6072,26779.566459
1365.172827,19101,26833.484847
-167.714402,13569,26869.696643
-92.209871,11545,26901.990134
20.378949,5526,26918.568788
329.258,14512,26965.156677
-130.815757,3359,26976.867032
-12619.300823,12715,27015.454301
1416.872968,14801,27058.698271
-205.149018,4191,27072.707078
-1086.799912,3361,27084.186878
-92.376198,4439,27099.032818
-93.673505,5998,27118.708187
-124.740761,3491,27131.055527
-95.28155,4913,27146.678557
134.242848,6224,27167.030663
-112.593526,4286,27181.360173
-79.855432,5031,27196.661839
-322.545612,4018,27207.244337
1162.251497,15578,27249.209975
-414.062588,14354,27291.805929
59.975162,7200,27316.808249
163.62567,12616,27357.185249
-72.512916,3860,27370.304506
-70.394108,4083,27384.024956
232.966528,16078,27430.268883
329.911643,15571,27478.838558
87.807221,7086,27499.942214
-129.190863,3474,27512.281658
221.071739,17530,27569.2239
1977.926254,15472,27612.344355
-308.50714,15127,27650.446176
18.615362,5236,27668.403563
19.589977,6375,27689.941025
67.541669,6601,27711.413609
-4477.696594,3788,27724.30095
10.79354,4378,27739.082423
273.316913,18581,27798.858667
-498.170509,11184,27832.494603
-190.186297,1981,27839.602573
38.593069,4925,27855.765285
-100.222785,4604,27868.397037
-422.664601,12514,27907.202042
-31.494395,4695,27923.539773
74.499207,5624,27940.459931
100.411786,7556,27965.692577
1060.238853,14589,28001.286907
378.174689,12513,28037.562154
-504.635407,6680,28057.957075
-540.162033,4116,28071.955856
-90.143827,4224,28085.877728
29.522595,6088,28105.713662
207.269732,7707,28129.933812
-665.805701,1584,28135.508415
40.608244,6607,28156.695049
846.702038,12719,28197.0737
-138.083009,4213,28207.54512
-161.334996,5262,28224.425546
197.287037,6881,28247.468178
630.109345,15990,28300.487824
959.886527,25000,28377.07452
11.943699,5949,28392.707058
2213.994062,25000,28463.495709
-10649.887315,9708,28493.443383
-883.106252,14890,28540.815552
-16.363698,15836,28590.960751
482.758728,11678,28625.275203
-92.474683,4883,28641.680803
-2505.694255,15973,28692.461142
-139.636789,3553,28704.541567
-148.560791,4017,28717.661383
-1188.806387,13655,28761.135709
800.588012,10554,28790.261181
621.264086,17822,28838.966954
-74.181709,4722,28850.270021
768.312892,12748,28890.051822
567.345546,16496,28942.640246
95.867058,5795,28959.289088
243.439257,15258,29006.238582
-96.468107,4712,29019.370991
96.802927,8174,29045.544096
-98.605379,5109,29062.01459
236.158381,10051,29095.012756
216.918037,8973,29123.829926
-54.529346,5891,29143.517481
-10315.273185,10349,29172.876629
921.512437,13222,29209.778071
1482.563874,13724,29247.529879
-4821.440449,13071,29289.820631
-391.237526,14712,29336.737783
141.384125,8361,29364.086364
-22.642173,4899,29381.395165
-331.801435,14707,29424.235785
-9614.348235,14289,29469.742653
898.101708,13163,29510.751034
682.668059,14140,29556.49957
263.234809,9546,29581.839683
-39.087412,4216,29593.890298
-940.899986,11931,29629.504232
2370.307346,25000,29707.221885
1662.623258,15055,29755.257612
-4909.18855,3869,29767.726305
46.406157,5330,29784.913149
1331.279433,15055,29826.772341
-120.076528,4318,29840.464298
148.840198,6369,29861.022502
322.673537,14924,29908.753351
-30.357591,4664,29923.65765
664.497396,14445,29968.602774
112.948791,5614,29981.962879
1376.98442,23226,30047.751675
-136.63202,4428,30062.867117
63.412714,5291,30080.380166
-1343.73625,3345,30090.612232
-122.644502,3796,30103.612967
103.646292,8467,30131.046399
384.39025,15557,30183.42349
-24.294663,4691,30198.577115
395.022687,16262,30245.73083
340.09925,14051,30290.383879
-41.461635,5223,30308.518862
384.50922,16241,30359.625124
-14.647706,4880,30373.415509
-99.390089,4606,30383.970294
726.298307,13669,30420.445099
820.918621,13459,30457.226402
-13.247751,3706,30469.666827
-150.407951,7479,30494.497405
492.698701,14738,30541.661898
50.431095,6646,30562.870529
-12.408821,6065,30582.87621
-1633.423863,1137,30587.44191
-28.575034,5096,30599.846867
-7.663747,4638,30616.490105
-3351.992765,2820,30625.505324
-2114.293148,4558,30640.123934
-5794.382074,4205,30654.316954
-3.825756,5185,30671.022021
-706.126508,12175,30707.083977
654.167118,14139,30753.971012
-1321.416799,2707,30762.818447
97.244269,16010,30802.222321
-985.262759,13023,30835.978418
502.775572,19491,30898.140588
99.670777,15667,30947.182991
147.075544,8028,30973.3015
165.427879,12117,31008.971036
1224.155008,14505,31056.99233
664.267752,17927,31114.294574
-54.219948,4047,31127.71696
851.350602,13298,31165.511624
1360.468467,14185,31202.755513
273.80023,14937,31244.632415
31.937389,5297,31259.905724
1101.305244,12425,31299.272345
196.76316,13081,31345.39682
59.972917,15581,31394.31122
-109.243769,4305,31405.686013
236.098303,9717,31437.01872
97.717263,17171,31490.146537
1156.006296,18658,31549.380805
1041.57393,15192,31593.047603
-598.469553,15789,31634.269442
16.740569,5076,31645.195101
689.998159,15445,31695.748666
89.23613,5332,31712.199807
-135.710124,3456,31724.271672
1267.873926,17652,31781.289768
-144.259831,15437,31825.969585
1631.464612,16723,31881.28532
336.820309,13540,31925.040809
-2297.365817,12886,31966.303144
-10.206897,4988,31979.149361
1111.475998,17380,32024.431781
5.111288,4229,32038.127353
-36.977346,3581,32046.992198
-155.009015,13361,32086.141294
13.692307,15355,32133.220363
-4334.553357,718,32135.323647
494.634134,14080,32181.636511
106.93231,4601,32196.562572
802.639294,14690,32241.159153
-59.939119,3607,32251.927306
-1183.807086,10070,32284.38513
410.6244,13388,32327.896188
-137.855014,16681,32377.315668
2185.306523,23394,32437.372197
1210.325202,14277,32476.745543
92.885868,8267,32503.064531
-58.793764,3804,32515.318709
-1194.900639,12286,32554.534322
31.337426,5028,32571.681209
1432.550433,15909,32618.817048
-960.53733,10400,32652.768983
73.831826,9096,32681.296388
1066.434194,9676,32712.486246
-20.443632,3743,32724.959687
-258.393524,13338,32765.844968
707.442597,12525,32799.273703
346.644718,15408,32838.691389
290.856211,12599,32879.077723
266.382182,9802,32910.801541
-72.362993,3899,32924.212022
-153.184472,3754,32935.712465
-27.342674,4092,32949.488885
-45.333596,4846,32966.484722
-1011.232306,4975,32982.578737
960.315479,14143,33024.776306
-128.452018,3466,33037.763698
-142.336181,3634,33050.710636
-38.23018,4956,33066.616484
47.123611,7744,33092.165884
-143.932354,3367,33102.858269
411.765121,10558,33138.356743
125.281017,12261,33174.856444
-85.056712,3854,33185.289825
-132.678766,3501,33193.582725
-141.896473,14663,33233.720328
707.646412,16744,33288.321177
259.353741,15614,33339.407687
43.185204,5744,33358.607804
108.560665,6446,33376.065257
1227.694907,15397,33427.291858
705.726279,15323,33475.641073
-96.001332,3961,33489.012765
-80.344824,3254,33500.848734
59.527163,6090,33520.955686
1308.754803,15408,33563.592999
-147.535974,13021,33597.230155
-35.442766,13032,33635.980019
500.295475,14448,33683.315712
586.447799,8468,33710.170678
-50.356444,3192,33721.273656
771.732665,10090,33752.069243
166.789759,10897,33782.257998
563.228304,13076,33824.343031
-151.421459,3292,33835.714677
109.431039,6066,33855.566183
69.84747,7999,33881.051262
1039.180992,12110,33919.979236
-22.49166,4817,33931.299255
-136.013021,3482,33940.040239
-1752.435554,15395,33984.114303
-162.700884,2285,33992.514949
318.257868,6932,34011.793504
51.544218,16159,34063.687306
-110.391974,5869,34081.570783
-36.911511,5233,34097.828789
207.233345,17710,34154.239832
90.880594,15487,34197.647686
448.008235,10841,34233.438415
-93.799717,7242,34258.119654
-78.412743,5120,34274.187891
232.984589,8795,34303.805044
-32.557169,4484,34318.827777
-493.542439,4243,34328.625929
1039.246339,13368,34363.105066
-2871.110202,10239,34391.843562
-805.650726,15201,34432.158256
-37.275084,5128,34448.704671
-111.652445,3724,34461.074147
642.981628,16391,34513.122072
-85.441562,4589,34528.950989
859.381961,14568,34568.73221
59.300817,4210,34582.76533
-628.326235,1623,34588.427097
9.551165,3670,34599.74963
-119.466692,13471,34644.207953
-1353.384145,15366,34693.290329
30.608434,5588,34709.621677
-800.146782,11413,34739.584537
115.200297,6407,34757.696605
-333.501081,13314,34794.313206
-65.475724,4878,34811.472481
649.919872,9882,34844.756732
42.715556,5844,34862.685649
-7.072413,4445,34878.675755
299.645854,6875,34900.641431
31.352842,14782,34942.583312
951.206177,15069,34992.897931
40.220144,5404,35011.885894
803.240708,13641,35057.198896
242.426236,13126,35093.585796
880.859251,13420,35129.810412
-204.109419,3777,35140.688929
53.724835,10987,35169.171335
363.975561,14442,35216.072402
846.622325,9063,35244.928573
917.368376,16054,35297.245815
-102.150624,3130,35308.681445
-54.932487,4917,35319.191732
639.521997,15430,35364.829855
457.177367,10179,35397.241878
35.234797,6020,35416.346891
-76.579338,3472,35427.01779
-48.118521,3506,35439.120288
136.217038,5165,35456.500951
688.943006,8980,35482.288539
613.457572,8783,35506.154536
-2775.183166,1088,35510.031464
455.317018,15974,35551.277547
-2391.257447,12360,35586.716327
-33.230652,3167,35596.590704
-29.583882,3780,35609.43668
-68.616626,4341,35623.541583
-1090.47055,11255,35660.981353
-537.683312,7701,35684.660026
-13170.794869,10248,35713.380137
921.190037,11958,35751.555385
-28.580877,4035,35764.774327
601.290214,9900,35796.363665
-188.859398,3269,35807.892209
-60.402313,4577,35822.4328
-156.834138,3247,35831.822104
243.411724,13831,35875.505899
-109.272277,3076,35883.290448
-71.388176,3887,35894.2171
281.239656,12871,35930.225548
-49.60567,4061,35944.020233
-484.125134,11214,35975.781226
1577.20914,13125,36018.155196
250.189326,8842,36046.07778
-42.651463,4317,36059.657581
-62.807445,4482,36074.014371
204.114407,7895,36099.124533
-6489.624192,806,36102.690495
-13.516261,3938,36114.370329
117.449414,5096,36127.079492
-51.326575,4911,36143.267893
1334.633119,12896,36183.776253
707.096778,12427,36223.936156
115.22139,6046,36243.852649
303.106924,7619,36267.852707
-89.485555,3490,36278.136364
145.270167,15589,36318.143809
-165.764516,3536,36328.696439
785.571406,16451,36377.159476
38.072584,5449,36393.663131
-943.939607,12732,36434.84689
28.881182,3864,36447.549572
-10.596652,5429,36466.351884
-6758.620963,11609,36503.327892
-2337.22101,13138,36544.701231
807.626052,10046,36574.719625
-38.390661,3318,36586.780974
-120.334638,3839,36598.407312
-53.629987,3985,36611.521599
-50.62721,4596,36627.627392
100.122747,11225,36662.011743
-1477.764524,10399,36689.243449
-20.512465,4192,36700.915545
-830.378084,4641,36711.601241
250.405564,5872,36729.35622
-156.789083,9385,36754.333372
910.727347,17650,36811.31898
-29.854027,4859,36826.922275
-65.77568,4247,36840.650887
-214.868895,2630,36849.285557
-89.880443,4173,36862.971557
-2109.804527,1087,36867.372133
-45.033748,4450,36882.012773
113.705105,6943,36899.163604
-14884.492168,1432,36904.402301
38.681112,10943,36939.787468
79.203084,5522,36958.780847
-134.480676,3461,36971.180761
-49.542668,3799,36984.07646
476.751587,13422,37026.926518
-837.48221,11276,37060.781769
15.229117,5217,37072.247644
746.108024,11095,37102.056227
15.110469,4123,37114.523535
