#{"t_start": 1681803213.6930728, "env_id": "TruckTrailer-v1"}
r,l,t
-1179.855535,2139,78.373749
-645.710095,1390,102.791476
-624.403092,1489,139.783143
-1861.619336,1302,171.197916
-508.807422,1467,197.596095
-873.612482,1610,234.998239
-13638.109436,15246,557.979673
-2219.80398,2238,606.282151
-4863.258865,2763,662.891629
-358.080785,1437,697.39834
-689.119937,1374,721.594078
-2576.984979,2807,789.298384
-1318.599935,1859,830.996495
-731.515148,1704,859.776663
-944.379666,1494,895.402291
0.0,1,895.899251
-2884.696982,3287,970.486207
-1644.884413,925,986.190604
-1274.172001,1601,1023.282633
-2646.082434,2167,1069.999159
-1123.453147,1771,1110.789446
0.0,1,1111.291324
-3474.716999,2412,1161.588149
-2586.248887,851,1187.19925
-1309.237062,1630,1214.491376
-473.448271,1142,1244.882665
-1455.925845,1859,1286.100746
-1058.584545,1616,1322.683509
-2810.432202,2281,1370.373971
-1677.582779,2002,1414.39254
-5795.369577,2792,1471.098131
-882.853628,1453,1505.60509
-987.15859,1463,1530.491457
-1909.940603,1823,1571.399662
-3943.59967,3224,1642.30061
0.0,1,1642.793871
-4781.310911,2601,1697.475283
-1824.503308,1877,1738.494268
-681.564544,1412,1772.187235
-5185.8583,5429,1881.587554
-2051.797047,1959,1924.278178
-665.213944,850,1948.877663
-3618.532644,2279,1995.586293
-412.342765,1046,2014.500573
-3372.053567,3026,2084.387799
-1300.906857,2907,2143.486171
-1116.253064,1338,2177.200141
-1716.993815,862,2191.379609
0.0,1,2191.797863
-3609.942698,2532,2256.091508
-9375.989364,15655,2581.079791
-291.44614,1294,2612.48911
-4258.542278,3238,2686.588324
-1620.362712,1364,2709.694994
-4592.213703,2676,2764.385009
-4591.307054,4323,2867.604307
-830.378818,1961,2911.687477
-1337.143317,1847,2942.085174
-5146.55963,3093,3016.381742
-5136.321237,3817,3102.975809
-725.765389,1599,3141.992872
-1274.20598,2225,3191.295339
-1895.019131,1649,3228.787805
-6266.878861,3383,3295.573713
-3966.895099,2746,3363.389499
-5343.19386,3726,3437.580577
-1447.685576,776,3459.597123
-2999.147462,2570,3514.280673
-1550.475337,1737,3552.98692
-1815.969507,1973,3597.276417
-472.412515,1405,3622.47618
-7315.646099,12485,3895.798482
-1264.459493,1444,3920.593381
-7447.18162,6125,4053.190519
-357.785304,1187,4084.792708
-5591.126398,3185,4149.198082
-5923.51871,3987,4237.087898
-1310.136961,1545,4275.285417
-2299.787992,2063,4322.088039
-5358.595658,2696,4379.493628
-3129.063198,2146,4427.293305
-559.42263,1577,4465.385093
-3740.238926,2434,4518.191937
-4535.804304,3251,4593.987314
-3388.486294,2149,4641.174726
-903.829094,1413,4677.188016
-2096.048679,1949,4722.498101
-2812.563353,1909,4767.086185
-2770.332327,2228,4817.191814
-3215.628565,2197,4866.094224
-6489.326909,3345,4933.089448
-4666.804278,2611,4999.49859
-414.935656,1289,5021.799147
-3926.458426,2426,5086.28709
-385.172886,878,5102.498267
-389.561581,1209,5134.887959
-5668.845394,3924,5212.691054
-2030.449201,646,5234.69767
-8108.258917,7078,5381.281453
-2472.212044,1717,5421.589774
-2518.986692,1764,5462.69044
-4465.75324,2257,5512.793903
-2915.198393,2104,5559.576331
-1380.091348,1653,5598.385591
-4067.527569,2204,5647.289301
-4039.788752,2398,5700.20052
-2825.524636,2229,5748.582695
-3269.187177,2329,5800.79388
-443.556185,1146,5829.978867
-484.656667,1017,5849.087231
-3298.180079,2147,5898.091133
-908.124818,1147,5928.303211
-1570.150778,875,5944.575744
-506.803713,1291,5977.600258
-1783.220584,732,5990.390697
-2579.142685,2101,6037.696126
-393.291919,1334,6071.595289
-387.130583,1062,6100.080475
-2380.863078,1989,6145.387101
-1746.649669,705,6157.476471
-3437.269026,2267,6207.883534
-2956.56372,2142,6255.400048
-2469.630036,2014,6300.774147
-4145.174256,2384,6352.874317
-2425.559752,689,6374.995381
-8636.295386,3459,6445.502066
-1266.426636,1600,6484.202488
-4443.656342,3501,6563.687432
-972.591098,837,6578.987
-4700.175927,2385,6629.797649
-929.584631,1132,6659.182415
-3548.620522,2235,6709.39449
-1624.944532,762,6723.494365
-1186.136509,1617,6762.500004
-467.490513,1294,6794.997621
-2875.660661,2435,6847.49872
-3522.463491,2185,6894.87948
-3056.874067,2842,6953.994376
-759.445473,1338,6987.190404
-3766.856718,2269,7036.878892
-1270.049165,1551,7073.98595
-2102.29486,2437,7126.887512
-1435.324137,1640,7165.289533
-540.360889,1111,7185.693787
-1219.423231,1756,7227.083037
-2724.118182,2139,7275.193712
-1348.050926,1480,7309.790614
-675.392144,1378,7344.196757
-3466.098747,2165,7392.395186
-4685.561536,2569,7447.50095
-1821.454521,1899,7490.095324
-3133.603708,2071,7535.877813
-1392.942912,963,7553.979014
-496.288711,1620,7592.294589
-652.690898,857,7616.974572
0.0,1,7617.493858
-2144.424423,2113,7662.886436
-543.680657,978,7679.587074
-3074.069081,2300,7730.097383
0.0,1,7730.60102
-3240.987989,2422,7782.690393
-7688.965181,11488,8030.996703
-443.468325,1364,8065.481755
-2791.056182,1970,8109.591557
-2347.18392,2428,8161.681115
-980.559825,1473,8196.591345
-3566.863084,2738,8253.601629
-705.35761,1273,8284.992342
-940.154419,1807,8316.788407
-2807.792266,2297,8376.296948
-692.585976,1603,8404.405101
-1481.594648,2152,8450.980176
-1530.551035,2076,8497.596811
-3849.838999,2207,8556.198301
-2368.472236,1783,8588.39463
-2488.773868,2018,8633.983788
-1043.057677,1087,8663.673617
-1382.844727,1186,8683.799529
-578.81018,1104,8714.501025
-1742.909652,1767,8754.399032
-3403.632772,2637,8808.776132
-3222.785416,3081,8881.086632
-859.670869,1103,8901.078257
-3521.573561,3127,8972.088833
-6215.423537,5903,9101.796571
-3226.598934,3473,9171.300078
-3214.049478,2753,9239.18824
-4684.084584,4316,9333.375184
-970.863778,1412,9358.676249
-1696.175821,836,9382.700178
-1078.223928,1336,9417.082634
-5963.125064,3149,9480.596835
-3428.406883,2156,9527.496627
-8082.378921,3444,9606.675353
0.0,1,9607.100193
-3624.213986,2212,9655.401562
-2241.11214,1861,9697.683735
-674.958607,1384,9721.595475
-3103.617713,1959,9766.385758
-1592.28582,1719,9806.279104
-2423.081281,2016,9851.294107
-3335.605475,3045,9924.982685
-376.503092,1893,9968.494274
-2780.212807,1960,10013.103322
-615.390335,1448,10038.78029
-1214.999759,1069,10068.690886
-5709.950206,11570,10308.498691
-1729.768561,849,10333.575627
-832.220025,1256,10365.591801
-775.220123,1558,10394.283394
-569.301145,1838,10436.489004
-2833.728387,2273,10485.291784
-1202.830999,1856,10527.791697
-429.030859,1209,10557.699268
-2434.191555,766,10572.077507
-3717.040239,2329,10622.997581
-586.526182,1384,10657.293313
-1027.464615,1877,10700.801194
-691.41762,1470,10737.273482
-714.893457,939,10754.000503
-3654.52907,4271,10847.582869
-319.949348,1305,10880.988102
-1079.593949,896,10897.375605
-4450.618158,2827,10965.086727
-2646.619562,1938,11009.08782
-2430.624967,687,11022.899361
-2826.008327,2723,11079.392113
-840.361681,1375,11112.976616
-1066.492859,1963,11157.378919
-3283.609023,2505,11210.089694
-2085.651619,2655,11265.888883
-1685.334095,1988,11310.798415
-1034.564826,2151,11358.481427
-1955.331769,2423,11420.196669
-1749.795423,1729,11451.003879
-1730.562078,1740,11490.386968
-3959.980128,1235,11521.986408
-2247.245008,1631,11561.494782
-2236.324451,2089,11608.48193
-1368.916468,1246,11629.99568
-513.159206,2006,11675.877263
-3254.09997,2781,11744.983651
-640.806,1246,11767.386132
-1042.744765,2082,11813.578564
-1179.02377,1185,11845.189586
-3117.144503,2650,11901.801605
-1320.6021,1806,11943.200642
-2052.276391,1103,11973.583178
-603.653185,1415,11998.399433
-2625.420371,2117,12045.799303
-1568.0936,1899,12088.18311
-2177.099712,1875,12130.30338
-1310.995155,1784,12171.094105
-777.096182,1142,12202.391111
-996.502582,1673,12232.798454
-1647.403376,2192,12279.890542
-1405.139159,1266,12311.199519
-2785.426401,2496,12365.484524
-2346.441635,1890,12408.974896
-5062.100323,6543,12548.093699
-723.578421,1222,12580.185437
-1209.603322,815,12594.192858
-3131.492327,2972,12666.985438
-293.547484,1114,12686.607638
-583.627988,1164,12717.599663
-4479.90154,2473,12770.499069
-2009.058614,1049,12800.98659
-927.302757,1221,12821.499707
-1574.467452,1782,12863.00417
-2946.852115,1936,12906.495465
-5238.436907,10407,13129.884466
-2199.728064,731,13142.980957
-740.207176,1175,13174.273748
-2254.690409,1773,13215.478158
-1945.133141,728,13228.39336
-2917.533481,1983,13272.484215
-2386.157977,1715,13312.998565
-857.093303,1269,13345.895131
0.0,1,13346.395597
-2039.772976,778,13359.283195
-2056.04666,1664,13399.19145
-3111.364893,3049,13461.199815
-2941.402972,2078,13508.975337
-2347.602897,1826,13551.901
-1836.83953,1706,13592.289249
-438.585219,1064,13622.176468
-583.634982,1317,13645.673566
-992.858794,1006,13674.399351
-1333.244135,1295,13697.195353
-2344.874057,1628,13736.004707
-377.405604,1014,13765.190023
-2633.554195,1922,13809.573655
-1959.176961,1649,13838.297286
-606.604881,960,13866.289938
-1458.182222,698,13878.894885
-3331.1573,2197,13928.185955
-945.49008,1669,13968.591092
-2396.339725,1881,14011.403829
-3232.041237,1882,14055.380704
-439.810188,1334,14089.080281
-2564.920499,2007,14134.495978
-1226.56348,1013,14152.503483
-2684.744884,972,14180.801786
-600.056688,1198,14202.40029
-4938.737974,3151,14279.082567
-2507.310297,2002,14324.982947
-386.829503,1295,14347.28919
-2309.739298,2633,14414.384027
-2195.542595,2396,14465.878506
-6293.517422,3089,14528.891778
-4643.852554,2689,14596.889039
-536.567792,1935,14639.996169
-3334.315932,2224,14689.88084
-1083.829363,1769,14720.894953
0.0,1,14721.403805
-1618.221986,1974,14766.298657
-1517.241411,2151,14826.282901
-1529.673751,1421,14850.678895
-3765.084535,4820,14965.283452
-1293.809009,1600,14991.889564
-3050.457305,2775,15060.678768
-3651.990548,5746,15185.37481
-1020.525139,2469,15239.287279
-525.934392,1645,15277.880469
-1401.879279,1633,15307.395513
-3705.898365,4441,15402.090727
-2918.599225,2506,15465.398547
-699.249395,1311,15489.499131
-2148.334735,1718,15530.596997
-2176.891705,858,15555.581134
-1614.257571,928,15572.881586
-1670.435048,2141,15619.288671
-928.931283,1189,15649.494031
-4908.845098,4403,15745.478839
-5134.94506,2963,15806.687214
-1838.898521,2047,15852.28292
-2105.094491,3527,15932.89791
-918.089286,1613,15970.079875
-2288.097624,873,15986.284025
-2812.977421,2176,16034.092364
-533.131006,1323,16067.297104
-1932.563037,1745,16107.786399
-591.862113,1671,16146.700641
-2444.306389,2155,16193.583055
-1343.618668,4223,16283.784835
-3458.736653,2855,16342.398763
-2472.032512,2222,16392.474782
-388.341491,1384,16426.389479
-2693.984354,2122,16473.89785
-1438.824824,1800,16515.291581
-1607.345472,976,16533.073382
-2518.555248,2034,16577.990805
-850.316691,1349,16611.696551
-1016.143564,1432,16646.886916
-3441.379688,2272,16696.103516
-3214.155533,2140,16743.186047
-2230.703815,1865,16785.596115
-1379.704807,1744,16827.975409
-3195.38307,2074,16873.787619
-2635.172463,849,16887.892569
-2502.188855,1957,16933.100347
-569.470769,1470,16969.380443
-665.474661,1161,16989.997187
0.0,1,16990.494328
-3733.912099,2234,17037.80067
-1963.585241,1081,17066.39735
-876.365183,1430,17091.290684
-3446.777172,2016,17135.496815
-824.313181,1503,17170.196513
-2557.005498,2012,17214.399571
-2284.658624,1789,17256.0045
-1747.273723,1496,17292.701365
-2326.486223,1908,17335.890232
-2849.150042,1867,17378.696773
0.0,1,17379.099408
-2153.03204,1738,17408.895233
-2447.417928,1816,17449.503479
-2727.038705,2004,17495.394505
-1847.948636,1780,17536.39968
-2180.471661,3126,17611.186383
-1115.078317,1667,17650.192364
-3693.319185,2815,17709.99845
-2192.516556,1762,17752.181345
-3287.160145,2176,17800.186949
-538.991876,1160,17819.18853
-1397.330035,2115,17864.583354
-3832.054112,2824,17934.674094
-1260.70567,1584,17973.598646
-1991.096736,1129,17992.994614
-1458.828979,1845,18036.902903
-981.584143,1695,18078.704039
-762.507373,1330,18113.590134
-1313.090513,1919,18146.296828
-2268.906657,1808,18187.985529
-3844.771131,3131,18262.081701
-2856.520132,2090,18309.285358
-840.485858,1271,18342.699764
-1585.72419,2838,18402.592133
-2701.001095,2002,18447.796159
-1013.893352,910,18463.379055
-1632.461416,863,18489.391046
-990.686076,1331,18511.795159
-1282.811151,2597,18576.704583
-1403.326513,1600,18602.887638
-445.106589,1358,18637.191197
-1547.564037,1599,18676.293923
-2640.084093,1997,18722.695037
-1182.350955,1216,18745.101258
-1632.077593,921,18771.190161
-4583.70506,3105,18835.59545
-937.510426,1052,18863.599357
-543.735165,1397,18899.485036
-1083.174419,1156,18919.478325
-2866.399729,5272,19040.898756
-307.69821,1102,19059.790616
-1245.761502,1787,19102.379582
-1049.651213,1157,19134.500801
-943.038527,1140,19154.990062
-770.903138,1132,19184.784632
-2382.787106,2129,19232.383921
-2482.722381,1908,19277.583745
-1152.218672,729,19290.381422
-3211.258424,3761,19375.595081
-3426.251762,3532,19458.887924
-740.873389,1291,19482.678364
-1411.984638,948,19510.997435
-928.683388,1395,19546.591968
-1751.824615,1406,19571.30023
-542.130401,1191,19601.690236
-733.518024,1286,19625.888304
-966.357539,1155,19658.883113
-1379.529998,1209,19690.996799
-719.457145,1367,19715.685191
-3186.652798,3867,19804.396319
-560.68471,1237,19835.589707
-1135.609494,1605,19876.385383
-2951.418536,824,19891.984518
-950.680996,1272,19924.100265
-300.073141,1078,19943.398566
-4265.534958,2211,19992.189358
0.0,1,19992.685431
-2073.393546,1714,20033.48902
-1102.558694,1159,20065.287044
-481.725307,1270,20088.39621
-1580.213646,1657,20127.796755
-800.68826,1161,20156.978477
-795.063958,1473,20183.084743
-1525.744069,721,20205.886014
-1315.736791,1091,20226.298303
-4035.564547,8750,20414.403377
-1978.629408,819,20439.897056
-1095.59699,1145,20461.482388
-980.822654,1464,20498.084094
-3237.190331,1891,20542.587333
-1228.924791,1455,20578.97348
-1748.730181,1683,20620.074438
-1011.475437,1539,20648.504298
-1607.288589,1698,20690.180454
-1268.527088,1255,20721.095728
-548.66345,1335,20745.097487
-2851.964453,1905,20790.182801
-2687.825636,2363,20840.690217
-3092.311394,4016,20930.103565
-2673.945015,1790,20972.808587
-1361.842879,1462,21009.981404
-1814.012768,1693,21050.296812
-1194.516478,1509,21088.584918
-978.112088,1490,21114.991549
-2128.697034,1614,21155.696416
-3563.389299,3907,21241.781442
-3915.749132,2135,21288.8813
-993.960741,968,21317.786403
-4457.786636,11239,21561.588592
-3277.963968,1880,21605.277052
-781.708165,1297,21639.688539
-1736.637471,1562,21666.483585
-1988.279915,794,21691.500156
-2646.121327,2890,21752.902941
-2416.812938,1778,21795.384181
-1230.758,1464,21832.273167
-695.500088,1215,21853.591858
-5407.93224,2456,21918.283909
-656.616923,1143,21938.379446
-2299.743054,826,21954.194577
-2245.750728,666,21976.098431
-765.556072,1222,21997.590863
-3305.019246,4112,22090.87808
-2604.964419,1755,22132.080512
-1219.535427,1453,22168.475919
-4471.083928,3059,22231.700308
-950.060116,1455,22269.175182
-1002.688922,1174,22301.999529
-1596.544747,1243,22324.689231
-1931.309919,1687,22364.986435
-4613.541713,2351,22416.483468
-1034.421195,1422,22453.3958
-2373.768559,1810,22497.787411
-3999.997224,2110,22547.591463
-1165.708878,1296,22582.094072
-4502.847831,7396,22739.378463
-1524.874256,1480,22776.893533
-7534.246469,8325,22960.877769
-1840.658958,1535,22999.173779
-3869.222556,2207,23047.981494
-1663.874212,1574,23087.397562
-2252.244107,1693,23117.599941
-2301.714738,1740,23159.094016
-482.737681,1091,23189.786472
-1185.948513,1340,23213.793184
-1889.680006,768,23238.597339
-2171.929843,1602,23278.176377
-2717.331944,2010,23323.981243
-2102.078144,1635,23353.601038
-1039.335558,1106,23383.995184
-463.882054,1269,23417.986331
-4607.554987,2070,23465.902519
-1063.393334,1425,23491.594512
-530.079137,1204,23522.698195
-1305.310894,1501,23560.803823
-1950.850027,1565,23588.805892
-2817.666181,2140,23637.086049
-2866.589024,1958,23682.896895
-1653.732401,1631,23722.588528
-4054.651645,2433,23775.381926
-1481.524796,1319,23810.788878
-3841.258898,8280,23992.496354
-984.183751,1365,24027.29154
-2002.123759,1628,24055.376965
-464.474232,1162,24086.994159
-2656.134799,1765,24128.601868
-2830.021621,1830,24170.785786
-517.148365,1127,24191.394242
-1744.658721,1585,24229.988827
-1701.883851,1475,24267.080567
-582.974054,734,24280.988022
-1730.122254,1545,24319.597916
-4581.398225,2462,24373.476393
-1052.057148,1133,24404.000466
-3283.11263,2947,24466.497497
-1208.623146,1450,24502.47569
-634.882574,1217,24524.48134
-4185.099579,2163,24573.585582
-2449.875156,820,24599.873804
-1939.135374,1565,24638.492379
-1472.922355,845,24654.488249
-1233.196285,1408,24688.491997
-2193.894652,1855,24731.793903
-2544.810481,1696,24762.49987
-857.476654,1403,24798.802896
0.0,1,24799.379171
-501.747132,1210,24830.89179
-1609.878873,1522,24858.57359
-4576.419861,9885,25077.200948
-2457.344889,1775,25119.50163
-1835.644944,1428,25153.898101
-3036.865484,1816,25196.995585
-1817.075368,1227,25219.198739
-1848.912897,1478,25256.490099
-1577.910213,1543,25292.785747
-1512.663718,1432,25328.295435
-5431.713142,11952,25579.892366
-1369.233562,1360,25613.195194
-1721.447589,1526,25650.685024
-3003.654197,1747,25691.589383
-2398.325132,1350,25717.374135
-529.46724,935,25743.797637
-609.971113,1158,25764.879472
-756.44198,1190,25796.682427
-4548.815742,2155,25844.394548
-1962.615165,1483,25880.599519
-1709.373894,724,25893.598992
-614.501743,1124,25924.879728
-1446.604087,682,25936.599175
-3200.831832,1822,25980.399613
-1971.851468,1558,26016.591443
-369.15733,1127,26035.505714
-1593.038833,1093,26064.594862
-2854.183503,1680,26094.504248
-901.093887,1186,26125.692899
-1891.606127,807,26140.391485
-1554.387472,1496,26175.789205
-392.158417,1144,26205.408282
-2739.616399,1627,26244.67628
-1996.925183,1581,26273.000369
-1533.573207,1364,26307.295329
-1671.521189,1435,26343.184297
-875.219378,1611,26370.202562
-4477.007255,1984,26412.591744
-1106.906434,1383,26446.382137
-718.811882,1290,26480.299199
-1161.602043,1381,26504.503516
-1079.209537,1013,26532.682637
-1272.73299,1199,26554.482879
-2261.593752,1582,26591.898222
-815.247927,644,26613.673776
-1599.123243,761,26626.474184
-1768.19757,930,26643.885868
-1496.240271,674,26665.873556
-764.471115,1248,26688.79065
-1554.723153,1416,26724.787068
-7826.129618,5739,26853.877673
-2226.761103,1598,26893.402009
-1728.665146,1471,26919.500923
-1746.521999,1481,26955.600487
-1930.222502,964,26984.474396
-3172.726288,3713,27056.48669
-2686.612277,1660,27095.893695
-3206.616013,9274,27303.707152
-2211.666123,1617,27331.399191
-1089.918093,1374,27368.382101
-620.366927,1201,27401.693985
-1456.949703,1363,27424.690809
-908.049961,1185,27456.593841
-993.98391,1237,27489.495342
-1931.959866,1991,27535.298245
-2161.579138,1076,27553.97654
-591.145581,1517,27591.583892
-352.056319,1124,27610.585055
-4633.948455,9333,27821.492787
-1180.099645,1471,27857.374796
-640.061512,1258,27880.198053
-1424.581534,1160,27912.195354
-1015.698698,1204,27934.083593
-1461.55981,1348,27968.288978
-1799.615649,1605,28007.5936
-1180.16625,1573,28047.78844
-431.532706,1103,28068.273972
-796.79832,1413,28104.475649
-1146.492019,1586,28142.093603
-2776.119213,849,28157.484277
-698.87085,1322,28193.977158
-1373.866778,1278,28216.790102
-1252.146912,1366,28253.290271
-443.063308,1246,28287.095121
-2039.16671,1773,28317.695741
-1090.513114,1406,28353.69158
-1740.143455,1581,28394.095696
-2067.118448,1607,28434.186537
-1543.342741,1730,28475.890826
-1386.855565,1671,28504.5903
-946.012033,1333,28539.289027
-1249.265201,1712,28582.004539
-743.555435,1156,28601.695631
-2470.265197,709,28627.999184
-1196.42819,1158,28648.799765
-298.713793,1132,28679.790799
-689.92113,1189,28700.790829
-1979.475944,1440,28738.093812
-2073.247836,1583,28777.782438
-457.361621,1270,28811.499554
-1899.084987,1548,28838.681078
-392.576158,1169,28871.199942
-1396.189379,1476,28908.276946
-492.547444,1231,28930.390097
-1564.938361,1042,28960.680865
-2189.570318,1548,28989.091317
-603.33941,1336,29022.289176
-1734.16757,1819,29065.791666
-1309.053348,2495,29120.29986
-1980.595775,1596,29159.883288
-460.323748,1322,29195.096821
-944.831584,1874,29240.280942
-1335.806933,1480,29267.407683
-1404.7553,1724,29309.687244
-641.970896,1147,29340.501242
-2291.196613,719,29354.391901
-1515.420225,1639,29393.588732
-4527.483844,5844,29525.296935
-875.616222,1334,29550.684755
-833.251529,1305,29584.983289
-1260.311427,1199,29617.286768
-333.410589,1166,29638.986879
-3355.123257,4820,29745.379879
-2461.344406,641,29767.500539
-858.756289,1282,29791.376359
-496.305063,1179,29824.994608
0.0,1,29825.494041
-1282.249039,717,29838.395193
-387.492881,1470,29875.292908
-1305.463738,996,29902.899526
-2814.559715,796,29918.195261
-1779.942874,1637,29958.499438
-1650.541434,1205,29979.283448
-850.601483,1356,30015.297501
-1489.961875,1667,30055.890589
-258.930572,1079,30074.885633
-665.072353,1146,30105.504428
-656.406413,1176,30125.88847
-1119.256095,1223,30159.681401
-529.096422,1366,30194.487575
-883.821732,1344,30218.387843
-1505.28978,786,30243.984543
-2115.776828,1707,30284.704732
-1151.632528,1672,30314.584581
-871.075711,1673,30354.37434
-725.142254,1060,30383.691274
-1460.552957,1140,30404.593392
-1297.575516,747,30428.880203
-476.720448,1112,30449.100293
-353.75478,1019,30477.506954
-828.851285,961,30495.77801
-1380.089688,1549,30534.499054
-874.057726,1272,30567.986338
-797.1372,1235,30591.390776
-1816.377429,1572,30630.700855
-571.4852,1054,30649.397571
-249.020985,1397,30684.887076
-1149.428918,1340,30719.10414
-1762.303552,1648,30760.686883
-2067.753902,1746,30792.27341
-1094.290311,1468,30828.702076
-728.929062,862,30853.980433
-914.379742,769,30868.579104
-513.631875,910,30883.707192
-947.47464,993,30911.376347
-969.016329,906,30928.198466
-469.568505,937,30956.094956
-1026.603147,1258,30978.793027
-1889.889261,653,31000.288155
-1467.00089,534,31011.189175
-1994.605378,2336,31064.395143
-1285.193963,1302,31098.576196
-764.674521,1347,31123.501772
-2138.870329,1840,31166.975651
-2617.828775,726,31192.282736
-405.899525,1183,31213.48682
-627.656542,1108,31244.987225
-767.647387,1542,31284.101056
-1677.121442,751,31298.493734
-1519.081907,1747,31340.692445
-2079.311567,1524,31366.979615
-320.252755,940,31395.979099
-724.312213,1146,31427.595007
-1016.81571,741,31441.494879
-1410.143793,1835,31484.686929
-1098.460151,1621,31523.490545
-259.746064,1207,31545.887373
-521.306295,1630,31585.902097
-920.303152,1426,31621.793322
-1286.183646,640,31634.188558
-892.008115,1151,31664.995
-871.110931,1243,31688.802707
-395.454042,1299,31722.396321
-668.19071,1244,31743.875711
-1293.460631,628,31765.997725
-771.215419,1231,31788.484711
-485.202379,2860,31859.298479
-1284.086085,1730,31900.886141
-1027.871732,1337,31924.99909
-864.609258,1188,31956.99194
-245.58815,1120,31976.88719
-723.422021,1628,32016.383441
-797.860854,1077,32046.081505
-1340.478908,2124,32093.892024
-760.698297,1314,32117.089813
-2902.103854,779,32140.794638
-887.452768,1786,32182.399569
-923.25095,1093,32203.200259
-840.607186,839,32217.882774
-2373.207617,1592,32256.390081
-629.19572,1283,32289.19037
-411.87615,961,32306.200624
-849.247096,1062,32335.591833
-1350.140967,4934,32441.290293
-1015.459567,1447,32476.58602
-898.347255,948,32493.700047
-663.589171,1407,32530.39838
-1007.540155,1054,32559.693718
-548.067322,879,32576.173292
-1750.880805,518,32585.680381
-722.519983,1033,32614.083392
-2174.350296,5409,32727.589665
-1744.664821,1372,32763.190634
-1024.390031,855,32788.694834
-871.425846,655,32799.803082
-1039.976624,720,32813.479223
-1241.622134,2264,32862.78842
-2122.48459,774,32887.394305
-1007.175627,978,32905.196652
-2143.123734,746,32928.503888
-774.152692,1587,32956.886756
-628.964512,1040,32985.878285
-4568.657014,7074,33138.285895
-1011.697489,2562,33205.200525
-802.06027,658,33217.296506
-1424.918315,1277,33251.196015
-911.554353,3856,33326.387707
-2332.058811,1672,33366.394226
-430.025656,1175,33397.99205
-1648.177031,1559,33436.901491
-2679.465551,1808,33468.18738
-1586.885371,532,33490.385025
-556.991766,1078,33509.000603
-1803.905577,1540,33548.083153
-762.663004,1024,33565.882246
-1116.245276,3629,33650.891051
-924.931846,1166,33683.195181
-1445.062298,796,33697.39267
-2306.63602,1615,33738.095724
-2943.14131,2169,33787.301967
-748.004089,1005,33815.797447
-1251.627421,1327,33839.989521
-473.651504,1125,33870.693044
-3069.757408,2008,33917.689289
-1739.536035,906,33933.788433
-3577.76508,5205,34053.395175
-2160.656174,2798,34112.594216
-1271.832767,610,34123.889759
-934.408457,1245,34157.495905
-1954.375446,1396,34192.479507
-2128.268995,2275,34242.490479
-870.843491,1132,34262.692666
-1106.434228,1734,34304.680004
-2069.428298,1950,34350.48089
-1008.470598,684,34362.684219
-1915.108962,1790,34404.075575
-1171.492099,478,34422.592491
-920.096012,550,34432.107988
-556.483837,1043,34450.473408
-2480.051343,1675,34491.390971
-1442.160244,531,34500.991007
-1797.624406,1691,34542.10109
-941.856913,2251,34592.595416
-239.246071,1027,34621.781451
-1401.435555,1269,34644.985477
-1035.616774,1489,34681.393481
-492.819194,1288,34714.181848
0.0,1,34714.687586
-710.947333,1701,34754.88455
-321.600793,1166,34776.495072
-1138.677453,1372,34811.185273
-2699.784243,813,34826.195427
-1390.966273,1558,34864.888829
-1174.143175,4706,34965.104253
-630.062551,900,34990.983872
-1231.807974,1349,35015.290576
-2253.86343,1954,35060.982111
-984.235427,1647,35101.100044
-535.790331,1238,35133.294841
-2258.505485,736,35147.584298
-603.671885,1472,35183.391621
-662.048415,1256,35206.594409
-729.938118,1584,35246.09843
-1132.136046,822,35270.897863
-539.609187,1028,35289.983331
-1200.261832,1248,35323.096841
-967.724503,1164,35344.398894
-397.188382,1245,35377.788746
-1622.672835,1213,35410.074052
-642.444157,922,35427.480545
-722.273605,985,35444.599172
-453.67609,932,35473.086858
-2621.623498,2143,35521.791196
-1245.30604,1503,35559.086998
-1131.114066,1222,35582.894724
-621.559282,1371,35618.498157
-1243.724338,827,35634.689863
-527.073843,930,35662.602122
-810.126842,971,35679.89223
-2716.570505,2442,35733.578155
-1208.052945,1311,35768.174472
-905.550307,1207,35799.68497
-1208.547431,720,35812.891254
-806.673455,666,35825.590587
-464.485438,895,35852.985942
-783.377261,960,35870.275678
-756.613505,611,35892.78864
-980.397461,1641,35921.302459
-5576.145904,2984,35993.600543
-2882.605935,1933,36039.588995
-4234.952948,3471,36111.194437
-1277.989756,1831,36154.196218
-1552.179445,2313,36215.891498
-594.459733,1170,36237.487417
-2480.451523,1912,36281.794998
-1904.759003,1727,36323.399175
-925.491359,1637,36362.697236
-1229.33184,506,36372.195626
-397.262935,1056,36391.099866
-510.19885,1323,36425.590373
-933.134117,1231,36458.491737
-781.634933,981,36477.084535
-615.773961,1146,36507.275234
-340.774504,826,36522.70097
-1797.649101,2668,36579.407432
-337.691625,1128,36609.791904
-1308.5269,1727,36651.690469
-809.480558,841,36667.58156
-2607.568134,3007,36740.883675
-4241.354886,2497,36795.38588
-327.405994,967,36813.601952
-1089.533577,607,36834.373877
-1510.494092,2753,36891.495073
-1599.724364,1372,36928.4955
-2035.943567,1976,36973.801464
0.0,1,36974.377464
-573.661102,943,36990.687163
-2824.019718,2043,37036.88397
-2993.229263,2025,37082.589145
-1145.641588,1186,37115.58823
-691.837876,892,37130.808535
-1063.540924,2294,37181.899697
-1252.779104,1333,37216.294223
-883.365172,1602,37255.795305
-563.150846,1419,37281.903386
-779.736753,1439,37317.296436
-910.385906,1194,37349.987325
-2044.025463,2243,37401.490084
-1254.292002,947,37419.982283
-942.119966,1537,37456.983593
-861.873365,544,37466.894089
-1324.27753,1256,37499.97721
-1836.010701,1232,37522.087208
-497.976117,1005,37550.898974
-1301.737823,1226,37584.000284
-408.606462,864,37599.190481
-807.057818,1358,37633.975351
-2960.34246,11766,37884.292746
-2243.690022,870,37911.304428
-1166.460241,1180,37931.592044
-1023.219236,2110,37979.69761
-2115.733441,1588,38019.575377
-824.570325,1769,38061.503285
-756.711095,1779,38105.589412
-1098.092566,2682,38162.187037
-1403.480536,3590,38245.490721
-788.427126,2019,38291.676893
-731.295202,1382,38329.182103
-1312.653009,1310,38351.404436
-886.392199,1037,38380.588167
-1389.265409,1641,38421.191841
-1137.704365,1364,38444.283552
-1354.375823,553,38465.9981
-559.213244,1467,38491.688312
0.0,1,38492.198835
-1054.680485,1339,38527.58811
-1033.748878,1153,38548.900259
-690.200288,1352,38582.982388
-414.048319,924,38610.277569
-1629.017429,525,38619.499759
-1261.350781,1644,38659.793902
-1127.532947,611,38671.789978
-3015.647305,1897,38716.290504
-1240.573674,1712,38756.898631
-872.370391,982,38774.773242
0.0,1,38775.196619
-787.895472,1119,38805.385604
-1137.657462,499,38814.489318
-2685.353758,1812,38857.899735
-1760.024681,1640,38897.893433
-1243.829422,1252,38920.977337
0.0,1,38921.403827
-3013.340365,1885,38964.992481
-3097.596114,2058,39011.58243
-2093.390308,1083,39040.695892
-1937.414724,1888,39085.191897
-542.781998,1445,39111.684922
-1276.055152,3144,39188.004428
-842.26742,856,39204.691498
0.0,1,39205.185005
-877.100873,846,39231.089549
-470.497335,973,39248.899663
-1864.596424,1756,39291.087948
-923.680093,1389,39326.480592
-2624.828742,1894,39370.096343
-1154.739976,3632,39444.188394
-702.309864,1856,39487.380745
-1697.051001,505,39506.983038
-1146.707849,1323,39530.49307
-1296.487304,1358,39565.495084
-498.565821,1186,39585.597467
-2266.342815,866,39612.198442
-1778.999011,1559,39652.097326
-1937.819085,1496,39678.487536
-823.966681,2535,39744.300284
-2364.133991,1695,39773.490557
-642.88709,845,39799.603057
-549.672812,1361,39824.394684
-824.678147,3235,39902.395772
-1028.080513,698,39914.296441
-1157.841167,934,39942.290261
-1164.38747,860,39957.483895
-881.168341,620,39980.476354
-871.947385,1243,40002.094266
-682.527626,1245,40035.475943
-1673.08085,505,40044.594604
-931.272994,1862,40087.200104
-1475.864943,797,40101.178596
-1298.920027,1351,40137.081913
-747.151234,1328,40171.800466
-1695.289842,1066,40190.081277
-869.836716,936,40217.975111
-748.133529,1212,40238.974142
0.0,1,40239.474427
-895.530294,1668,40279.480102
-717.160204,980,40308.29446
-808.692004,2139,40357.892349
-1451.912296,518,40368.303071
-1135.406226,858,40383.184238
-1369.296224,516,40393.191765
-785.227337,2725,40459.889675
-976.800735,1087,40479.389199
-832.77659,1353,40514.187939
-931.521405,1275,40549.073856
-2182.085937,1575,40575.599394
-1713.627844,1807,40617.879025
-872.596291,1324,40653.58479
-946.05976,1385,40689.284327
-1710.792577,1259,40711.189507
-1252.475781,1666,40751.192063
-1491.709966,1390,40786.596825
-395.531602,1064,40804.777171
-706.707597,1885,40850.479358
-2299.988237,904,40877.796872
-1156.221712,2297,40928.395782
-897.443422,1440,40954.094558
-510.969632,1260,40986.096267
-654.12115,1268,41018.87911
-944.545788,1631,41048.092463
-678.582711,1491,41084.895912
-957.09387,864,41112.082159
-959.778174,990,41129.192915
-605.982046,1394,41164.478585
-1003.327328,1048,41183.774624
-1084.715319,2533,41250.483693
-1250.272369,1296,41273.689975
-471.134521,1015,41301.498909
-549.388337,950,41318.988493
-836.542913,1479,41355.285609
-3407.075086,2212,41404.604306
-425.614368,1621,41444.604308
-1512.280153,681,41456.992279
-2453.761121,1748,41498.987338
-521.449169,1106,41519.19837
-908.157451,1428,41556.684216
-720.274181,817,41581.285956
-1858.129412,1680,41610.882893
-942.910698,2187,41659.703729
-1288.140302,1401,41695.278723
-1062.579467,1577,41733.797418
-1488.018874,462,41743.191421
-2581.702199,1769,41784.288021
-868.182477,1328,41818.992343
-2176.369072,1973,41864.07417
-1143.800494,814,41878.797527
-1199.848893,536,41889.292652
-2347.706695,1936,41933.581102
-513.067495,1360,41967.295624
-631.907874,1762,42010.190847
-756.805917,1548,42037.582104
-774.813196,1342,42073.195959
-934.388281,1080,42102.17713
-916.37163,1102,42122.7951
-485.047797,1605,42161.578091
-338.526055,1070,42180.603903
-769.269345,2066,42227.499695
-1246.233098,962,42254.890303
-1456.245958,590,42266.788357
-962.024479,1211,42298.775171
-622.82289,1374,42334.891597
-1519.187654,622,42345.598003
-312.931898,1063,42365.081831
-697.144222,1172,42396.200674
-2284.226516,622,42407.889464
-828.791924,1168,42438.898993
-775.723896,899,42455.285719
-972.111218,2416,42507.780501
-744.853071,956,42535.992137
-271.713404,1071,42554.77466
0.0,1,42555.202447
-1331.362908,1650,42595.984408
-347.516979,1087,42625.793009
-706.10918,678,42638.386453
-907.205457,617,42649.5769
-340.783088,1083,42679.974849
-841.618562,905,42695.680748
-1164.089515,2049,42741.986133
-435.438047,925,42768.595804
-909.373513,2344,42820.581043
-636.14299,855,42835.49073
-1172.629525,1780,42878.180192
-483.052716,5599,43002.974759
-1253.478873,696,43015.489601
-395.781685,3350,43094.795209
-620.815828,1080,43113.475896
-475.69708,1503,43151.584496
-1304.878334,1042,43181.179358
-1418.341079,468,43189.991443
-841.087261,916,43205.687452
-1826.167458,659,43228.803101
-464.656599,1529,43254.876891
-1181.504908,1049,43285.198314
-960.269155,1205,43316.275635
-1464.307778,1598,43345.002738
-682.844511,1312,43378.979675
-663.938171,1481,43416.096654
-1141.257926,1009,43433.393193
-250.385177,1019,43462.893468
-710.463591,1005,43480.776943
-943.257878,1037,43510.783473
-1185.214788,879,43526.69019
-699.925215,1203,43559.796176
-581.708856,1498,43585.60414
-662.946382,940,43614.188272
-1715.696919,1800,43657.303896
-593.887478,777,43670.600029
-1268.310891,1053,43700.686723
-403.838779,1049,43719.181615
-1534.428288,515,43729.187598
-1182.40133,1557,43767.287602
-2152.051284,749,43791.875683
-430.230038,1005,43809.293853
-343.562574,1729,43851.684713
-343.494603,1293,43887.083898
-1721.775494,841,43901.975219
-1168.272325,981,43920.190603
-1469.888366,1512,43958.592897
-1075.111987,1487,43995.991412
-317.866921,1123,44016.895846
-630.43607,1082,44045.794455
-1377.221716,1483,44082.887709
-1824.732231,979,44100.373523
-602.212741,1051,44129.603145
-971.083853,1192,44149.783847
-371.762863,2238,44199.793846
-676.010133,1180,44231.796165
-381.175645,1095,44252.302244
-1349.324663,1218,44283.006646
-437.757057,1139,44314.199322
-878.146282,1037,44332.877541
-269.638516,1331,44367.889354
-752.933303,1530,44396.291301
-748.349089,840,44422.096002
-954.190715,1019,44441.299741
-1675.232642,1620,44480.681465
-2383.326242,688,44503.085584
-2333.84478,668,44514.696592
-438.139933,1512,44553.097658
-632.007152,1020,44571.296343
-646.660861,1185,44602.604731
-1214.689114,1615,44631.683322
-648.336731,1146,44662.900662
-388.364824,1377,44697.384426
-1150.826783,1059,44716.881164
-700.473072,1103,44745.79975
-276.23762,1025,44764.894124
-602.219959,1204,44795.897532
-511.684026,1940,44840.786274
-1224.750426,1189,44862.900909
-1175.140692,1887,44907.296419
-717.077529,1165,44938.293597
-818.45675,1334,44972.67813
-618.5511,1923,45006.674147
-1199.200615,479,45025.597918
-1046.097038,1218,45048.780229
-960.344931,822,45074.400385
-526.711001,975,45092.685674
-2270.8915,653,45104.582203
-738.547757,1070,45134.374822
-798.00047,958,45151.201683
-1177.813639,1479,45188.600006
-719.012915,1180,45220.100212
-749.758318,1075,45239.603911
-1936.987893,667,45262.694246
-1283.12761,1438,45288.682369
-296.116296,1283,45322.573236
-930.749768,630,45334.090318
-1274.578088,1931,45378.894244
-1630.664051,506,45387.981211
-1033.592377,1141,45419.289919
-657.921457,1270,45450.975664
-1866.563807,476,45460.993988
-2661.496483,709,45473.294447
-197.118154,1371,45508.385068
-518.389875,955,45525.294506
-229.874614,1349,45561.591003
-154.836154,2746,45621.075454
-1555.235027,1586,45660.386549
-705.754075,861,45686.182127
-916.310264,1140,45707.198683
-684.745178,1165,45739.387717
-508.264514,1688,45768.289605
-549.017264,1516,45805.992346
0.0,1,45806.593689
-1467.03884,1053,45836.690256
-1578.612363,594,45847.089915
-309.969074,1448,45884.977881
-838.37139,1070,45903.189444
-1366.785652,649,45926.301493
-1618.572197,532,45936.280893
-356.676799,1731,45978.277691
-1751.38564,1499,46004.798
-1046.44653,882,46032.808549
-619.361438,1983,46079.484722
-290.809054,1322,46103.077937
-1370.685166,1462,46139.986016
0.0,1,46140.48965
-296.593202,1309,46175.500607
-1729.52508,526,46184.99879
-498.862298,1811,46227.791681
-916.186951,1071,46245.895292
-1170.317431,1576,46284.97895
-548.205393,886,46312.68964
-777.88538,1049,46331.589143
-996.452591,1285,46366.683578
-715.091316,1130,46386.896481
-435.453606,1342,46423.894607
-1449.454055,605,46434.792309
-975.969571,1097,46466.777367
-1182.236853,1192,46487.882076
-717.271844,816,46513.974279
-1072.614552,983,46530.87686
-1291.179597,949,46559.28608
-529.901319,2406,46611.474322
0.0,1,46611.975659
-553.22571,1221,46644.197841
-376.117132,1172,46664.281825
-1444.386202,559,46674.694976
-278.754965,1475,46711.388085
-2009.604579,1691,46752.195958
-1502.503329,653,46764.091915
0.0,1,46764.683578
-1588.917178,807,46790.184213
-1916.353655,1429,46814.281046
-1859.159535,530,46835.378088
-675.800697,1338,46858.284684
-928.611991,773,46884.096026
-1600.943252,830,46898.599509
-530.740913,2682,46956.296078
-547.896452,2225,47006.38507
0.0,1,47006.897628
-1374.121863,749,47031.179669
-1223.804413,653,47043.285926
-296.678831,1115,47075.199967
-610.605549,2662,47131.293596
-1862.971302,1498,47168.97571
-1227.616618,1941,47214.778187
-1764.994154,1464,47241.094963
-1270.959088,1237,47272.486387
-258.064488,1333,47308.078398
-813.494254,906,47323.594486
-582.113838,1186,47355.396147
-554.493465,1078,47374.181935
-2059.459172,1601,47413.88507
-325.239167,1390,47450.382957
-984.854384,1445,47476.386493
-644.76907,1424,47511.200501
-642.608542,715,47524.89209
-852.676201,910,47552.699383
-1372.940189,1605,47592.084781
-349.405625,1391,47617.389197
-601.972061,1089,47646.881992
-659.421182,1222,47669.780589
-927.975464,832,47694.691811
-1848.826804,669,47707.885516
-1155.452333,772,47731.986455
-2376.586157,1768,47763.093775
-684.049735,1148,47794.287218
-1808.261152,2020,47839.78939
-558.936369,1181,47861.803287
-281.019344,1214,47895.39389
-517.262279,2188,47944.495422
-945.230736,1567,47980.883417
-806.045751,689,47994.491452
-2336.406105,671,48016.893752
-763.941766,1881,48060.481929
-1517.190654,984,48079.497944
-1518.610427,1023,48098.001524
-586.581505,1063,48127.592462
-439.005455,2260,48177.273631
-777.040673,2620,48234.477687
-738.65249,1036,48262.990972
-2044.32239,1560,48301.187786
-1145.289109,712,48314.276299
-718.712512,1233,48346.597909
-330.384542,1430,48372.092744
-852.814395,995,48399.390263
-438.003454,1438,48425.591208
-1092.390047,986,48452.788489
-300.189862,1855,48495.987099
-1182.539262,1398,48532.999749
-1458.16845,499,48541.997711
-1604.672157,856,48558.296485
-1301.86764,692,48580.582313
-1031.646516,932,48597.779984
-484.638796,1125,48627.894469
-630.081485,995,48646.28373
-1828.953305,754,48659.793736
-867.58775,825,48685.681493
-604.679429,1150,48706.492311
-1784.662889,521,48725.775181
-715.399645,1100,48745.883235
-1158.734548,1010,48774.177377
-431.969266,981,48792.988363
-588.485704,1081,48821.403983
-1073.175653,728,48835.404222
-769.501508,986,48862.779874
-1108.111835,945,48879.882289
-389.43903,1072,48898.78968
-577.284544,1343,48934.899788
-239.693618,1370,48970.295236
-805.776685,908,48986.987241
-671.401395,1100,49017.389931
-971.656458,1030,49035.776941
-513.578198,1136,49066.094043
-942.253736,1339,49099.685407
-430.000339,1661,49129.300652
-240.852737,1814,49171.474708
-1811.36554,1877,49215.094487
-1360.156067,607,49225.800971
-834.903792,854,49251.503794
-832.203527,1402,49287.6963
-902.824511,1102,49307.698864
-601.18026,1477,49343.985003
-1729.59386,627,49356.492242
-2134.567482,1552,49395.282756
-598.588882,1151,49415.594052
-1248.855714,766,49440.490285
-900.230058,939,49457.198457
-553.886343,1507,49493.596876
-1040.367643,1875,49536.686325
-379.743938,1533,49573.279263
-281.305897,1951,49617.900143
-665.749181,1162,49639.001894
-487.729549,1484,49675.803876
-334.848169,1019,49695.400557
-2554.398058,1781,49737.302534
-924.493631,1079,49767.10038
-631.792214,1106,49787.099819
-764.357271,1191,49819.397215
-1283.65143,1566,49856.995395
-972.879696,1103,49878.893395
-472.177577,1706,49920.188034
-1066.493072,803,49933.59749
-1291.472235,1135,49964.702059
-2021.351174,561,49974.593807
-1176.421516,887,50000.482263
-1941.065186,554,50010.994237
-1336.719221,832,50025.774215
-1620.655771,1512,50063.600103
-145.113535,1365,50099.49868
-1435.931263,1066,50118.281858
-1072.600343,1078,50148.673219
-395.428718,1089,50167.887548
-801.386495,1008,50197.075407
-999.757318,909,50212.786946
-1723.32907,1681,50253.795858
-652.890691,1353,50289.29711
-771.159775,1023,50307.295119
-767.15391,956,50335.699691
-954.405965,1316,50358.578273
-455.923366,1152,50390.389963
-957.107114,896,50405.892074
-386.592831,1205,50438.199435
-334.320783,1208,50469.58991
-1382.623516,1818,50500.686834
-173.615865,1250,50532.899313
-376.723684,1332,50567.791306
-752.975176,1556,50594.289458
-528.496601,1179,50626.103674
-1950.652602,540,50635.497384
-1107.234961,870,50659.800747
-860.342437,1358,50684.495266
-598.399979,1695,50725.484511
-1570.284572,1434,50761.480599
-901.813833,931,50777.3882
-619.511604,1051,50807.185149
-1924.052289,640,50818.693211
-1135.730425,1122,50849.194186
-1079.234167,1103,50869.290225
-598.916492,1934,50913.185962
-509.614664,1433,50949.686357
-755.657777,945,50965.6943
-828.272954,1525,51004.595387
-1873.006202,1333,51039.380728
-959.375959,1029,51058.382482
-233.37722,1224,51091.396681
-405.570377,1183,51112.389888
-906.839248,985,51140.484461
-524.218447,1044,51159.075873
-480.531396,890,51186.393334
-528.387653,1009,51204.277023
-637.864002,3251,51281.886489
-413.275923,1357,51316.682922
-1032.976765,1161,51337.796219
-1536.883026,915,51363.596682
-721.082406,1084,51383.289469
-1422.484148,1503,51420.786209
-386.006975,1710,51459.58431
-1733.231667,602,51471.090584
-1605.161487,1545,51508.600291
-1679.75065,1568,51546.395122
-2350.187203,722,51559.9902
0.0,1,51560.489882
-574.450556,1791,51602.491375
-989.213358,1625,51641.687185
-650.173735,1116,51663.186886
-928.795718,1033,51691.992264
-832.993785,1332,51716.68482
-419.579376,1083,51747.69024
-606.369465,998,51765.089503
-475.317036,1748,51806.900125
-554.325972,1157,51836.703039
-812.551908,1276,51859.301604
-262.875174,903,51885.595156
-417.349828,1179,51907.889683
-1284.465084,1503,51945.890667
-656.283035,935,51973.896863
-803.015887,1579,52002.001906
-1622.429944,605,52023.594499
-692.16797,1100,52043.893643
-214.912053,1174,52075.899347
-1635.477028,1367,52099.485034
-434.035567,925,52127.373509
-473.525751,1965,52172.693746
-978.00319,1776,52215.188998
-329.804537,1439,52240.475216
-1296.351107,1574,52278.891537
-1038.82591,1320,52314.479243
-854.931431,1635,52353.681283
-686.095283,966,52371.097996
-632.73319,1083,52400.795387
-200.445601,1282,52424.592887
-720.969954,840,52450.096163
-884.430786,1115,52470.294842
-246.218938,1654,52511.593232
-717.103364,1033,52529.595497
-1079.32904,1011,52558.498844
-744.509388,921,52574.177999
-474.795979,1087,52604.290854
-1355.248716,1115,52623.903613
-1343.802881,1847,52666.984437
-583.685105,1038,52696.590216
-1140.022577,845,52711.795455
-813.274459,1089,52742.979835
-795.417124,1012,52760.278076
-1067.169174,1469,52796.495143
-804.289101,1546,52835.301078
-507.307502,1144,52855.699056
-1263.260696,1318,52889.676598
-740.482582,1973,52934.677034
-269.917625,1008,52951.699052
-1582.70572,1659,52990.778883
-712.072354,986,53019.274238
-515.582563,1042,53038.4822
-1628.638375,818,53064.190306
-1356.297007,776,53078.491426
-1202.603009,622,53089.391469
-1861.668496,645,53112.492596
-291.615373,1340,53136.097713
-1080.217111,1523,53174.085746
-1706.261409,909,53200.087318
-587.895511,1332,53223.485914
-687.110596,1005,53250.797515
-333.931116,1296,53274.483922
-618.571823,2214,53323.782364
-462.014486,1590,53361.887681
-1665.86361,1314,53396.000229
-994.218326,1195,53417.502493
0.0,1,53417.999967
-884.528405,2095,53465.883446
-1126.47641,1536,53504.080172
-550.381096,963,53530.675277
-763.988844,1067,53550.400148
-2193.992169,696,53562.586895
-954.10898,1272,53595.286553
-525.194027,1009,53623.098231
-974.862077,1580,53651.684033
-1214.685885,1250,53684.884957
-1397.080652,3378,53762.791357
-592.053736,1790,53794.784104
-1146.134572,546,53814.47329
-1123.710655,698,53827.690901
-943.585916,1347,53861.189112
-487.419482,937,53878.58994
-757.447199,976,53906.191996
-714.136667,2260,53956.195165
-464.938756,1262,53979.490797
-334.163027,1115,54009.976512
-608.323694,884,54025.699415
-773.709359,945,54053.681382
-1276.625328,785,54068.381158
-1222.564123,1245,54102.393175
-300.380331,1199,54126.085506
-778.033533,965,54154.090258
-829.62461,808,54169.293505
-1303.759459,1225,54202.587453
-1226.686941,1497,54239.287646
-704.047621,1715,54269.397444
-606.381502,1198,54301.797867
-624.326832,1496,54339.176707
-1185.074928,1588,54377.497332
-403.560837,1123,54397.901386
-1296.730882,1950,54443.682808
-339.404442,1338,54478.198554
-846.859273,1063,54497.695387
-867.753113,984,54525.600793
-1011.157785,1871,54570.680383
-1248.544499,889,54586.99871
-1057.113056,585,54597.187231
-1980.408628,1602,54636.500546
-432.759127,1652,54676.38014
-1008.991114,889,54691.900339
-336.329338,1510,54729.289194
-1535.435316,1749,54769.894563
-202.428103,3346,54847.398285
-269.591239,1554,54874.991585
-1166.296224,1186,54907.389881
-916.434092,681,54919.086529
-1057.546961,1176,54951.494665
-353.914695,1069,54970.095027
-1161.898527,1347,55005.780072
-484.199389,1099,55035.587454
-1669.887483,1511,55061.99592
-1763.699719,550,55083.684408
-524.927169,1016,55101.573922
-946.667229,1071,55130.704475
-305.561685,1103,55150.782484
-248.967509,1229,55183.699726
-1898.856936,664,55195.785223
-273.058736,2708,55252.682745
-879.956612,2670,55321.195039
-1926.009506,1959,55366.094723
-374.944358,1640,55394.483173
-285.185305,1259,55427.591836
-838.127333,1209,55459.800059
-541.079459,1382,55484.88467
-1284.869515,1233,55517.78984
-372.049449,2377,55569.686311
-582.665057,1226,55601.281564
-638.938121,972,55619.306485
-823.977157,1178,55650.589438
-695.295303,927,55667.304582
-649.337267,827,55691.989158
-879.067712,3746,55768.875814
-1897.234668,1639,55808.499098
-354.428475,1032,55837.886661
-1142.328598,806,55852.474963
-2100.949613,676,55864.378829
-929.191961,1226,55897.795446
-365.146022,1362,55933.788873
-412.789515,1060,55952.495854
-1638.393244,502,55961.273556
-1001.699416,2245,56020.690751
-1124.342956,1271,56044.077863
-1437.497202,1133,56074.395904
-418.487368,1235,56097.588257
-572.002718,1860,56140.291496
-2112.218828,1846,56182.999535
-457.775243,1205,56215.890025
-615.389838,1573,56243.89266
-591.928813,2235,56305.195214
-577.360204,1065,56324.797872
-865.423018,1471,56361.875168
-1195.040379,1454,56397.090646
-1105.024578,1323,56420.598844
-1080.269849,1237,56452.586523
-1789.372831,542,56463.101253
-1022.86596,1172,56493.285723
-1628.534878,576,56504.296818
-663.179924,914,56520.378636
-468.504359,1050,56548.988816
-1664.249503,1625,56588.190788
-421.533823,1179,56609.182392
-862.868731,1109,56639.777137
-1046.603563,902,56657.301772
-831.76603,1277,56689.77664
-1034.584696,835,56706.491899
-700.068796,1231,56738.691472
-1548.115281,973,56756.800265
-447.185531,1596,56796.689981
-341.78536,1405,56831.391416
-655.22752,1165,56852.395655
0.0,1,56852.885392
-2149.874894,989,56881.280624
-787.410736,997,56899.190361
-619.433608,1371,56934.701777
-415.935514,1157,56965.100687
-1042.893206,6197,57101.698736
-1347.609207,1113,57122.189997
-1053.830944,1223,57153.998945
-1242.478706,1212,57176.173317
-718.243256,1562,57214.188416
-784.999359,1203,57245.902019
-1351.293843,1258,57268.68242
-2339.030872,2639,57334.787017
-766.205476,627,57345.500413
-1130.635304,1608,57386.189507
-396.25526,1280,57409.393826
-440.69474,1630,57448.784467
-1266.122204,1418,57483.99876
-770.964847,1195,57505.902867
-231.589384,1450,57543.589652
-1302.785543,562,57553.903467
-1428.941439,1802,57596.292602
-985.966072,1063,57626.189206
-1339.506158,1888,57670.603355
-2197.942845,674,57683.27858
-464.962722,1311,57716.793282
-766.12413,918,57733.589261
-1736.741115,1479,57769.779403
-1116.170555,1051,57788.79462
-1803.934716,696,57811.190664
-1104.000904,799,57826.096995
-964.382697,1166,57857.880008
-2108.57078,624,57868.99587
-915.750957,1493,57906.490853
-338.740929,924,57923.981216
-1515.379931,1763,57964.686693
-400.318618,1617,58003.193008
-838.32901,1110,58023.681909
-282.296403,1260,58056.09746
-402.138929,1172,58078.573361
-530.743194,1186,58110.48859
-1279.801657,1597,58149.099887
-1459.990929,986,58167.486053
-593.561884,1275,58201.191398
-699.561248,1124,58222.292383
-1058.754174,780,58247.57946
-304.624003,1180,58269.086223
-424.092598,1298,58304.495416
-300.953125,1149,58335.00051
-1005.278368,1142,58356.084321
-1033.036433,1243,58388.598772
-1883.277931,1872,58432.09486
-777.421695,1213,58454.296412
-402.817682,1662,58494.794944
-738.430816,1035,58523.077706
-955.498637,1232,58545.490981
-454.262199,994,58573.991743
-519.385004,1073,58593.497041
-1075.686094,1117,58623.297446
-1474.783868,1555,58663.075212
-287.950796,1059,58682.999698
-662.833401,1120,58713.39459
-351.639471,1569,58742.195892
-461.627069,1921,58787.091188
-716.018623,1089,58817.281231
-360.336306,1115,58836.693794
-1243.73988,1246,58869.798161
-1242.661595,712,58882.195518
-231.345986,1051,58911.59445
-958.964442,862,58927.096419
-459.336342,2474,58981.999575
-1862.663991,1557,59021.784951
-587.768,1128,59052.093988
-907.199824,765,59066.690521
-1117.50813,990,59094.102586
-1494.933822,1522,59121.881688
-1025.630239,1226,59154.887719
-1348.897038,1467,59192.890382
-418.986284,1130,59212.682515
-1765.121123,1405,59248.182191
-860.812669,1159,59267.685034
-1568.586781,1587,59307.795237
-297.986585,1153,59338.991208
-1542.908955,601,59349.581734
-504.861513,1188,59380.375747
-443.450026,1118,59399.7905
-964.698466,1381,59436.187512
-741.800482,1195,59467.780595
-980.050917,1390,59492.18931
0.0,1,59492.678238
-950.155214,1252,59526.400114
-1630.33685,1547,59563.70257
-1239.107934,1447,59589.090404
-553.03606,988,59616.999489
-1463.51977,1236,59639.199229
-643.356474,1276,59672.380136
-1279.346425,1396,59706.19058
-1311.807032,1587,59735.279144
-1423.82944,1346,59770.283207
-594.993767,1094,59799.082868
-1245.27734,1942,59843.301108
-1256.122228,933,59861.180996
-1227.617307,1477,59896.885401
-1454.264106,1637,59938.577055
-964.332571,1296,59962.888009
-905.775212,1297,59995.889009
-556.871229,1153,60016.275475
-513.798695,1341,60052.796654
-1193.360692,835,60067.795342
-2393.432128,726,60091.989747
-1239.627344,1914,60135.090234
-1760.366943,529,60144.999491
-1236.622432,661,60156.795422
-1360.792035,1262,60189.595876
-935.337102,1189,60221.290155
-383.026566,1887,60254.788803
-1897.613477,2063,60301.09869
-1213.676493,1193,60333.100312
-2546.267687,744,60345.990915
-1746.820063,1423,60382.888465
-1996.833805,630,60394.086345
-1882.668508,1583,60432.580217
-778.528709,1268,60466.385281
-698.216596,860,60481.396536
-465.098741,1171,60512.494942
-614.410192,2156,60560.679416
-1456.615012,1207,60582.192158
-864.134497,2087,60630.59798
-477.760633,916,60658.784164
-675.216603,1579,60697.899415
-300.632738,947,60716.080293
-1176.134275,1963,60760.779902
-616.333935,1136,60791.192958
-1125.088248,1070,60811.093938
-699.857419,1057,60839.693849
-634.719481,1141,60860.50413
-821.96234,1071,60889.103877
-164.328551,1495,60916.398861
-528.955147,895,60944.095478
-760.930398,5972,61075.304683
-1559.447576,1658,61115.386031
-991.022886,1120,61136.377931
-1844.04081,1281,61168.981549
-1578.56197,641,61181.29308
-536.957902,925,61207.897192
-397.079355,915,61224.407775
-1814.567781,1408,61260.089092
-293.12314,1249,61282.878923
-269.050517,1332,61315.976617
-1646.049699,1129,61347.675904
-1098.015214,1000,61365.083373
-646.276655,934,61381.694267
-1705.302175,1148,61412.473912
-619.761858,1830,61455.375981
-470.413269,1810,61497.286502
-715.953081,899,61514.203854
-767.166655,1127,61544.476143
-1213.125367,1363,61569.494448
-1279.651707,1622,61609.681436
-328.517998,1272,61642.389859
-488.927561,1318,61676.003502
-721.604839,888,61691.980591
-1382.115349,1468,61728.673521
-436.108006,1230,61751.398551
-206.475838,1212,61784.382508
-1544.947843,1629,61823.175296
-415.986921,989,61841.773346
-425.529379,1376,61875.685965
-1010.678307,1151,61896.285844
-487.82225,960,61923.798089
-1683.772168,1245,61946.293375
-1210.939449,1242,61978.382417
-1348.73202,1654,62017.782646
-1628.832808,1473,62055.283168
-727.819924,942,62072.502138
-658.540946,1057,62101.393011
-1776.058921,1308,62124.782667
-995.358804,980,62151.97906
-933.464419,1214,62173.60572
-955.302654,1215,62205.283923
-768.612686,1636,62245.30058
-600.187048,935,62262.492231
-463.084189,1111,62292.697101
-1212.006708,1139,62313.99176
-285.899705,1270,62347.28115
-366.941178,1351,62371.783505
-1169.348974,456,62390.298784
-339.480748,1299,62414.874181
-1216.458855,551,62434.886513
0.0,1,62435.383921
-1505.120262,1379,62460.597544
-870.884267,1181,62492.400702
-1872.460961,517,62502.489216
-757.467136,2093,62548.788019
-181.911182,1938,62592.799616
-427.717988,1170,62623.591218
-791.556083,1218,62646.095932
-1235.983598,1182,62677.390552
-807.505677,873,62693.77601
-1321.454384,657,62715.098569
-757.112271,3076,62778.773717
-334.590737,1398,62813.587222
-725.72406,1139,62834.487119
-164.913872,2218,62884.504285
-2347.845502,1815,62928.592022
-157.153561,1858,62970.299548
-262.836959,1109,63000.977294
-1270.365304,814,63016.299295
-1792.963197,857,63042.297125
-701.731212,1077,63061.795722
-1275.109773,968,63089.784573
-428.489021,1252,63112.599967
-397.108534,1281,63146.084717
-1816.549422,1897,63189.787955
-1175.559272,840,63205.883982
0.0,1,63206.399815
-2057.115199,909,63233.494312
-317.608258,1266,63256.577929
-1002.760343,1094,63285.991488
-602.379828,1058,63305.595129
-829.317764,1100,63334.991217
-808.506084,2157,63382.984636
-658.805159,1297,63406.692011
-1669.328151,864,63432.685796
-627.891859,1306,63467.787218
0.0,1,63468.284045
-1693.928196,849,63483.00361
-327.83912,996,63501.593061
-491.248702,1687,63542.384548
-788.556407,1046,63570.588294
-849.36697,2060,63616.798353
-955.031471,2027,63663.593107
-1856.998897,1178,63685.490866
-1530.140949,1392,63720.498308
-1999.137547,791,63735.19244
-660.827601,1042,63763.791079
-561.938612,936,63781.385798
-1707.067646,1842,63823.38524
-1590.228653,1601,63861.595689
-870.752626,1618,63901.078597
-2153.57665,672,63913.492819
-955.675266,2206,63960.877001
-1116.489911,1754,64003.28583
-777.501342,1152,64034.695729
-1672.560584,1638,64065.097131
-479.35295,1669,64105.000284
-530.43065,1512,64141.791209
-508.566957,1769,64182.693151
-1119.597721,1271,64206.076938
-1246.649618,1449,64241.685924
-1000.237784,1181,64274.279165
-386.126108,969,64290.990126
-1187.346167,1291,64324.889359
-1440.302517,591,64335.200536
-1138.779485,821,64360.789723
-433.455006,1458,64385.495567
-987.80705,1257,64418.58381
-1158.81156,1179,64438.495539
-417.014441,1228,64471.292621
-1382.63167,1777,64514.093652
-1848.805197,600,64524.497006
-465.264306,1690,64565.78669
-1870.685758,1720,64607.998689
-789.064022,1306,64642.600054
-369.940356,1293,64664.59999
-297.246548,1184,64697.286108
-562.544527,1740,64738.278137
-1474.877435,558,64748.083017
-1090.375977,1372,64783.889637
-170.617167,1249,64805.684902
-326.381955,1024,64836.200414
-1127.016474,1207,64857.698726
-1412.80005,1532,64896.689768
-526.416526,1615,64935.794918
-605.929055,1450,64960.473681
-1407.873771,1355,64995.577596
-564.173521,1169,65028.404688
-1106.733711,1030,65046.795532
-1558.202876,1731,65089.296718
-576.119037,1041,65118.890477
-1652.343801,1555,65145.083846
-192.37036,975,65173.896642
-826.240086,923,65189.896102
-1548.718328,1427,65226.890829
-677.978452,1027,65244.485658
-1916.146965,546,65266.702334
-1028.111973,1012,65284.482258
-1046.127776,1475,65322.302609
-5577.925446,5188,65434.294857
-1903.775253,697,65458.692519
-496.021449,1471,65496.685642
-4348.891797,7988,65661.702241
-1419.152973,876,65687.190088
-1747.54321,1444,65723.386749
-1223.890068,1527,65751.095356
-288.195588,1214,65782.987296
-831.954086,1750,65826.482075
-1728.483295,2386,65878.383365
-531.08984,1263,65909.891309
-237.6481,1236,65931.993149
-762.30143,970,65958.588326
-823.503277,959,65976.197699
-341.057666,1096,66005.778242
-619.803657,1073,66025.396387
-355.654607,1237,66056.6889
-1894.595491,818,66072.797144
-1202.758764,1287,66106.579483
-1626.285257,1317,66131.2954
-945.994474,1271,66164.187685
-717.824334,1205,66194.397266
0.0,1,66194.893754
-587.028101,1499,66220.784484
-1860.466555,724,66244.076248
-643.232755,1002,66262.590909
-955.930902,856,66287.583064
-452.859677,1544,66315.398336
-910.545823,897,66340.582265
-805.898751,949,66358.284269
-1061.48324,943,66384.978841
-894.162211,887,66401.97981
-294.674193,1626,66440.17477
-751.120609,928,66456.982182
-613.392369,1896,66500.980604
-913.601392,847,66525.492327
-1355.522179,1225,66547.499374
-914.430577,1195,66578.673207
-2195.158738,1478,66615.398882
-507.62249,1037,66634.489271
-757.761529,1062,66663.088122
-1341.830578,856,66678.798314
-746.253962,916,66705.395695
-1516.501947,1135,66725.991602
-1064.779348,999,66754.078927
-2150.063769,1449,66780.300044
-455.0457,1572,66817.17542
-647.031305,1437,66853.684669
-1366.034546,1466,66880.79269
-634.130295,1243,66912.294044
-602.483555,1116,66942.494042
-1719.681598,1281,66965.285715
0.0,1,66965.800594
-255.141767,1991,67011.00198
-905.482332,825,67036.573572
-260.782566,1480,67063.398383
-1317.803792,685,67086.18106
-707.303503,890,67101.586118
-273.245909,2386,67154.694976
-1839.882205,637,67177.4014
-552.035207,1719,67208.291931
-737.85423,1275,67240.699164
-482.289845,1388,67276.990936
-901.435509,881,67292.281821
-819.473561,1813,67335.204031
-2492.244798,1632,67374.288362
-787.507013,1017,67391.993029
-1061.083871,922,67419.889537
-825.951519,1061,67438.091565
-1356.212613,772,67462.886324
-1144.09752,851,67477.198476
-1051.231249,951,67505.39545
-717.229793,951,67522.275967
-478.835152,1041,67551.800936
-557.948562,1072,67570.896744
-356.507975,1567,67608.902094
-507.886843,1122,67628.204158
-1955.429391,1331,67662.675524
-1637.434606,1574,67701.693823
-354.213606,1078,67720.079508
-1327.308133,1080,67749.29882
-1268.644898,750,67762.899329
0.0,1,67763.40734
-720.059768,1044,67793.286682
-267.577247,795,67807.987404
-721.751599,1170,67840.394567
-554.025215,1220,67861.876105
-1588.30027,1389,67897.382111
-329.761737,1188,67929.381965
-1825.149612,751,67942.602802
-360.196419,1189,67963.6893
-1710.305213,1548,68001.482865
-288.049709,1098,68032.303001
-686.92875,1006,68050.2047
-1155.84963,893,68077.685672
-980.945644,990,68094.790882
-471.657264,1250,68128.19238
-4124.078542,11361,68367.787407
-1543.188116,1308,68400.892235
-1723.832887,1416,68436.487127
-1759.3903,1407,68460.800739
-1643.598849,1630,68498.080499
-700.729564,929,68525.384535
-1650.668657,544,68534.992579
-1120.521124,917,68552.094647
-1881.971067,1572,68590.790709
-700.778097,1297,68624.092162
-2149.177088,1547,68650.681921
-834.634618,1039,68686.399891
-708.760839,1098,68717.397442
-1071.008147,1207,68737.997447
-721.970917,1034,68768.194712
-890.169458,1410,68793.199694
-1013.502176,1270,68827.100566
-1178.712956,936,68842.990302
0.0,1,68843.492167
0.0,1,68843.976024
-1353.65025,1055,68873.89349
-1029.770295,1450,68910.492045
-654.200544,1289,68933.686747
-1428.606361,958,68962.394745
-592.344523,1118,68981.688835
-360.843796,973,69009.894512
-306.427595,847,69024.982323
-2184.175959,653,69036.585481
-1302.21234,1085,69066.494122
-1710.418817,1656,69106.192229
-2045.34337,583,69117.181192
-1614.230073,1444,69154.18997
-578.740746,993,69171.206564
-1625.414286,759,69196.991972
-570.639478,988,69214.477145
-1529.19856,1543,69252.59036
-1834.180526,595,69263.291781
-294.118226,927,69291.384759
-906.759604,1697,69320.088649
-1138.849469,1164,69351.301619
-1216.904379,866,69366.690912
-354.030705,1245,69399.298486
-994.551179,998,69427.196213
0.0,1,69427.696321
-1823.183719,639,69440.303912
-2099.221718,618,69451.598665
-885.031267,988,69480.288241
-534.951021,958,69497.777003
-2217.801484,1478,69534.886551
-875.812625,788,69549.275981
-1082.765306,589,69559.980759
-791.061606,1765,69601.08893
-2166.632615,634,69623.286887
-1147.374306,878,69639.474789
-1256.28124,1473,69674.985807
-1711.947485,598,69685.478906
-966.256508,1488,69721.598842
-1691.390773,1648,69760.597836
-841.906366,1066,69780.982083
-713.743768,888,69807.200322
-575.822697,657,69819.996404
-1566.919646,876,69835.581668
-1148.590509,1028,69864.096158
-801.560218,1176,69884.484629
-303.962738,1767,69925.987462
-853.942079,880,69951.595724
-1155.619566,623,69963.789987
-934.988258,855,69979.180003
-535.86444,1183,70010.873358
-973.445672,1053,70039.593071
-940.753461,1170,70060.974081
-455.235807,1568,70098.282999
-1843.85651,570,70109.578383
-213.056751,1483,70146.100077
-854.37273,1656,70185.491971
-2204.137895,627,70197.575176
-1069.592214,1297,70231.007679
-1857.96462,536,70240.878588
-568.254399,1608,70279.598401
-499.773344,1450,70305.277626
-2905.865854,3991,70396.092232
-950.465447,751,70419.601971
-1398.093561,1303,70443.885416
-318.334624,1582,70482.103441
-1019.44784,858,70507.582743
-548.37463,1301,70531.182719
-439.416091,1305,70564.482933
-583.37817,1242,70586.792217
-873.909767,1947,70631.889839
-1864.500421,855,70657.697868
-689.152356,1219,70680.79152
-288.426869,1333,70714.791593
-427.214193,1773,70756.589983
-241.494207,1274,70780.281294
-979.114745,899,70806.779537
-560.827556,1495,70844.80872
-2931.413866,6335,70983.387458
-1558.853303,514,70992.800811
-1340.755342,1140,71023.799418
-351.174032,1320,71046.58816
-938.436298,1015,71074.999597
-417.371415,920,71091.885749
-1163.820763,1127,71124.790737
-721.475253,706,71136.890163
-478.378166,1654,71176.299831
-1128.591442,1476,71213.882359
-935.862516,1039,71231.684802
-2113.161797,1412,71267.395162
-1528.224285,575,71277.49989
74.327775,4551,71375.67376
-385.324258,1826,71419.093739
-935.210004,701,71444.09062
-1258.784805,954,71460.891016
-636.536253,1960,71506.686329
-587.44536,1600,71545.38915
-1436.545135,472,71553.579265
-1606.485308,456,71561.680876
-1006.272027,1354,71597.380038
-734.004586,998,71614.497624
-1404.256828,1504,71652.287279
-611.963119,1594,71692.292518
-2209.836189,707,71704.904745
-853.127899,1146,71737.284228
-263.681601,1823,71780.588937
-886.096349,1380,71804.288652
-481.654557,1291,71838.077461
-721.977198,1187,71869.682326
-434.022076,1786,71899.984563
-1363.867268,1708,71941.397164
-728.581452,1087,71970.800786
-1359.913077,1724,72011.796129
-1170.359852,533,72021.288313
-420.805255,1800,72064.087308
-485.526359,1349,72088.17812
-326.131467,2443,72152.183829
-668.871629,833,72167.694417
-1749.905158,1322,72203.400996
-1734.70621,638,72214.394188
-1770.236955,1303,72249.177956
-285.312794,2360,72300.395502
-2034.759215,5261,72411.699494
0.0,1,72412.280879
-1488.986332,1563,72449.791537
-331.071258,1130,72480.386139
-2912.408109,1802,72510.585707
-811.504901,1574,72547.874915
-855.852708,1209,72579.493107
-1081.221125,508,72588.101192
-1361.697713,2339,72638.702506
-2235.83395,3940,72725.998401
-1448.472665,1127,72757.297238
-765.689268,955,72774.888447
-1516.375114,678,72797.292604
-1263.368837,1139,72817.798191
-549.754321,1455,72853.583038
-546.5832,1068,72871.895448
-1944.376791,793,72897.778764
-1645.206716,840,72913.19276
-1210.326565,1513,72950.875207
-2086.964399,1364,72983.595277
-644.192263,3276,73050.284946
-746.163268,1684,73089.591527
-1447.045582,906,73105.695218
-2154.357432,846,73132.686799
-1508.906256,2677,73190.295953
-1147.859037,1216,73223.28361
-1392.467053,610,73234.682837
-1547.067016,1188,73265.494216
-1974.198181,1346,73290.380949
-1691.000623,649,73312.179894
-688.009953,937,73329.879745
-316.611538,816,73344.599321
-728.802811,869,73371.676248
-1914.868823,710,73383.976001
-836.360845,2034,73429.483744
-560.315518,892,73455.09984
-1195.573999,1271,73477.792008
-897.988263,1033,73507.000712
-763.19298,1096,73525.994831
-1808.533847,1375,73562.092932
-535.674003,3928,73652.190046
0.0,1,73652.685789
-789.962858,1532,73689.782387
-1377.4664,1161,73710.087313
-1071.783782,545,73719.680681
-608.358395,821,73745.689618
0.0,1,73746.192355
-1757.844742,715,73758.779353
-729.378547,3048,73832.491076
-1335.036089,1019,73851.197197
-1561.685946,442,73859.284432
-1573.196747,460,73878.386059
-1308.292574,1200,73899.483302
-1545.386801,451,73907.398516
-455.616978,2436,73970.681382
-1588.299603,452,73979.591207
-1209.473047,636,73990.884981
-1492.946141,759,74004.095266
-608.135059,1164,74035.990104
-521.896656,921,74062.195045
-1462.816654,483,74071.592616
-395.489417,1178,74091.106377
-589.895057,1418,74128.1015
-974.988935,1108,74159.098454
-1045.423473,579,74169.896855
0.0,1,74170.377365
-479.200826,1010,74187.978867
-1943.033017,1431,74224.38261
-365.014198,989,74253.199759
-674.937587,1571,74279.991355
-905.148177,1174,74311.577799
-1575.125172,449,74319.892156
-992.025731,1618,74357.99694
-1020.515682,1213,74378.49624
-812.179768,1117,74409.283359
-713.873272,1527,74446.888195
-640.452727,1496,74472.394846
-1589.222603,1474,74509.092506
-849.68294,860,74535.279748
-728.150717,1197,74556.477136
-910.653089,1446,74593.483162
-2257.400501,1431,74630.192878
-1397.240713,471,74638.698699
-303.983808,872,74653.877641
-301.496286,894,74681.686668
-754.366864,566,74691.981442
-1540.409813,1355,74727.374894
-1336.403599,1379,74750.692379
-898.671251,912,74778.974241
-894.353495,1416,74803.079318
-1859.636861,1271,74837.57494
-822.741804,507,74846.48051
-2719.166531,3618,74931.00146
-656.528469,1164,74963.989241
-2201.394786,1437,74988.297862
-1569.101368,699,75013.006372
-506.933744,979,75029.99413
-692.997283,799,75056.30384
-1515.616294,1732,75084.992283
-1224.052848,2009,75129.687536
-1047.108983,1656,75169.900953
-1581.359377,1259,75203.087615
-1457.731606,2111,75250.000577
-405.950014,996,75267.09076
-1658.917367,659,75290.596536
-599.461378,2377,75340.996647
-616.040798,1188,75362.100306
-1083.721272,710,75385.490486
-1546.459617,1229,75406.698454
-1479.636735,1299,75440.995444
-327.201958,890,75457.390047
-1759.262914,1710,75496.897865
-1354.090604,1528,75534.680119
-322.664944,949,75552.091023
-903.124977,840,75577.277335
-636.854782,948,75594.297083
-1885.350918,906,75620.684026
-1709.544228,1195,75642.286275
-747.190532,927,75668.087911
-2347.431841,2133,75715.48804
-949.282538,1604,75753.189412
-2286.251161,983,75769.885027
-1524.406293,477,75778.587227
-742.360157,1712,75817.987378
-559.008108,1388,75852.495874
-686.939969,799,75865.980188
-852.582126,1968,75910.681458
-2051.488486,685,75934.594283
-1413.666654,507,75943.786611
-1775.976209,1422,75969.374538
-1017.66832,1182,76000.793533
-1828.215101,1340,76036.104301
-2142.704846,597,76046.592966
-551.229648,820,76061.496871
-1904.935006,1236,76094.105099
-851.1657,1523,76131.195599
-693.737043,1050,76148.892035
-495.901196,2717,76216.883361
-561.942723,857,76231.60117
-1509.590416,4106,76321.987387
-546.26833,1925,76364.199402
-952.53253,1267,76397.09338
-517.74004,1031,76414.780636
-722.122924,1163,76446.796955
-564.434732,885,76462.189706
-1735.805424,1208,76493.779338
-324.778719,1271,76515.799576
-844.789222,1396,76551.188943
0.0,1,76551.676756
-1465.52197,1704,76592.093539
-2092.056059,675,76603.689721
-656.156653,790,76628.382366
-459.707459,3084,76692.090388
-628.161249,2668,76748.19447
-1894.890462,1319,76782.383944
-689.893862,1617,76821.799046
-1187.087416,487,76830.275365
-438.544291,1712,76870.787983
-1352.819806,1122,76889.981158
-1209.486334,691,76913.974905
-731.955551,960,76930.175233
-1403.913772,1304,76963.798441
-549.194601,880,76979.103738
-1180.447718,647,77001.08801
-1224.844041,2476,77054.289387
-830.970263,970,77070.98963
-1527.631181,3430,77155.494764
-882.928109,895,77171.690978
-482.892438,2277,77224.102094
-1357.701475,1118,77255.68508
-957.740334,789,77270.101012
-1512.040921,988,77299.986306
-610.868918,1878,77344.490323
-494.738292,1203,77365.388704
-670.748215,880,77393.602858
-1056.528678,663,77406.978587
-357.780885,3125,77485.687805
-896.601844,1047,77504.88746
-619.320527,4921,77623.489425
-595.15097,1025,77640.696464
-1063.085539,838,77656.080122
-548.082897,1316,77688.886719
-819.116102,814,77714.393523
-1480.49863,1165,77734.597408
-1051.503989,700,77746.980054
-2077.874194,627,77770.0018
-1304.817207,660,77781.390519
-988.977186,1004,77810.086404
-467.691487,1030,77828.283513
-954.251094,2237,77876.699319
0.0,1,77877.278567
-525.491438,1256,77910.275008
-687.43408,960,77926.680852
-929.889687,1050,77957.282417
-1577.99125,1225,77979.001819
-954.002297,864,78005.787741
-252.979502,2423,78058.39697
-1331.330305,969,78075.895048
-343.565085,4787,78191.696873
-1061.320544,1067,78210.289219
-1234.348471,474,78230.175406
-1686.61076,1210,78251.297899
-822.209804,2506,78306.893724
-1787.477822,1249,78340.294149
-242.390176,1722,78380.903355
-1738.571343,1200,78402.500416
-1625.998779,480,78422.987509
-623.223362,1587,78450.894299
-856.203962,1223,78484.578046
-1763.819007,502,78493.494391
-660.713595,1831,78537.795581
-1490.50543,1057,78568.09382
-249.944774,1539,78594.375448
-511.5383,1509,78631.598362
-1113.103545,1146,78664.899913
-884.050921,759,78678.790611
-685.283132,773,78692.603619
-301.776276,1376,78728.799151
-1578.084099,1363,78763.892171
-1786.456673,649,78775.483106
-1619.960579,1201,78808.29599
-331.66149,843,78823.297995
-1310.194617,1093,78855.873488
-1205.767342,869,78870.895661
-1801.131102,1291,78905.176347
-491.624784,1448,78930.186936
-536.755405,2218,78979.0022
-1625.826918,1135,79011.978631
-1970.359629,896,79027.783199
-769.038418,1147,79060.10072
-1631.053357,1166,79091.996331
-1558.182999,657,79103.500145
-317.056221,1645,79143.181709
-748.841491,766,79157.095789
-631.258727,1416,79193.604648
-1463.814914,2510,79247.89588
-990.600989,768,79261.393902
-658.909905,1271,79295.794372
-980.079821,5061,79401.285268
-1843.09352,945,79429.695994
-1630.606086,480,79438.773466
-797.690804,1146,79470.701468
-651.667918,1237,79492.487497
-1205.368981,1360,79527.988354
-320.37882,1008,79545.094539
-418.794423,787,79570.486148
-1517.141615,2018,79616.798695
-1750.519277,1183,79637.278903
-960.259755,1136,79668.496392
0.0,1,79668.995664
-795.811176,911,79685.18803
-2335.017156,669,79709.598981
-2186.770381,639,79721.29078
-1259.662276,988,79751.091364
-1281.184462,1192,79771.491476
-328.29238,813,79797.181881
-781.665503,1256,79818.39821
-829.76792,884,79845.478877
-286.100114,1015,79863.382813
-1983.062349,1719,79904.288594
-2337.808472,650,79915.686769
-924.676943,1499,79953.194851
-1529.59179,483,79961.782564
-1400.483283,3120,80035.100858
-1611.361559,699,80047.481185
-483.582558,2852,80106.085555
-1335.41631,1156,80136.87608
-1563.06322,1195,80167.777703
-1371.882349,1219,80189.699866
-819.989503,1524,80228.190069
-1468.051817,696,80240.591416
-969.194299,782,80264.789989
-2732.995248,1884,80307.995517
0.0,1,80308.481387
-438.832729,818,80323.987924
-1463.044846,1073,80352.295568
-1733.026144,1199,80374.700173
-765.30021,4893,80477.893948
-1256.294234,454,80495.999774
-1193.758893,699,80509.693849
-187.706581,1319,80542.199913
-233.403049,2429,80595.399811
-1927.570682,3749,80681.599778
-612.974948,1193,80702.987599
-1922.982214,1351,80736.081583
-2565.141129,690,80748.986265
-446.279505,2054,80794.695378
-1935.121999,1312,80828.004032
-765.485392,906,80844.68598
-380.260963,957,80872.098514
-779.12589,1142,80893.079505
0.0,1,80893.583618
-1279.032328,465,80912.281608
-1955.120597,824,80926.985505
-1108.503113,1255,80959.378904
-1652.577993,878,80974.573881
-1017.113272,929,81001.795837
-495.195114,1616,81029.796149
-622.405395,1592,81066.695055
-965.909005,1577,81104.787188
-597.128499,776,81119.196788
-464.804046,1389,81153.703954
-330.553189,839,81169.291127
-664.034041,1152,81200.190663
-896.170148,1223,81222.598356
-684.658393,786,81246.797888
-546.480395,1148,81267.784152
-1013.738335,1411,81302.102897
-679.68312,1431,81338.07743
-1395.365371,1043,81357.183685
-631.126596,1736,81397.090522
-459.090617,1533,81435.875898
-1835.621685,473,81444.386975
-533.794112,3564,81526.48527
-1480.873839,473,81534.995715
-1359.14492,1443,81571.078353
-340.506561,1158,81591.281976
-245.563308,871,81617.697772
-387.243709,1761,81659.400063
-686.812214,1346,81683.585693
-1513.023885,597,81705.285264
-483.222786,2290,81756.292619
-836.161112,1129,81775.790751
-1372.677493,1535,81813.797165
-997.562339,1195,81845.799557
-2216.935459,631,81857.291134
-1621.248735,1208,81890.981447
-793.997969,4486,81988.490105
-617.776087,889,82004.104151
-1723.010706,1239,82037.685359
-658.806291,757,82050.68733
-1185.467953,1008,82081.685064
-912.77591,494,82090.982985
-614.535684,1135,82110.18467
-1552.164198,695,82134.493875
-899.041838,1423,82159.193667
-1679.033405,1769,82201.69153
-537.905466,1907,82246.781306
-1504.936423,2261,82296.799408
-1110.6841,893,82324.585944
-605.838876,2554,82379.884633
-913.727009,1117,82412.200318
-796.31415,787,82426.188955
-1308.938389,1129,82458.091794
-1053.950814,2236,82508.199673
-989.12045,543,82517.482576
-1423.976743,459,82525.682829
-1138.181488,759,82539.099528
-1802.353053,1279,82572.673487
-1533.551251,1134,82603.996868
-721.742062,578,82614.678126
-2007.753901,3081,82679.089174
-701.882466,2272,82739.586786
-1521.904363,946,82757.188015
-1600.161986,457,82765.297491
-804.633709,919,82792.786741
-684.63938,992,82809.899475
-647.51178,1488,82847.790785
0.0,1,82848.298784
-679.026368,1599,82888.094822
-598.990032,751,82900.90399
-2028.240327,2012,82948.378558
-541.794374,1231,82981.297848
-1046.900742,1049,83000.185994
-435.113342,1060,83030.096529
-381.235759,1591,83057.383647
-995.740967,1229,83089.79114
-1044.424951,1069,83118.592853
-1398.462962,564,83129.57772
-610.886894,1497,83165.290092
-331.675777,843,83180.777023
-334.608784,870,83195.994865
-791.653616,690,83218.592682
-709.027491,888,83233.797924
-347.629937,983,83261.782185
-1379.69118,1199,83283.297836
-855.342331,497,83292.374287
-328.175768,963,83321.091737
-727.672282,1866,83363.597206
-618.014366,1164,83383.778999
-614.455891,1848,83426.300085
-1086.400587,1047,83455.976705
-2067.509836,1489,83492.574618
-278.800128,851,83508.593221
-1908.33329,690,83521.094385
-764.04629,932,83549.581738
-2107.677312,932,83566.184322
-1480.939572,692,83588.881579
-504.977946,875,83604.880382
-1509.224404,466,83613.096658
-1372.781152,2179,83661.389373
-2384.76333,662,83683.485942
-641.193115,2029,83728.800903
-2115.583962,1371,83754.002027
-1201.267712,456,83762.074546
-198.803376,649,83784.891915
-1624.597775,1416,83810.48197
-1662.465704,708,83834.5938
-1342.125289,916,83851.280238
-1327.103142,2206,83900.786865
-2629.888122,1594,83940.178232
-1177.823052,1122,83970.999393
-1644.249341,1044,83991.183739
-2277.011129,1439,84028.497329
-701.801632,1039,84045.593718
-705.615204,1909,84090.386204
-229.556202,862,84116.892237
-503.858414,916,84133.605483
-762.058562,3250,84210.586571
-696.897515,2391,84262.603287
-1363.2834,770,84275.786017
-413.301021,1028,84304.497787
-403.165614,780,84318.597777
-970.90648,1440,84354.09998
-912.128907,1280,84386.478148
-1896.270009,669,84399.586832
-1883.818488,1305,84433.192828
-802.428114,2093,84480.191338
-1775.89621,1704,84509.774933
-2265.796851,1602,84548.000951
-745.892059,826,84573.690643
-737.235585,547,84584.577737
-1489.24525,1251,84606.578742
-1900.101732,655,84629.274865
-1046.484471,1241,84650.897493
-691.767474,975,84679.498374
-1030.097406,3119,84743.882077
-730.302478,1137,84774.985328
-941.98956,1130,84794.381031
-1729.79767,1375,84830.796838
-856.719504,534,84840.279342
0.0,1,84840.777501
-393.397538,750,84865.185018
-1618.070656,654,84876.788744
-2325.459736,1402,84912.69278
-1464.191487,673,84924.589527
-801.012896,2432,84976.495847
-1353.065117,743,85000.195312
-1639.399032,472,85009.492807
-1923.501932,1324,85042.695197
-940.048314,1621,85071.6965
-288.653262,813,85096.29964
-968.961498,1122,85116.588052
-1320.901654,457,85124.603458
-1609.359793,1209,85156.906827
-1121.811391,920,85183.19164
-386.536866,771,85198.291034
-922.164638,851,85212.894736
-362.739111,806,85237.881104
-910.073277,960,85254.976875
-1552.287223,1174,85286.691944
-790.945576,1211,85308.092923
-341.718876,778,85332.293032
-1693.141277,453,85341.197154
-882.848267,1812,85382.679017
-2127.306168,1378,85406.490606
-383.296942,852,85432.787391
-505.599802,763,85446.376342
-672.259307,930,85473.796859
-326.982729,780,85487.893427
-797.143208,1105,85517.39477
-1700.986558,1216,85538.98507
-217.045949,755,85562.393759
-964.118045,1108,85582.284709
-1278.052638,484,85591.106139
0.0,1,85591.594896
-1076.307925,438,85609.500986
-1914.682264,1291,85633.193741
-1575.052042,2418,85685.594406
-1509.717586,1099,85716.104259
-599.162501,990,85732.896669
-631.972973,972,85760.578406
-331.472123,790,85774.904474
-1541.909716,451,85793.583427
-382.914683,844,85809.090353
-1102.997172,676,85821.0734
-1868.871125,1259,85855.091066
-1994.21827,1306,85887.894679
-696.264436,861,85903.277136
-1893.12275,1392,85937.784193
-618.240626,942,85955.090909
-684.59827,968,85982.199897
-1060.663675,1519,86008.985887
-1522.832403,736,86032.194291
-2019.271545,665,86044.3928
-675.492818,652,86056.687611
-1004.477729,1764,86097.498243
-852.630135,1823,86138.588819
-700.550697,614,86149.785358
-149.13686,715,86172.80099
-1562.446965,1120,86193.287018
-531.583642,831,86217.996585
-1394.232731,1049,86237.900276
-1322.770337,475,86246.19225
-1263.830167,796,86269.978587
-649.449902,757,86284.476443
-2112.307298,1320,86317.290559
-1115.069158,1764,86359.295136
-552.573894,984,86377.4768
-1170.425847,1379,86410.998109
-217.811781,702,86424.596611
-713.699591,2016,86469.296678
-1253.433404,1278,86501.28148
-1221.143578,1133,86522.076298
-1105.921373,1040,86550.794231
-264.461394,771,86565.173887
-622.177174,1142,86594.895465
-586.200179,647,86606.802912
-1515.944185,667,86618.997017
-526.228125,1869,86661.48948
-1068.416455,1078,86689.684582
-1227.280278,748,86703.500859
-302.80336,769,86727.490486
-2235.1727,657,86738.978251
-1082.308438,1344,86772.992534
-1249.62673,473,86781.98407
-626.41791,743,86795.489762
-944.658718,950,86822.4
-500.722393,1023,86840.678439
-804.925996,1017,86869.0955
-322.868162,678,86881.093355
-526.623829,907,86898.198057
-568.987758,867,86923.174321
-1363.693448,719,86936.585661
-1208.515299,1964,86980.690197
-1392.720008,2461,87034.18608
-476.266027,644,87055.873817
-1433.041693,1630,87084.704951
-582.928898,855,87110.383852
-1425.558003,469,87118.975274
-633.904545,521,87129.09398
-1424.761203,1071,87157.195514
0.0,1,87157.694748
-920.518054,1830,87199.87868
-2138.716196,882,87215.973822
-948.628416,743,87239.583474
-885.181297,502,87248.488707
-911.748022,935,87265.703746
-696.057474,1149,87294.790822
-1861.074767,1245,87318.174045
-1395.979709,880,87343.284723
-505.160507,618,87355.500057
-1213.859407,1155,87385.702472
-1559.512029,1148,87408.280214
-1544.170676,1168,87438.198767
-597.814005,571,87448.492636
-1198.959527,1176,87479.878204
-383.066025,796,87493.302136
-701.566359,1595,87531.395651
-785.011982,1986,87575.388642
-1209.413638,1143,87595.894355
-1063.809009,1420,87630.084013
-1879.163035,845,87645.990163
-345.100862,790,87670.487104
-1711.745299,855,87686.002293
-610.671456,794,87711.178304
-556.785839,612,87721.796735
-460.739391,683,87734.104211
-513.898245,870,87759.489208
-331.169317,785,87773.188003
-1312.471607,813,87798.68824
-1186.545755,1436,87822.780635
-1593.415615,1129,87852.686914
-873.314918,969,87869.502136
-997.075551,1251,87902.494855
-1047.681697,1760,87945.090318
-1613.330782,1177,87965.299248
0.0,1,87965.881902
-673.678328,856,87991.875599
-679.006852,544,88001.597318
-1521.141783,1204,88034.295014
-353.631129,804,88048.29085
-1011.664392,1624,88087.491767
-681.130941,596,88097.979024
-700.06177,707,88110.387695
-942.925862,449,88129.88498
-1511.712534,443,88138.385475
-1754.265076,1211,88158.887166
-745.059412,984,88188.573316
-524.502452,659,88200.282716
-191.616967,733,88224.683787
-359.236527,805,88238.886587
-3117.851562,1802,88281.405116
-782.183684,1967,88325.982703
-733.416785,2226,88375.090171
-804.542048,1039,88392.786218
-1420.738458,837,88418.583711
-539.005495,1980,88463.402328
-1724.484892,1212,88484.494841
-968.301726,928,88511.883001
-1021.734232,1047,88530.495601
-775.080728,1422,88565.577927
-1537.360328,1118,88594.886498
-511.661442,783,88609.204544
-1194.947043,1210,88641.500257
-1421.143812,1073,88660.296935
-330.710433,765,88673.192046
-435.180931,769,88697.595205
-624.115699,2099,88743.69524
-1516.97708,666,88755.880955
-1023.571779,1057,88784.598807
-539.787331,780,88798.99524
-586.195942,913,88824.380184
-1452.293523,1078,88844.090343
-1453.949225,1079,88873.196642
-1177.879135,1339,88897.481039
-1475.92319,854,88923.08656
-969.114327,526,88933.377269
-771.195117,964,88949.993927
-1802.96492,1298,88984.195457
-403.282542,848,88998.789919
-1462.549266,1134,89029.498927
-1381.763736,1106,89048.599764
-518.180292,791,89073.794143
-683.828424,912,89089.887047
-2075.516667,633,89111.284574
-3160.113792,1879,89155.478995
-821.767823,513,89165.697356
-1112.998086,806,89179.796778
-1087.296358,656,89201.300138
-796.211704,1206,89223.198022
-1143.929116,781,89236.775994
-715.460522,1419,89271.699881
-999.106718,1140,89301.700005
-2375.1851,1422,89327.397139
-3114.408599,1959,89372.40867
-600.879918,942,89401.502603
0.0,1,89402.095281
-922.733632,1242,89424.195561
-1275.554496,1101,89455.195876
-748.682345,1247,89488.198936
-799.117569,932,89505.50283
-973.139115,1278,89539.382697
-1801.522641,635,89550.895412
-1218.055845,1091,89580.900967
-624.288928,896,89597.792083
-1126.174425,1059,89616.394423
-1709.409113,707,89640.500627
-350.710757,859,89655.986434
-1147.182666,1049,89685.783804
-1588.573596,439,89693.602955
-788.089473,1226,89725.37831
-822.3161,984,89742.992295
-1081.603657,1039,89771.802756
-1851.916546,1281,89793.997557
-580.393904,962,89822.100614
-545.14575,1875,89864.390481
-600.388681,817,89879.198851
-248.061684,715,89891.597293
-1353.428686,1104,89922.698735
-781.684328,1014,89940.478037
-364.079862,778,89965.678357
-1177.918683,1276,89988.188569
-854.515885,1473,90025.778923
-519.22781,1946,90070.876668
-1724.250239,647,90082.677282
-658.82643,650,90105.685289
-929.729168,1147,90126.67707
-2043.015447,592,90149.19926
-1602.312468,712,90162.690925
-458.657175,2022,90208.495177
-792.978821,961,90225.400028
-1999.685725,624,90248.202107
-962.915419,924,90263.981737
-303.136127,799,90278.097921
-1068.969282,952,90307.083118
-1413.815016,1070,90326.59542
-1762.860231,792,90353.181062
0.0,1,90353.677549
-889.307993,1022,90371.579165
-623.222718,1560,90411.396588
-1744.105148,689,90423.690424
-508.509315,603,90446.18041
-518.762514,1595,90473.20015
-473.458222,754,90498.38529
-1476.196623,445,90506.099212
-865.953741,1461,90543.286328
-709.485708,461,90551.392156
-898.671206,442,90558.876045
-1540.800355,797,90584.589945
-221.859595,651,90595.897351
-506.4059,1175,90628.093302
-363.10394,726,90640.894794
-1012.818311,1450,90677.492178
-907.810913,1175,90697.775834
-427.356273,832,90723.481766
-910.983806,2116,90771.689959
-707.173263,723,90784.198819
-496.372559,901,90800.203022
-549.338056,1381,90836.88523
-1029.497884,566,90847.192543
-779.729629,2068,90901.995669
0.0,1,90902.500399
-707.756669,917,90930.995783
-1487.619649,476,90939.491273
-698.834066,1188,90972.198965
-725.596547,933,90988.704475
-2027.16434,676,91001.595088
-778.172725,988,91031.479595
-1081.683931,1212,91052.983699
-2024.052699,1558,91091.88378
-506.681541,794,91116.975785
-1369.127732,1065,91135.485416
-481.863362,1335,91170.483488
-683.751162,1482,91207.691633
-1073.805749,769,91220.599283
-791.716849,1423,91256.794005
-568.236403,802,91270.402287
-1374.422836,436,91278.497748
-2470.305073,1754,91320.086164
-964.485545,517,91329.09443
-1000.479298,835,91355.583124
-482.872506,849,91370.300212
-247.374235,783,91395.695405
-949.683614,1453,91420.782206
-438.396687,1275,91455.191014
-1854.018417,696,91467.206338
-573.98225,555,91476.999906
-809.752928,494,91497.503659
-584.519853,1218,91518.375756
-738.622394,977,91547.602395
-400.654748,1357,91571.77562
-1220.153057,1662,91612.480021
-506.995028,1306,91647.686761
-518.464828,990,91665.596591
-1311.061565,1064,91696.295168
-519.041646,991,91713.987144
-903.985477,1036,91743.991899
0.0,1,91744.485799
-1623.783345,476,91753.182384
-228.170267,955,91781.779356
-700.077098,939,91798.37851
-1496.227831,1077,91829.18609
0.0,1,91829.675494
-289.509232,2285,91879.893656
-1592.374973,1205,91901.382358
-1365.0641,1480,91939.299197
-1202.906419,1103,91970.59157
-1134.770259,1416,91994.383165
-216.006476,712,92019.690799
-694.134987,1085,92038.899387
-689.72372,1292,92073.396184
-1492.98379,1019,92090.991653
-865.411538,1383,92126.679094
-828.839417,1145,92146.775982
-2140.043161,601,92169.00064
-329.357671,1495,92193.894674
0.0,1,92194.394253
-333.546683,1611,92234.193446
-651.010723,727,92258.988439
-286.1643,1030,92277.584605
-1228.861356,735,92290.575588
-423.204651,1166,92323.200212
0.0,1,92323.774665
0.0,1,92324.187211
-363.120788,1271,92358.092796
-471.229116,865,92373.27949
-665.545974,670,92384.48897
-1721.567586,455,92404.487798
-1269.014622,1021,92422.687671
-837.209123,1072,92454.093187
-664.555071,1113,92473.590889
-2085.953902,1411,92509.997567
-1690.927188,1383,92545.394861
-766.536395,2564,92601.10017
-558.160027,1093,92619.976459
-304.744227,758,92644.693721
-381.261035,1215,92666.179766
-1510.385526,1532,92704.284922
-784.474463,950,92731.892667
-1825.858866,665,92744.19106
-1064.498484,1064,92762.999453
-813.383479,1004,92792.386911
-656.504378,712,92805.088368
-848.386633,552,92815.176875
-816.290959,999,92844.783544
-685.380522,752,92858.300229
-1916.515992,637,92882.089887
-169.573474,1865,92926.07351
-586.731242,1028,92945.176193
-1829.048147,571,92955.899465
-933.542534,588,92978.579212
-1874.119542,1400,93003.876127
-204.277937,821,93031.391945
-1063.162347,1177,93052.498366
-1018.18759,926,93080.974025
-1806.891618,1705,93122.382959
-1201.760405,1392,93146.692139
-434.929909,743,93171.881851
-652.82668,948,93189.186657
-750.338456,618,93200.280268
-1410.78616,667,93223.697341
-976.644071,417,93230.998961
-303.568712,783,93244.804428
-955.463876,526,93266.683155
-679.469174,677,93278.596075
-785.082438,801,93292.895582
-329.387204,1183,93326.375337
-2029.962689,602,93337.483414
-409.61313,1120,93369.889839
-677.358979,1127,93389.392131
-2083.681032,594,93412.177326
-824.729472,989,93430.495552
-132.830377,1628,93470.981815
-499.728392,863,93486.396302
-1040.263812,1443,93523.500678
-1361.678525,490,93532.294816
-724.091398,855,93559.394502
-461.451277,722,93572.178807
-840.534507,1529,93610.687529
-46.958853,1886,93655.684973
-201.712971,2107,93703.98038
-1116.507074,802,93718.087254
-427.875182,1300,93752.697165
-1179.854008,765,93765.973677
-1126.584002,663,93777.987948
-236.685336,879,93805.504071
-464.466375,963,93821.676855
-743.923589,1161,93853.784186
-874.431143,1008,93871.38781
-150.113577,846,93897.889936
-1139.269629,569,93907.794716
-240.033072,1211,93939.98527
-818.573859,875,93955.894636
-829.07559,1033,93984.791277
-897.670335,658,93997.201756
-986.173866,643,94008.496391
-1839.379933,574,94019.187221
-564.780568,763,94043.686191
-1865.516506,489,94052.497909
-362.173963,1402,94087.283441
-884.362433,1030,94105.878055
-1284.415418,669,94128.091884
-363.892887,2047,94173.481747
-436.591868,923,94191.890849
-733.26386,1075,94221.587713
-2108.675102,612,94233.285765
-959.566215,636,94245.080882
-326.033322,1547,94283.982991
-956.709828,1229,94315.593156
-707.440418,1051,94334.492919
-677.601261,1050,94363.276244
-42.900221,3985,94441.992907
-1368.482142,1185,94474.486573
-994.091467,1604,94512.875571
-1369.599221,505,94521.899194
-570.241189,797,94535.884066
-1843.25883,628,94558.29514
-224.516984,826,94573.093697
0.0,1,94573.601418
-1131.020141,893,94601.578978
-599.587294,1321,94624.593626
-1063.637434,789,94647.204626
-875.006482,972,94664.989997
-1193.876774,1019,94693.488397
-1420.178456,1166,94714.583377
-1979.579369,638,94736.286556
-453.362702,932,94753.893525
-763.218997,945,94771.099556
-506.215643,892,94798.680075
-716.649493,788,94812.708343
-472.824073,1261,94846.079179
-317.818359,728,94859.689945
-1703.105092,463,94868.487641
-790.606224,569,94889.778718
-675.228083,1276,94913.390824
-623.04604,919,94939.688253
-1358.608752,941,94957.089269
-716.228786,925,94984.298489
-1147.649035,472,94993.975142
-435.686113,2007,95040.399882
-359.044025,655,95053.20276
-770.980645,942,95080.074812
-954.442793,1074,95099.591032
-904.612697,1293,95133.897556
-1964.476584,554,95144.093528
-1017.0404,1235,95176.397061
-836.184557,518,95187.200398
-673.938337,1425,95222.294076
-609.719812,715,95236.096124
-356.207428,1612,95275.087111
-2123.156445,1720,95316.201155
-919.601195,1562,95344.690331
-584.346983,960,95372.491527
-646.115368,775,95386.888157
-835.451513,954,95413.698936
-481.732636,726,95428.194975
-529.244442,895,95454.186529
-768.990654,552,95464.104003
0.0,1,95464.680689
-822.324478,1180,95486.299582
-1493.426388,1677,95526.388095
-1665.224874,1246,95558.392162
-1158.01698,565,95569.494731
-1526.566438,839,95583.980875
-284.960059,2293,95643.090946
-971.151017,1214,95665.792184
-1534.296073,660,95687.683331
-507.018776,824,95702.792299
-623.351226,674,95715.382399
-162.886633,755,95739.073326
-2022.387074,1497,95766.190873
-1582.250476,727,95789.496065
-469.107724,1509,95817.300289
-431.369178,911,95843.795134
-997.317353,516,95854.174539
-898.156416,1432,95889.680313
-389.34043,2030,95936.09562
-551.594319,664,95949.289001
-493.912406,1323,95982.697074
-547.809413,687,95996.583587
-1023.899986,1056,96026.587069
-225.665778,2225,96077.092694
-519.936993,1394,96102.694911
-377.336369,1524,96140.775705
-1611.913101,455,96148.897455
-704.826834,631,96170.99077
-385.445939,733,96184.996693
-1536.618993,1568,96223.397465
-374.710332,1433,96249.599141
-277.087423,930,96277.595928
-585.378851,1216,96310.478321
-2191.729767,669,96322.487033
-1392.179785,1557,96362.179311
-1477.806063,1172,96384.697794
-205.433958,2026,96431.190777
-372.947163,785,96455.30267
-588.9699,1131,96476.297884
-1020.809825,543,96485.997518
-852.531967,1046,96514.303911
-392.333835,1315,96548.582809
-243.675734,798,96563.39965
-488.321471,1182,96595.090599
-873.487298,1728,96625.798796
-1233.757994,1088,96655.297676
-353.629668,2391,96708.498276
-1640.39557,655,96721.175591
-651.786012,744,96745.099299
-836.390393,670,96757.796214
0.0,1,96758.37767
-1115.20099,962,96786.592662
-1499.47771,760,96800.691105
-749.814955,1162,96823.203319
-276.013107,905,96850.079356
-1869.614899,627,96861.495082
-695.522264,1145,96892.386806
-419.985206,1308,96916.083681
-323.921467,849,96940.898847
-1314.462361,1064,96960.678399
-721.563814,600,96982.099705
-712.6306,548,96992.198027
-370.466067,794,97007.573663
-1558.25095,1305,97041.793644
-1476.809267,457,97050.401798
-538.109975,2906,97121.998158
-588.145084,1856,97154.892323
-862.957444,963,97182.973985
-321.398359,768,97197.484638
-447.883606,964,97225.677295
-1194.516709,888,97242.991973
-589.587536,1663,97282.377289
-501.019528,760,97296.991089
-527.313307,1623,97337.879803
-910.857215,754,97362.073513
-463.700831,742,97375.892741
-1845.507123,1353,97410.473363
-1561.356936,1487,97437.393714
-486.221091,847,97462.89994
-360.016193,1284,97486.290386
-1126.704746,481,97505.095865
-575.725004,1251,97528.098714
0.0,1,97528.59986
-445.658089,1032,97557.202379
-1120.275675,1159,97578.399022
-377.298337,768,97602.400699
-1678.170019,829,97618.477328
-1491.61748,453,97626.880344
-339.932184,811,97651.487316
-529.847058,1385,97676.695488
-327.582684,848,97701.683619
-679.798066,1131,97723.277207
-420.002843,845,97748.594147
-956.106336,1184,97770.378451
-631.194801,1160,97800.989969
-1632.41034,1819,97845.080925
-733.820904,981,97863.484182
-1474.885305,640,97885.399937
-1543.466196,1283,97908.583283
-398.279735,2258,97958.777469
-895.217479,2033,98005.892035
-1240.454561,1290,98039.785916
-414.157204,776,98054.693913
-783.436796,1346,98089.18334
-888.343251,1021,98108.582824
-906.194189,549,98129.406206
-443.880806,767,98144.692199
-536.017697,1290,98177.682731
-1005.600065,1342,98201.896652
-600.467085,1269,98235.504483
-1236.02151,790,98249.499106
-1518.064154,859,98275.402757
-970.727222,1511,98313.386016
-2362.088388,680,98325.493451
-1276.979612,457,98334.579284
-868.835064,1161,98364.792297
-549.88131,767,98379.082371
-1051.89301,2861,98440.183082
-1374.048493,1065,98471.487032
-937.742386,1165,98504.090047
-1335.129828,1344,98528.28296
-558.386016,949,98555.682045
-1140.504248,1086,98575.900963
-932.462867,496,98584.689641
-1239.950405,1233,98617.289601
-1413.887039,1160,98649.101383
-1061.181998,1824,98681.492314
-480.748497,2130,98740.176902
-1759.045876,1763,98771.589981
-2009.621243,1551,98809.790851
-1659.640257,1249,98842.900993
-352.930346,755,98858.20262
-1771.90647,878,98884.274582
-1155.181507,465,98892.277572
-943.656316,1386,98917.49031
-1485.143976,1499,98954.277805
-403.304755,730,98978.681361
-538.76129,785,98993.604468
-554.81592,1554,99031.689224
-1198.950184,503,99041.290975
-490.520314,731,99055.503453
-396.0606,714,99078.387084
-922.954434,428,99085.693383
-1128.645277,1461,99123.201323
-923.222534,1105,99143.573394
-156.055521,657,99155.889268
-964.831746,1204,99187.782397
-1435.467463,430,99196.587254
-842.171859,957,99224.295635
-831.619722,459,99232.59009
-1558.492421,702,99246.694983
-869.495361,577,99267.704123
-991.846514,995,99285.483204
-481.886921,1586,99324.500129
-802.351546,1136,99346.77972
-236.75534,683,99369.697668
-2069.669215,660,99381.78325
-411.240308,736,99396.491133
-1074.009613,496,99415.785268
-1529.994623,1146,99437.685548
-707.477002,1312,99471.282457
-706.852512,802,99486.997835
-320.372674,775,99511.191015
-1137.623899,2396,99563.09162
0.0,1,99563.590219
-555.152597,844,99579.695047
-170.622207,766,99605.307423
-445.789009,802,99619.790555
-962.14069,1196,99641.694624
-223.56391,639,99663.889131
-1200.13715,432,99672.294146
-765.965583,970,99690.577246
-1143.781329,1623,99730.783269
-1362.759277,501,99751.101658
-1825.824672,1380,99776.286799
-577.836988,761,99800.686485
-952.725344,1266,99824.48729
-1859.858525,766,99849.374712
-1557.180747,780,99863.192481
-335.14641,694,99877.090338
-1009.195969,1732,99920.376167
-1778.566006,1366,99955.582285
-1433.500512,1271,99979.600268
-1108.997525,2082,100027.502745
-668.032421,4053,100119.103101
-1169.630452,852,100144.695164
-2275.008515,1557,100182.993126
-472.555098,781,100197.100265
-484.528652,1614,100236.786303
-466.952066,1475,100263.782592
-323.082735,703,100287.487448
-763.322725,928,100304.896106
-796.736489,1306,100339.178848
-171.66128,758,100353.182231
-1000.993727,1358,100387.891075
-421.112469,796,100403.678396
-573.32806,1290,100436.883273
-1363.897893,651,100448.890675
-900.144267,1181,100480.779211
-611.126579,761,100494.580034
-317.383409,2381,100547.394233
-585.496713,1067,100576.683045
-538.470653,744,100590.68515
-1310.755907,1364,100625.884803
-1367.961653,798,100641.493519
-489.062213,760,100665.983864
-1321.062436,2811,100724.895792
-461.662531,1643,100765.304676
-1047.075213,1181,100787.089221
-488.160185,1439,100822.581593
-1596.017421,774,100848.175666
-1917.960794,1532,100875.200424
-1286.178535,1626,100914.494756
-420.831182,1577,100953.593665
0.0,1,100954.095546
-668.809196,910,100970.378338
-1298.238763,476,100990.19699
-1453.96235,459,100998.401479
-505.434846,793,101012.602127
-261.122673,980,101042.386927
-2241.968538,1627,101070.87984
-1931.839066,1426,101106.387535
-1189.858654,2188,101155.490697
-708.599327,1311,101190.690504
-1246.253856,943,101207.494536
-1026.244078,855,101234.58686
-340.783237,2382,101286.490476
-530.772337,985,101303.78546
