#{"t_start": 1682068885.291147, "env_id": "TruckTrailer-v1"}
r,l,t
-482.001245,1268,52.492869
0.0,1,52.999313
-1052.329037,833,80.781468
-773.118035,2029,129.277161
-1500.288556,4164,222.901356
-1984.366264,5352,335.197372
-161.76232,1668,375.287642
-922.470516,965,391.600919
-643.992514,3143,467.677443
-613.897775,1572,506.193299
-1177.346073,1295,528.801326
-1465.961979,1251,562.500236
-425.19148,1765,603.690868
-205.620095,1775,644.990432
-248.210491,1541,672.582787
-670.212749,1898,717.796562
-184.238027,1796,760.577842
0.0,1,761.006553
-794.390381,2736,830.395586
-1166.517476,2436,884.60622
-178.978826,1567,921.489556
-185.384518,1671,951.296057
-318.043159,1672,991.798199
-248.238523,1678,1032.499417
-336.938977,1749,1073.58823
-707.158833,2128,1121.100898
-247.775482,2379,1174.884645
-449.61271,1759,1216.883471
-387.474593,1820,1258.997572
-113.748002,1499,1296.592087
-260.818664,1165,1318.07974
-467.742685,1629,1356.395843
-169.277767,1216,1388.801777
-238.318456,1839,1421.483757
-468.953689,1158,1451.998493
-1074.371785,1186,1484.394235
-1054.959185,989,1501.402361
0.0,1,1501.997184
-1114.64001,1886,1546.094805
-228.58633,1511,1584.386892
-657.677374,2130,1631.791628
-219.191762,1532,1660.501814
-1187.215884,1319,1694.598019
-1371.097476,2854,1764.680655
-291.26258,1318,1789.002435
-772.831722,2198,1838.175137
-394.788411,1772,1879.289408
0.0,1,1879.805191
-402.830276,1880,1922.999575
-1289.037542,1656,1962.596534
-727.271809,1131,1983.480199
-252.104231,1532,2020.588773
-765.383505,1818,2063.087847
-856.1991,2278,2113.982158
-2351.150011,5260,2233.894412
-1377.338233,1055,2252.589455
-592.45862,1978,2297.397731
-1035.769984,2123,2346.183981
-968.545564,1999,2391.689207
-600.034606,2762,2462.676499
-216.759868,1627,2490.987365
-577.691832,1904,2534.502569
-1091.876433,961,2563.092163
-1933.034549,3242,2629.291056
0.0,1,2629.798834
-700.011723,2105,2677.99268
-1541.952175,2299,2728.699169
-337.399795,1764,2770.686412
-604.028384,1488,2808.606358
-203.009578,1515,2846.799654
-1303.44682,2906,2906.781344
-1653.13319,1792,2949.885691
-234.563575,1426,2986.799921
-552.578177,2436,3041.088182
-746.782003,2156,3090.392971
-879.61726,1741,3132.600692
-994.385756,1999,3179.580496
-496.153363,1846,3223.596576
-492.402031,1203,3244.401257
-883.15318,1619,3284.784781
-224.060655,1606,3323.398022
-1160.37715,2384,3376.083063
-1221.49652,2335,3427.499242
-220.581873,1645,3467.393693
-295.974728,1771,3510.388405
-498.433989,2024,3556.385984
-343.292266,1949,3600.284572
-161.242157,1534,3636.994871
-732.046631,2071,3683.999851
-386.659072,1626,3712.193099
-464.892168,1851,3755.785162
-396.489388,1987,3801.303092
-566.893162,1819,3844.203444
-1320.196564,2656,3901.006599
0.0,1,3901.597179
-891.953354,1917,3946.17836
-350.644247,1960,3991.697461
-1600.802976,4150,4084.201098
-449.289617,2464,4147.883625
-1209.42593,2842,4209.097471
-792.672794,2306,4260.081061
-336.748569,1946,4304.603628
-974.456503,1078,4334.103341
-259.753715,1968,4379.378141
-771.056172,2181,4428.37568
0.0,1,4428.887951
-837.025738,2337,4480.89506
0.0,1,4481.389055
-935.474589,1311,4505.506299
-488.64637,2102,4552.984556
-355.433429,1111,4581.892975
-1477.779775,1438,4618.086536
-1839.126961,3100,4684.100876
-298.833184,1209,4716.597246
-532.582656,2306,4767.295679
-1690.764212,4434,4866.086595
-173.29445,1511,4902.296066
-2030.854155,4707,5006.901764
-60.751999,1470,5043.789752
-943.222474,2092,5091.598939
-823.761301,1225,5113.905967
0.0,1,5114.405742
-1246.337,1041,5144.176432
-1595.145687,3423,5224.37962
-653.997755,1899,5268.786413
-1039.713286,2474,5322.597172
0.0,1,5323.183821
-1493.4901,2872,5384.903875
-765.247846,2230,5434.595843
-293.564107,2056,5481.997744
-617.549058,1950,5526.984195
-1530.989375,3897,5615.686286
-1994.440182,4452,5714.077545
-952.584994,2431,5767.182725
-443.638881,2360,5829.483779
-1243.396994,2591,5885.976622
-2336.041207,6208,6024.096093
-528.359476,1972,6069.099863
-740.036282,1755,6111.283807
-373.07761,1917,6156.777227
-1290.962067,1041,6175.683828
-385.802056,982,6203.196095
-246.710377,1831,6246.505832
0.0,1,6247.083903
-1322.172036,2909,6308.791995
-1555.405179,3903,6395.893254
-881.944298,992,6414.801886
-1313.018451,1011,6442.300243
-662.598009,1544,6480.806545
-3777.349036,11974,6731.005936
-1283.487646,2106,6779.695323
-805.474921,2204,6840.785454
-267.811077,1764,6870.502006
-242.651177,1558,6909.394957
0.0,1,6909.898891
-353.455107,1491,6947.280291
-931.471186,1083,6966.682432
0.0,1,6967.180928
-4100.056539,9726,7185.508554
-940.014753,1084,7216.683704
-522.274507,1669,7258.396575
-247.374476,1664,7287.904623
-1334.770471,2580,7356.694432
-1211.009126,1026,7374.195794
-1646.61845,1071,7405.388718
-718.141869,1890,7450.882508
-256.8808,1624,7478.998244
0.0,1,7479.496805
-493.99284,2450,7545.393264
-504.229395,1619,7573.588715
-388.458503,1683,7614.49557
-370.826468,1699,7655.987106
-372.788764,973,7672.980515
-494.7106,1992,7718.803742
-270.703715,1756,7762.009402
-347.362452,1474,7799.600087
-393.733978,1687,7841.089608
-2223.20716,6246,7980.688507
-541.961391,1875,8025.397004
-1075.812864,2275,8076.698099
-1179.80663,2144,8125.704272
-943.574351,1090,8146.392407
-783.823088,2387,8210.196043
-1385.95072,2096,8258.110242
-966.809244,1801,8300.80018
-1439.601228,2482,8355.587899
-486.059683,1978,8401.582842
-1470.759819,4591,8501.575555
-477.901344,1864,8544.901032
-2162.063108,3041,8608.079463
-3355.463085,5035,8727.494428
-3373.828611,5009,8836.494514
-644.22232,2311,8888.590871
-364.349946,1877,8932.888451
-201.158461,1728,8975.175229
-263.870146,2780,9035.297115
-379.827793,1866,9080.996105
-403.402643,1791,9124.68906
-499.797369,1921,9171.480507
-1007.475625,2147,9221.496865
-475.374583,2064,9269.297694
-367.328764,2255,9320.796659
-392.132158,1884,9366.000357
-1012.495357,2206,9416.888396
-877.352691,2165,9466.081176
-3318.802004,5103,9588.39736
-1502.01991,3440,9669.597861
-950.862761,2446,9722.700722
-34.019911,1109,9743.096606
-345.125333,2219,9791.708732
-1622.862724,3250,9869.685174
-2762.851797,10122,10097.306397
-341.815747,2006,10143.489621
-584.404288,1889,10188.396659
-1320.414837,2021,10235.277454
-754.262209,2228,10286.902094
-424.907828,2084,10335.076983
-156.161105,1207,10368.489473
-1360.129052,2290,10420.397527
-3114.748015,8859,10617.177592
-239.531057,1764,10659.306654
-2512.339008,7976,10837.984415
-228.455797,2017,10884.784122
-1399.605767,2206,10933.797507
-947.100629,3154,11000.49617
-761.696584,3081,11075.901527
-242.604375,2516,11132.301752
-996.460215,2586,11189.305944
-348.632457,2168,11238.292371
-3366.034679,9826,11456.680423
-1755.372181,1063,11485.594429
-328.589947,1870,11529.595351
-494.070932,1421,11555.982672
-1584.444383,2401,11608.007798
-1323.007638,2215,11666.998007
0.0,1,11667.497082
-1264.031502,2035,11714.082016
-201.782209,2008,11760.491594
-673.508241,1902,11794.704491
-394.619407,1831,11837.689944
-579.81826,2372,11900.892046
0.0,1,11901.397966
-380.259552,2062,11949.904718
-3596.837588,5193,12060.698272
-201.281237,1782,12101.69309
-251.58125,1693,12141.702795
-671.711004,1479,12169.201823
-318.029593,1510,12207.697905
-874.613578,2917,12281.499336
-2972.055712,10696,12516.398976
-2485.316542,9714,12736.289748
0.0,1,12736.706258
-304.433141,2128,12785.097612
-752.979059,2248,12836.089144
-297.806213,2167,12885.694667
-1177.802597,1938,12931.181442
-1507.351585,2045,12978.077532
-1547.641472,4084,13070.08941
-237.09926,2382,13122.59691
-965.691744,2633,13179.887551
-835.568051,2971,13252.181093
-315.226954,1965,13298.282222
-305.50743,2106,13346.593925
-617.587005,2097,13394.992488
-1275.866243,2525,13450.803126
-690.514456,2553,13506.899655
-474.829995,2018,13553.783693
-863.431233,2235,13604.795622
-256.03544,1909,13650.699708
-300.372684,2017,13697.709874
-905.445841,2660,13755.483357
-2999.427367,6971,13917.778018
-272.705895,1806,13961.590988
-557.179043,2123,14011.301704
-1421.254163,2430,14065.79563
0.0,1,14066.280763
-240.04083,2073,14113.183526
-3164.945916,7564,14285.377122
-506.919518,2490,14340.495486
-263.009274,2028,14387.199144
-681.32428,2092,14435.497004
-3365.062957,7587,14609.980599
-252.391651,1785,14641.496014
-3186.085226,6003,14777.798669
-756.100908,2295,14828.796045
-325.727281,2091,14888.694422
-1242.71116,2652,14945.59234
-228.578045,1938,14990.092558
-465.818996,2095,15038.602809
-667.532718,2104,15086.704723
-397.093424,1803,15130.276745
-1098.940187,1960,15175.602681
-500.800518,1997,15222.801754
-8092.355067,12846,15505.589642
-193.139572,1994,15552.38371
-912.790896,2759,15613.692443
-1554.072235,2952,15686.995461
-4143.794799,6352,15830.091456
-510.650785,2229,15881.388646
-2166.32171,4088,15974.298617
-273.211112,2190,16023.595644
-466.210437,2258,16076.587069
-1245.365344,2232,16127.501185
-1202.562177,3105,16205.688514
-1372.459535,2822,16267.797842
-4330.906038,6894,16419.880766
-1574.057128,2761,16490.502105
-885.290774,3238,16559.288443
-230.91561,2207,16610.204107
-335.120628,1846,16654.095564
-1221.563652,4196,16747.997588
-4043.791518,8286,16935.587831
-3708.827322,10279,17166.091919
-915.566226,2784,17237.678087
-843.184567,3350,17307.696584
-3632.859664,14871,17646.59818
-3576.138066,6314,17787.086999
-534.390815,2293,17838.992546
-3673.09262,5348,17950.501069
-2076.332883,3120,18027.393932
-1418.174177,2260,18077.996594
-858.513408,2399,18131.887538
-150.029545,1988,18177.290548
-839.531813,2190,18226.694
-336.704525,2351,18279.675246
-793.970216,2052,18327.199514
-498.619375,2442,18393.889055
0.0,1,18394.391953
-97.759495,1618,18421.485123
-1203.014489,2177,18470.900403
-81.228032,1252,18505.790889
0.0,1,18506.298971
-428.003828,1814,18549.699549
-759.110002,1370,18585.801631
-1346.361144,3064,18650.479846
-1248.787859,2511,18705.798173
0.0,1,18706.387301
-1555.168478,4804,18821.995396
-2507.61026,3689,18906.888397
-978.399949,2381,18960.098328
-472.275517,2011,19006.894266
-242.191184,1940,19053.1882
-389.233766,3246,19121.494375
-644.966393,2758,19191.778241
0.0,1,19192.295065
-53.662768,1726,19224.691901
-657.350677,2224,19276.398668
-1016.282682,2021,19322.686892
-51.312815,1904,19367.190917
-496.56321,2202,19417.89317
-33.607597,1854,19461.803848
0.0,1,19462.392856
-894.11003,2630,19530.189999
-2884.369516,5793,19655.106585
-538.116344,2211,19716.888319
-3937.233436,9431,19918.197169
-522.453546,4092,20010.603924
-615.835362,1848,20054.792792
-3972.815861,6259,20193.803563
-46.75724,1600,20233.296409
-3115.969949,7294,20391.001493
0.0,1,20391.505696
-351.585513,1650,20431.202708
-99.030788,1380,20466.999504
-561.156517,2076,20513.905982
-315.367088,2043,20561.886762
-295.893682,1926,20607.60385
-940.98536,2247,20659.105451
-1760.676294,5543,20789.001253
-918.916445,1913,20834.283759
-2667.788227,3496,20905.278776
-258.280389,1624,20946.403682
-1606.971078,3514,21029.796828
-934.40483,2057,21078.19979
-1571.428991,2942,21139.298169
-117.136786,1810,21182.590018
-393.256607,1787,21226.084154
-1793.53787,3162,21305.799729
0.0,1,21306.29734
-2964.791238,20057,21737.595394
-791.425039,5326,21859.689519
-886.612485,8750,22052.187969
-4036.427675,7851,22228.900568
-1062.163622,1850,22273.292549
-78.984807,4124,22365.798215
-1487.002558,8049,22545.495313
-939.047341,2528,22600.575784
-1272.009153,5491,22727.898751
-769.775918,2164,22777.18583
-2526.529922,8283,22961.288872
-1802.909139,7853,23137.997076
-4390.452686,10589,23374.002425
-538.620072,5379,23501.777645
-1813.042825,2816,23562.895937
-3877.94709,6047,23699.800856
-615.892277,2458,23755.298757
-1080.559187,2231,23806.292274
-2127.839966,2007,23851.999296
-4451.338412,8196,24035.378888
-2360.317426,13925,24345.298825
-494.260176,2832,24406.704503
-1234.901284,3271,24485.19294
-990.529973,4281,24581.394647
-38.314453,4177,24675.3915
-304.026766,2070,24723.900006
-1327.078546,6951,24887.492843
-2664.375051,2429,24941.590565
-839.208872,2130,24989.897598
-4413.236368,8115,25172.001846
-128.094683,3934,25262.190496
-741.017339,2304,25314.688546
-1993.265491,10307,25542.588202
-1416.25348,1798,25585.376144
-2019.362477,7773,25750.089519
-1064.413503,4673,25865.284067
-638.811873,2347,25919.288892
-68.303036,2391,25973.103086
-644.16502,2006,26019.695597
-1833.135448,9858,26239.592546
-2078.436962,1830,26283.001165
-460.217885,2091,26330.998912
-894.423654,2203,26381.398652
-1055.127911,1847,26425.799076
-861.653642,1633,26466.787684
-1348.041717,9918,26679.497015
-706.534071,1658,26720.377413
-87.722055,1404,26757.2862
-125.126502,1384,26792.900416
-808.036678,9008,26990.584996
-1080.788975,13385,27283.182143
-223.82982,1145,27315.703618
-1287.439167,3338,27397.376001
-1178.984206,2074,27444.991665
-1959.544788,4300,27539.196526
-3062.272425,3503,27610.576093
-1189.871215,4913,27729.176584
-1731.164422,1880,27774.285879
-376.087692,1667,27814.294373
-365.23423,3362,27884.698869
-136.038357,1379,27921.293096
-846.026,6980,28071.594242
-534.049493,1523,28109.787832
-830.201019,1805,28153.878618
-839.553822,1391,28189.206184
-1486.356426,2677,28247.481379
-236.410455,2676,28304.593439
-209.725197,2021,28352.176131
-216.767751,1715,28394.590162
-1735.680873,11075,28631.789191
-481.285593,4489,28739.591333
-1104.324943,7863,28915.498559
-461.276594,2958,28977.302498
0.0,1,28977.802716
-2472.042636,9901,29200.794564
0.0,1,29201.294868
-792.222754,1865,29245.27587
-320.009836,1747,29286.779758
0.0,1,29287.280031
-21.620669,2045,29334.297231
-1281.741805,1825,29366.889613
-1796.639838,6646,29522.300788
0.0,1,29522.880423
-13.812519,1127,29542.586278
-2657.986815,7546,29716.782238
-1826.008395,6606,29862.097908
-5.046306,3082,29938.181448
-2979.679319,7039,30088.394764
-996.491271,4780,30192.885469
-2923.006327,7016,30356.193519
-3023.115059,9758,30572.601121
-37.168133,1308,30596.99347
-833.805515,4479,30694.987064
-450.677618,5028,30814.802373
-1155.054321,6905,30964.396832
-1512.459077,2785,31035.002173
-1365.375045,15147,31366.900957
-1189.341001,9288,31573.583983
-47.773768,1430,31598.694126
-1180.109095,10807,31847.70313
-1369.770674,9656,32053.593768
-260.730709,5296,32175.50296
-223.049698,2742,32234.299559
-1219.627678,1802,32277.196272
0.0,1,32277.699891
-367.964798,1947,32322.698037
-619.169601,5410,32446.79217
-352.300768,4314,32540.788529
-63.272567,2876,32603.290858
-990.285541,2981,32676.101784
-485.907933,5405,32792.37666
-504.756294,2089,32840.402987
-568.110838,4434,32937.987665
-1452.3886,1410,32974.491801
-504.820936,1655,33014.802044
-812.357464,2961,33078.405601
-882.662492,1918,33123.784953
-262.469956,4042,33214.694718
-1093.920128,8070,33394.296985
-579.569357,4121,33484.699739
-127.499183,1309,33518.98937
-50.278606,6791,33669.983563
-1520.612241,3896,33757.890063
-1946.527326,1678,33797.892906
-983.92543,8691,33988.688847
-874.647064,1880,34032.983489
-160.608701,1542,34072.57666
-1160.261442,2108,34121.00087
-23.000919,1323,34156.69211
-238.573827,3391,34225.095711
-1365.598569,1764,34267.492035
-450.574421,1742,34309.203457
-625.783125,1626,34349.59495
0.0,1,34350.094901
-338.668233,10049,34573.98687
-318.788679,1630,34603.995826
-737.794728,7351,34771.797725
-914.802045,1784,34814.407192
-708.424432,1574,34853.475991
-224.331798,1594,34882.000742
-709.850596,1371,34917.60058
-466.514861,1844,34960.788074
-441.489931,1528,34999.289287
-52.743512,1118,35020.780772
-1510.939615,2420,35075.486106
-669.564719,1783,35118.206533
-263.506985,1737,35159.697195
-648.020006,1922,35202.894036
-183.554138,1634,35242.188009
-798.862818,1463,35279.893146
-337.94247,1355,35305.783307
-321.932796,1701,35346.084084
-2819.585444,2719,35404.30398
-259.156981,1434,35441.592601
-181.889772,1104,35471.981159
-247.988798,1388,35498.379405
-684.148193,2325,35549.800532
-451.15779,1541,35588.192534
-820.665406,1457,35625.07885
-1166.229666,1541,35663.38903
0.0,1,35663.987255
-442.795296,1094,35684.780723
-719.828735,1417,35720.979069
-415.748695,1667,35761.097512
-342.678296,1610,35801.083718
-215.420468,1514,35829.003729
-765.994426,1897,35873.476358
-497.115164,1142,35904.401382
-591.629896,1767,35946.401587
-130.095534,1030,35965.880213
-26.432784,1035,35994.483955
-1147.147518,2713,36054.090865
-1032.812757,2161,36104.098204
-511.235415,1573,36144.001545
-346.895959,1663,36183.189034
-369.925882,1518,36211.193876
-183.60358,1593,36250.898327
-1085.668176,1625,36290.97522
-148.223536,1368,36326.081522
-579.548454,1658,36355.306283
-394.055997,1650,36395.900105
0.0,1,36396.375943
-204.942486,1548,36434.904446
-103.213973,1369,36470.486612
-760.789465,1538,36497.892436
-158.969041,1399,36534.804626
-362.455197,1224,36567.596931
-190.359089,1095,36586.897551
-302.957166,1140,36619.591213
-1033.935279,1644,36660.393851
-1092.515631,1578,36688.184324
-854.377597,1880,36733.702236
-360.152561,1461,36771.576839
-273.382623,1664,36812.58568
-789.638293,1920,36857.504688
-688.61102,1883,36901.99405
-232.734483,1331,36924.700963
-599.783599,1361,36960.584404
-955.437626,1441,36997.491156
0.0,1,36998.001672
-235.600104,1313,37021.294902
-1303.873885,1557,37061.287947
-421.917743,1362,37097.006475
-2790.022175,2308,37149.181384
-1482.131772,1355,37172.790108
0.0,1,37173.292204
-846.941466,1802,37216.805189
-337.228363,1476,37254.594319
-808.356068,1003,37284.689607
-93.679468,1043,37302.59848
-115.68092,1204,37336.295572
-547.788198,1722,37368.103876
-454.678993,1390,37402.276773
-447.104238,1274,37436.581478
-183.867513,1311,37460.692141
-2227.089638,1671,37501.393849
-806.051694,1374,37537.685372
-153.688598,1313,37572.587067
-472.048957,1514,37600.175826
-130.562994,1286,37633.495782
-464.087309,1524,37671.595538
-371.810121,1586,37700.790658
-266.289283,1324,37734.493294
-524.586658,917,37762.207905
-2458.209921,1788,37793.696782
-620.025848,1312,37827.802068
-1640.151511,1478,37864.893219
-168.653097,1137,37886.393203
-1005.155148,1589,37925.303863
-763.717669,846,37952.376852
-102.12212,1140,37973.382011
-1226.039645,1585,38011.900384
-1249.31634,1483,38050.796913
-1523.765806,1449,38077.991592
-355.636031,1373,38113.199244
-316.820234,2269,38165.206027
-100.54867,1111,38195.289619
-88.499164,1071,38216.183152
-231.016427,1253,38250.183822
-1964.315238,1831,38292.992214
-1114.129895,1459,38319.600904
-1887.551545,1595,38358.993295
-140.279758,1105,38390.683258
-532.944973,1362,38414.804116
-104.909256,913,38442.78179
-484.84708,1175,38463.597848
-374.495551,1430,38500.580451
-282.491538,1377,38536.6056
-199.929878,1243,38558.989241
-865.068747,1307,38594.094136
-519.590747,893,38609.905681
-1023.027771,1530,38647.997323
-1602.581626,1371,38683.595727
-1319.838226,1750,38726.899469
0.0,1,38727.396299
0.0,1,38727.889655
-247.288027,1183,38749.004112
-201.436382,1245,38783.304654
-225.495572,1244,38805.806107
-523.480107,1491,38844.50219
-466.217291,1261,38878.379203
-125.563106,1102,38899.088731
-285.050628,1310,38933.502371
-752.431361,1085,38964.478944
-881.77173,1436,38991.286412
-930.619734,1183,39022.900685
-906.21916,1755,39065.599474
-670.305377,1410,39091.606261
-1375.263037,1506,39128.584038
-212.407525,1169,39161.498018
-190.980217,1136,39183.083388
-374.178975,1412,39219.296545
-332.253578,1200,39241.394888
-479.830841,1243,39274.505834
-356.32497,1216,39307.401163
-615.223473,1297,39330.879699
-1338.821985,1318,39365.502472
-1094.300578,1505,39403.784934
-1207.891239,1151,39424.293014
-161.975388,1074,39454.203778
-97.432207,844,39469.498877
-368.712918,1226,39503.698095
-732.524283,1370,39528.505812
-1289.132962,1555,39568.801049
-277.551032,1263,39602.806551
-809.806371,1470,39640.377554
-1603.840367,1369,39664.37554
-2086.478385,1364,39699.783899
-183.155004,1218,39721.502652
-477.849046,1017,39751.993026
0.0,1,39752.494967
-376.365411,1214,39784.788396
-773.147045,1090,39803.377571
-226.018676,963,39833.291512
-738.350548,1038,39852.491855
-561.008558,1158,39885.683761
-319.938928,1097,39905.395614
-628.536203,1470,39943.595445
-838.304282,1150,39964.888429
-914.183375,1047,39994.106297
-537.116867,1111,40025.596713
-164.502384,1164,40046.299748
-2352.330235,1514,40085.294368
-1273.802189,1303,40109.904897
-143.106909,1072,40139.392787
-479.537316,1378,40175.980755
0.0,1,40176.484901
-443.05116,1067,40195.702504
-1103.670191,1200,40228.205327
-166.533956,1271,40252.28364
-780.256753,1124,40281.590916
-1341.1592,1332,40317.099707
-207.326453,951,40333.601525
-609.863661,1224,40366.805301
-172.181487,952,40384.301219
-909.259968,1347,40419.993515
-131.37992,818,40434.691663
-1049.926051,1097,40465.497566
-286.33938,1244,40488.492996
-136.406485,1062,40518.398321
-97.544227,876,40534.997218
-319.100853,1048,40564.886888
-211.885172,1182,40587.3831
-350.690783,1244,40618.899422
-915.303045,1267,40652.980274
-591.967555,1431,40679.101064
-1489.589358,1081,40708.599748
-693.884256,1105,40729.584259
-197.88144,1135,40759.985125
-1226.804835,1272,40793.802346
-335.773913,1115,40813.483117
-1320.437371,1185,40845.095015
-193.512018,955,40863.282907
0.0,1,40863.880384
-1141.061049,941,40891.104737
-1199.032504,1115,40911.799355
-833.332668,1002,40940.005373
-704.420934,945,40958.482076
-850.542683,1031,40986.784544
0.0,1,40987.197942
-562.392771,1279,41010.701006
-898.38353,1362,41045.409253
-1312.467153,1334,41069.387257
-230.380708,990,41098.875466
-439.015,1289,41131.59018
-325.553579,873,41148.793309
-536.442605,1323,41182.794113
-76.708398,908,41199.9782
-470.395712,1030,41228.892731
-707.663767,1273,41252.483738
-363.192161,1230,41285.885873
-132.076409,916,41302.599181
-487.78755,1030,41332.177554
-661.381407,1018,41350.895509
-473.312524,970,41378.793096
-104.572957,917,41396.591184
-1461.866584,1307,41430.686767
-970.501536,875,41446.99564
-1196.398209,1333,41481.187065
-1184.688554,1001,41498.892318
-602.144,907,41526.377101
-619.492708,1175,41547.987352
-807.20005,1024,41578.493912
-831.236736,803,41593.290457
-233.302604,930,41621.287884
-947.928208,1198,41642.20318
-1535.199607,1368,41677.494186
-203.50118,1123,41708.68288
-351.77939,901,41726.09778
-363.435635,1040,41756.398615
-901.606434,1399,41781.894894
-1488.973513,1332,41816.704457
-993.037314,985,41833.588596
-564.590092,1218,41866.489486
-372.615562,1252,41899.693987
-582.492981,1316,41923.69661
-130.206562,890,41951.576697
-190.129916,932,41968.192073
-2077.529924,1377,42004.095518
-1218.944551,1323,42027.377632
0.0,1,42027.893884
-189.35925,1066,42057.97811
-766.672491,907,42073.900809
-752.228772,1528,42111.506142
-710.155782,1451,42148.486074
0.0,1,42148.980052
-585.540494,1089,42168.491815
-1554.382941,1017,42198.084481
0.0,1,42198.50665
-40.471423,764,42212.384231
-244.091195,1144,42243.575549
-500.125178,1310,42266.601189
-572.99204,1230,42300.58955
-1607.434746,1016,42330.002292
-255.186889,866,42346.286425
-275.478626,1136,42376.497504
-865.35029,1298,42401.183906
-685.971186,1343,42436.586532
-1885.954803,1354,42460.390825
-488.237142,1111,42492.887255
-287.167296,1092,42524.789261
-252.874235,996,42542.993393
-1842.140701,1535,42580.997724
-220.556865,1004,42598.596461
-128.149081,954,42627.285673
-502.224458,1311,42651.782936
-450.803708,1072,42682.696941
-1689.27087,1532,42720.983402
-433.214503,1137,42741.692551
-194.094499,833,42767.982591
-1887.975796,1615,42797.594977
-786.702106,1374,42833.890583
-926.367885,1296,42867.09218
-743.326355,1352,42891.484945
-158.49792,882,42918.101763
-1325.486274,1334,42941.979557
-754.666595,951,42970.797947
0.0,1,42971.306658
0.0,1,42971.877549
-659.639333,1172,42993.300343
-188.212528,1058,43023.987716
-398.143337,1168,43055.901339
-136.486996,966,43074.701555
-411.173119,1345,43109.697036
-344.297407,1277,43131.676686
-1688.536509,1167,43163.585741
-1932.790567,1491,43202.099737
-1209.0319,1275,43226.505167
-808.459939,1138,43258.404694
-274.262068,1123,43278.098895
-481.269672,1097,43308.898571
-956.038416,1102,43328.300471
-1372.012882,1439,43365.475425
-914.271998,1263,43398.495672
-416.681963,1129,43417.998819
-726.70772,1070,43448.203705
-1360.857839,1224,43469.600575
-1935.594908,1440,43506.791236
-745.282291,1184,43537.901301
-233.964274,1211,43560.888008
-298.911226,1151,43592.701116
-575.036622,1264,43615.60082
-2231.119731,1342,43650.481876
-1596.178128,1061,43680.996034
-1084.687559,1539,43709.089969
-1615.539076,1084,43741.299806
-402.54889,1248,43775.184282
-466.259703,1352,43799.579708
-902.7896,1217,43832.589886
-1243.307267,1009,43850.896711
-509.011715,1031,43880.791346
-327.740546,910,43896.884593
-485.549153,1109,43928.084653
-1055.923488,1130,43948.589866
-1152.597614,1361,43983.779498
-493.624927,1151,44015.790023
-809.518814,1260,44039.498872
-188.16881,1104,44070.096899
0.0,1,44070.592568
-517.527985,1118,44091.097482
-456.306752,1004,44119.70218
-926.95302,904,44137.398414
-726.674464,1228,44169.784888
-1022.713382,1156,44191.490842
-578.65337,1176,44223.181282
-806.111844,955,44240.797947
-1272.792038,1004,44269.287213
-165.702736,1041,44289.078126
-466.902862,1287,44322.89098
-981.323964,993,44340.802518
-1363.286226,1322,44376.287574
-437.845743,1089,44406.178443
-777.095186,1306,44430.794644
-1227.593624,967,44458.979948
-697.314999,1286,44482.379484
-489.396383,1018,44512.602051
-1524.214134,1055,44531.093877
-158.174306,900,44559.001828
-209.7404,1089,44579.101165
-821.637472,1280,44613.999961
-1648.64996,1146,44645.602267
-507.655681,1225,44668.008859
-1576.495495,1114,44700.080868
-137.415639,1037,44718.38262
-407.491024,999,44748.594495
-372.588044,911,44764.804251
-296.677722,1173,44797.788414
-582.114764,1272,44820.377343
-503.304666,1061,44850.981297
-504.38638,976,44868.402233
-211.031799,1360,44903.803619
-1298.212281,1017,44923.186979
-703.834632,1061,44952.189031
-1786.040511,1133,44983.900112
-791.318643,1127,45003.797256
-817.156489,1228,45037.292368
-559.777662,1013,45055.995542
-233.867276,1157,45087.790245
-871.759022,1010,45106.975997
-673.188558,1281,45140.793681
-1367.34904,1219,45163.38009
-998.621725,1432,45199.098921
-1670.605022,1124,45229.588548
-851.196672,918,45246.590657
-413.152511,1341,45280.702335
-722.593479,1246,45304.795945
-193.84338,919,45332.485056
-1177.001348,917,45350.206005
0.0,1,45350.789175
-397.750781,813,45375.883847
-1106.591483,1144,45397.097369
-1037.474673,1390,45431.2852
-802.019182,1360,45466.19817
-492.687976,1371,45491.701938
-962.371464,1153,45522.595786
-1232.341195,1066,45542.999765
-434.520375,1111,45574.000828
-1492.504275,1134,45595.383402
-306.792139,1219,45628.599772
-184.217862,1011,45657.289452
-1099.789878,1020,45677.001648
-196.316745,960,45704.100686
-611.906023,1152,45726.203834
-693.384365,1003,45755.096465
-780.739415,963,45773.303499
-760.542276,1295,45807.676303
-1087.445332,1246,45829.893691
-451.732382,1484,45867.289661
-1024.524342,1124,45900.101829
-432.737762,1264,45921.997633
-528.091589,1280,45957.301774
-1398.735262,1169,45978.398329
-229.930327,1063,46008.883203
-455.864213,1461,46046.203773
-639.026205,1050,46064.78591
0.0,1,46065.294896
-1359.477013,932,46093.296209
-451.738752,1195,46115.201506
-269.017214,1123,46145.992269
0.0,1,46146.496224
-1045.697819,1077,46166.593608
-1027.931324,1163,46198.395855
-782.843211,1129,46219.48219
-860.038276,927,46246.581808
-1452.711252,1312,46271.291035
-877.015964,1141,46301.89497
-420.186702,1371,46337.402498
-209.091444,1091,46358.57937
-344.075524,1387,46393.79623
-1100.044648,1079,46413.59206
-223.048073,1061,46443.287975
-1232.56814,1107,46463.776649
-276.256751,1055,46493.492345
0.0,1,46494.081156
-710.560039,1221,46526.489461
-1031.066837,1047,46546.293904
-450.258069,1302,46580.278232
-708.03474,977,46598.705955
-462.451696,1164,46629.391972
-808.498076,1261,46652.776208
-797.073934,1139,46682.997578
-1579.724068,1168,46713.994564
-932.396586,1049,46732.897081
0.0,1,46733.393704
-1219.020606,2174,46782.785479
-865.391573,1458,46819.701424
-417.142183,961,46838.288374
-746.24635,1577,46877.577252
-582.978236,1338,46911.482204
-1584.494942,1293,46935.678649
-230.53318,1124,46966.887921
-1458.900078,1138,46987.480742
-954.395138,1360,47024.095926
-1326.001439,833,47049.389144
-409.237275,1274,47073.59831
-840.060665,1090,47104.796569
-1113.66992,1076,47125.103147
-585.82485,1136,47157.397304
-1395.757015,1085,47176.995577
-842.546852,1902,47222.186106
-1444.55204,1034,47252.38305
-452.462352,1024,47271.17646
-338.867099,1012,47300.79452
-422.470439,879,47316.298713
-765.183841,1045,47345.994777
-465.803969,1427,47370.695662
-258.036638,1192,47404.384155
-1362.070032,1212,47436.091981
-373.880068,1110,47456.493458
-647.815312,756,47470.397477
-512.494629,1178,47502.983908
-903.171704,1049,47531.592662
-304.500647,869,47548.88695
-1782.371505,1358,47584.298506
-485.130412,1143,47605.089341
-707.692588,1385,47641.101925
-1685.503608,1079,47660.51031
0.0,1,47661.088863
-366.611215,1154,47694.799807
-212.86807,1189,47727.491877
-1245.493961,1046,47747.186045
-46.65055,789,47761.8935
-1214.814415,1075,47792.798867
-689.570641,1616,47833.405427
-1206.749031,1075,47852.59573
-679.611027,1087,47883.694915
-377.542667,1237,47905.393634
0.0,1,47905.890802
-937.825304,1160,47937.701517
0.0,1,47938.198427
-342.898523,985,47955.38966
-282.613391,1204,47988.978832
-673.84211,940,48005.701743
-1049.005144,1066,48036.787846
-1339.539405,1076,48066.989697
-1143.381573,1082,48086.099769
0.0,1,48086.594149
-762.076815,1419,48123.598814
-1148.04473,1285,48146.002186
-133.281637,981,48175.30808
-472.129926,1367,48210.984273
-228.881474,981,48228.487689
-481.038841,1290,48263.398158
-1772.028819,1136,48282.994992
-350.671838,1036,48313.678613
-470.731749,1181,48334.381329
-917.011947,1261,48368.697607
-522.130319,1232,48390.492634
-590.778541,999,48420.586366
-480.62499,1055,48439.08108
-512.026926,1008,48468.995183
-409.332899,1271,48503.682677
-1977.072771,1311,48526.994239
-1049.991795,1292,48561.49244
-799.854839,1031,48579.577649
-134.885104,949,48608.896802
-1377.970003,1556,48648.200436
-807.479221,1044,48666.901553
-157.785749,1088,48698.505281
-948.401605,1185,48719.786065
-178.575626,1136,48751.786986
-1389.526345,1235,48773.398415
-1054.500189,1105,48805.375821
-570.705167,1067,48824.577447
-476.526037,1526,48863.3838
-1023.854345,1143,48895.30197
-577.052034,1139,48915.189322
0.0,1,48915.681662
-743.559726,1091,48946.876895
-984.477188,1265,48969.285001
-745.845877,1064,48999.692261
-390.241579,1269,49034.483965
-416.090056,1336,49057.885764
-457.868715,1026,49088.580256
-117.621392,932,49105.201909
-843.36516,1296,49140.293001
-344.513811,1191,49161.884876
-209.706488,1180,49194.394419
-240.379763,1103,49225.800333
-1417.235412,1267,49247.297004
-785.165897,1388,49283.791561
-1361.735989,1214,49304.399954
-696.590819,1025,49335.097791
-936.20768,1280,49369.995074
-410.548878,1062,49388.98814
-350.925249,1134,49420.878149
-1050.938605,1234,49442.293584
-691.163747,1091,49473.300666
-2014.16863,1174,49495.498756
-229.347862,1070,49526.398903
-1929.127051,1063,49545.39462
-788.832958,1093,49576.785606
-1687.150349,1122,49597.00109
-600.598946,1375,49632.096027
-777.459303,863,49659.998154
-515.654782,1035,49677.690668
-691.753311,1177,49710.490994
-397.793142,1299,49733.080331
-349.48107,1108,49764.301028
-158.429283,1037,49782.477942
-502.789727,1021,49811.895329
-863.224747,1037,49830.490611
-1672.25317,1208,49864.384848
-542.138313,1286,49899.496149
-840.72458,1328,49923.299174
-333.469314,1175,49956.88319
-169.015958,1015,49975.095257
-780.02135,1307,50010.68916
-453.706797,1167,50031.686314
-264.748581,990,50061.092507
-922.156407,1090,50080.002339
0.0,1,50080.596168
-822.576691,1061,50111.998593
-839.956135,1152,50144.100789
-440.910806,1182,50164.993093
-544.900469,891,50192.40173
-445.285202,933,50208.590368
-262.903697,1229,50241.889851
-515.530725,1130,50261.393618
-543.622303,897,50289.498144
-1391.88316,885,50305.09046
-315.344726,998,50335.191426
-93.275122,788,50348.892974
-558.226164,917,50365.488677
-528.703543,926,50394.187749
-398.105206,1264,50416.996392
-354.345553,1050,50447.184365
-399.014461,1153,50467.892595
-887.256044,1261,50501.992781
0.0,1,50502.504964
0.0,1,50503.096289
-1677.269267,1176,50535.584657
-616.446596,1217,50556.986855
-519.118466,939,50585.880521
-157.683378,794,50600.18339
0.0,1,50600.689423
-903.063874,1233,50635.299031
-684.918095,1369,50660.098428
-887.643379,1181,50692.599211
-357.320421,1216,50725.69846
-1084.688126,1203,50747.192027
-219.494228,1002,50776.989565
-461.975832,963,50793.883973
-1045.462521,1043,50824.18638
-580.609572,1205,50845.37704
-1190.05436,1172,50877.598862
-777.376629,1055,50896.176204
-1134.864461,996,50925.391986
-1616.272698,1181,50946.08309
-1180.827228,992,50975.499363
-765.476116,1062,50993.778644
-260.257136,1040,51023.894281
-320.024017,1098,51043.303525
-701.966111,1146,51075.100113
-251.397633,1074,51094.176782
-1141.865817,1078,51124.693839
-765.081954,1168,51157.205105
-172.857169,1028,51175.291876
-415.053117,1139,51207.590013
-220.046437,920,51224.983874
-833.018969,1131,51256.796123
-1511.174101,1129,51276.799465
0.0,1,51277.29531
-80.166742,844,51304.600351
-571.017691,1379,51329.502185
-244.436535,1046,51360.889223
-1111.430889,996,51378.706056
-294.921465,1272,51412.778764
-950.45699,1138,51433.396283
-188.063764,1026,51462.495314
-965.783717,1202,51495.00241
-857.109313,1077,51513.395553
-508.353899,1107,51544.598956
-679.827847,920,51560.489831
-593.74217,1267,51594.491832
-251.734509,901,51610.405881
-1433.40361,917,51637.993403
-925.406958,1043,51656.478819
-183.217653,1042,51687.280334
-228.550733,1037,51705.886585
-671.760271,1084,51736.992298
-627.449148,1158,51757.589987
-1026.185828,1096,51789.38116
-894.199593,1241,51812.18617
-437.683806,884,51839.496549
-514.076799,1083,51858.885751
-577.839384,820,51885.795544
-102.796166,841,51900.59752
-336.568361,1057,51931.180518
-116.168012,1010,51949.193045
-763.236642,989,51978.097261
-241.17009,1086,51997.194622
-1174.42744,895,52024.198637
-977.1602,1309,52047.402896
-530.204844,1072,52077.893888
-463.457531,1134,52098.195704
-581.505579,1164,52129.995231
-139.239892,942,52146.976038
-789.497333,1042,52176.697913
-275.657305,1338,52201.305768
-798.92308,1038,52229.797525
-1501.903733,1062,52250.500714
-797.823426,844,52275.67678
-398.028736,1063,52295.003713
0.0,1,52295.589067
-990.314181,1000,52324.384647
-531.866204,1386,52360.996143
-420.278708,1074,52380.202349
-1639.612977,844,52407.191062
-984.679102,1228,52429.199544
-1005.649687,1482,52466.900295
-355.472084,1166,52488.790049
-428.517579,925,52515.598126
-990.488053,1129,52536.598603
-1327.397732,1018,52565.201497
-1502.893226,1053,52585.080899
-1333.438463,1061,52614.594388
-1295.513337,972,52633.301191
-669.982076,1126,52663.203214
-669.155979,910,52680.700668
-1914.435442,1350,52715.29523
-1728.246445,1069,52745.791082
-219.661442,943,52762.483138
-511.119475,918,52789.785627
-853.370245,1171,52810.191313
-396.646543,1278,52844.399373
-1354.610867,838,52858.886659
-518.785381,917,52886.882171
-175.358722,1041,52905.284497
-320.557453,1176,52937.405852
-1172.688107,1040,52955.499015
-232.670191,1034,52985.491084
-606.140668,1593,53014.693766
-791.65043,1025,53043.700579
-54.0585,869,53060.096339
-1354.018366,1213,53091.886343
-203.814504,1056,53111.693775
-393.679638,1329,53145.491365
-153.445619,901,53173.281878
-1297.974646,920,53189.282256
-1079.930787,1106,53220.301051
-292.788046,1096,53239.69522
-1089.625723,1121,53271.305137
-1254.889195,1134,53291.983156
-316.785298,1099,53323.603947
-486.315731,1060,53342.882759
-960.622753,1030,53371.98448
-234.773603,1087,53391.281229
-718.150462,1020,53420.601659
-634.330586,1360,53446.390301
-1319.949736,916,53473.309231
0.0,1,53473.810197
-429.018087,1571,53512.205697
-412.863667,1250,53533.901224
-478.241306,971,53562.497894
-902.498678,1025,53580.195937
-222.155327,1011,53610.081617
-220.322485,1095,53629.282323
-163.045851,960,53658.187591
-895.753668,1136,53678.588932
-1587.695881,1791,53720.500861
-444.820326,1034,53750.693229
-849.784067,921,53767.275599
-446.581256,1263,53801.201545
-246.517494,1036,53818.893083
-1493.811872,1017,53848.798729
-624.475119,1279,53871.8901
-299.024498,986,53900.996633
-453.525322,1137,53921.686009
-280.533952,973,53950.78353
-245.935051,1051,53969.194326
-124.294276,997,53999.603647
0.0,1,54000.175114
-1154.269225,1163,54020.692062
0.0,1,54021.284674
-758.801783,1388,54057.297292
-117.34981,992,54087.701313
-402.698196,1073,54106.992929
-960.680846,1039,54137.186374
-322.224318,1353,54160.996046
-1012.920218,942,54190.196665
-732.869785,1222,54212.397076
-104.665171,863,54238.991474
-75.961646,825,54253.286333
-1413.640834,1193,54285.885967
-179.580171,1071,54304.69772
-1218.561504,1199,54338.104936
-338.256167,1175,54358.694024
-1045.355998,909,54387.092368
-423.103952,919,54403.791577
-285.619045,861,54431.983168
-289.470383,1378,54456.393693
-185.187425,867,54483.40046
-247.112941,885,54498.503189
-887.175549,786,54524.306265
-159.617609,856,54539.591583
-98.941654,769,54553.781686
-1117.085187,1091,54585.277368
-469.589469,953,54602.699008
-1826.965755,1471,54640.588126
-888.676799,1297,54675.586191
-229.373838,1035,54693.983988
-1727.614842,1194,54727.090773
-532.358492,1315,54761.702976
-763.847415,850,54776.681495
-449.49595,1140,54807.497772
-167.613355,1054,54826.891962
-385.894632,1207,54861.001552
-1484.446682,1161,54881.499697
0.0,1,54882.100492
-207.074809,1002,54912.701117
-675.481458,961,54930.177119
-820.022826,1094,54961.385246
-443.472617,1191,54982.691308
-177.473283,835,55009.882298
-183.014438,1004,55028.189508
-804.176816,1063,55059.295352
-1015.776097,1202,55080.595774
-849.592869,1196,55113.305685
-249.264141,1084,55132.385051
-996.537021,1155,55165.000846
-864.030936,1087,55184.480429
-423.704456,1114,55216.783949
-128.272867,911,55233.480347
-224.92135,1052,55264.09346
-1087.305839,1039,55283.098895
-337.762069,1319,55318.494937
-886.860036,1289,55353.580783
-88.477232,785,55367.693462
0.0,1,55368.281113
-1466.709305,1196,55401.091069
-118.791936,839,55416.100083
-1010.718941,925,55444.493703
-521.092009,1245,55466.490086
-818.711117,1043,55496.801165
-131.306717,1083,55516.498769
-518.099312,1074,55547.399419
-88.335838,944,55564.300349
-1458.953636,927,55593.101372
-120.582702,898,55608.886022
-959.032586,1037,55639.995238
-104.709501,872,55655.97822
-1380.430358,828,55669.989043
-541.814712,1282,55704.687073
-259.719095,1164,55737.081206
-1148.132484,1158,55757.693065
-576.708955,1192,55790.797406
-99.837361,881,55806.39052
-539.408295,977,55836.106585
0.0,1,55836.578248
-320.95683,1130,55857.282395
-580.446123,906,55885.395873
0.0,1,55885.898324
-766.307649,982,55903.577532
-1306.483525,1127,55934.98914
-1343.357439,952,55951.503075
-209.319094,1002,55980.687525
-816.241143,688,55992.899303
-267.801635,971,56011.103363
-160.245841,901,56037.693832
-95.77324,896,56053.695987
-1446.52996,1131,56085.200223
-176.733492,1040,56103.883131
-679.487231,1036,56134.092642
-1449.190142,1466,56171.177896
-1252.381777,1065,56189.575489
-358.076229,1124,56221.903199
-197.191657,909,56238.298526
-241.970748,880,56266.284902
-293.796929,991,56283.68793
-441.704016,1321,56318.910599
-1115.433615,1123,56338.778906
-694.617575,1329,56375.196325
-73.621791,806,56389.892189
-730.848845,834,56416.779403
-447.347684,869,56433.00616
-885.245724,1284,56468.004451
-1487.890673,1098,56487.284098
-707.125157,1303,56522.199425
-308.565055,952,56538.97758
-1007.74176,945,56567.181621
-1644.338637,993,56584.502166
-172.513791,1129,56616.097314
-671.983251,1450,56654.197277
-334.32175,1283,56677.397311
-1248.128703,772,56703.190966
-124.675122,945,56720.591371
-797.29834,1044,56751.181503
-228.336779,954,56768.586234
-682.632811,1049,56799.580305
-750.580773,1238,56821.775564
-541.280476,1405,56858.195651
-407.885085,1465,56896.4006
-117.474674,1070,56915.900595
0.0,1,56916.399379
-413.22697,1016,56945.397768
-225.646927,990,56963.899547
-155.199765,969,56993.275354
-871.653838,1369,57018.792241
-1030.438766,981,57048.392871
-526.551808,1188,57069.706627
-367.705038,1274,57104.599028
0.0,1,57105.178928
-744.789355,1239,57126.68092
-1268.084859,1218,57159.496045
-315.017871,1104,57190.095125
0.0,1,57190.676142
-1447.766372,968,57208.183084
-316.056428,1292,57242.999784
-139.32719,1031,57260.893422
-494.497429,1402,57297.489372
-384.812726,1114,57317.201625
-446.739634,1353,57352.876494
-184.223231,951,57381.296346
-112.71297,809,57396.485248
-1144.754074,974,57413.293671
-904.97524,1333,57448.382963
0.0,1,57448.887861
-293.76554,1021,57478.506203
-342.058747,1069,57497.893271
-382.700825,1116,57529.486369
0.0,1,57530.076501
-578.638663,1025,57548.596107
-582.100069,1410,57585.67893
-505.513545,843,57601.196292
0.0,1,57601.776653
-416.603259,999,57631.400118
-1627.411618,877,57647.983913
-341.921273,1088,57679.276261
-1280.767018,1030,57697.895473
-1174.450041,893,57725.900455
-187.454296,1233,57748.288159
-1025.431145,1305,57783.981585
-477.275157,1237,57806.392339
-1693.460126,946,57835.481725
-749.435604,1291,57870.996669
-574.328683,1192,57891.488477
-254.271607,848,57918.989424
-621.313024,1279,57941.893078
-104.682503,977,57971.285715
-1016.508319,1240,57992.483373
-1030.091165,1100,58024.281511
-93.491113,880,58040.094976
-1303.937975,1111,58071.899323
-345.6837,1182,58093.096148
-151.520274,981,58123.395819
-740.362948,1716,58165.790323
-684.715086,1158,58185.802183
-1611.678554,835,58212.484279
-1027.719969,864,58227.492076
-568.857708,1197,58261.38923
-244.838126,985,58279.300916
-899.641825,1042,58310.687147
-883.939053,1312,58333.577715
-443.131568,1589,58373.408696
-1276.699948,1014,58403.088792
-885.454992,1126,58423.394243
-600.587109,1077,58455.20373
-341.179107,1231,58477.589152
-280.1243,880,58505.104074
-389.206802,1132,58526.077487
-567.670298,1162,58558.996222
-1009.345423,1183,58579.598073
-251.317442,1315,58614.485457
-769.706024,1142,58646.384332
-1229.588253,901,58662.177551
-561.505329,922,58678.201723
-622.766948,1524,58716.496949
-436.699127,1526,58754.798165
-455.32737,1193,58786.901643
-94.210913,828,58802.594387
0.0,1,58803.093602
-665.455463,1483,58840.098668
-471.607778,1991,58886.29473
0.0,1,58886.797124
-913.574996,1254,58909.380293
-1165.977579,979,58938.493068
-209.636725,952,58955.297088
-382.985006,1055,58985.498534
-101.749929,961,59002.682218
-923.531441,1090,59034.097253
-1195.823387,1338,59057.595747
-168.210817,911,59086.376388
-1545.454553,1419,59121.00575
-1144.727112,777,59135.898387
-612.583525,1411,59170.877917
-1368.720265,1342,59195.906005
-756.795108,1656,59236.081064
-567.750744,1454,59272.398545
-1055.106104,1113,59293.100568
-182.56352,1025,59322.793026
-1203.099609,1509,59359.800021
-1033.923107,1837,59393.006339
-1338.062017,1241,59425.887576
-1168.764008,853,59441.277448
-1395.008196,1022,59470.58798
-476.886778,1006,59487.996842
-1728.940417,1520,59526.980891
-256.207136,1169,59558.493567
-505.880912,1091,59579.297137
-210.538575,1103,59609.28387
-435.443817,869,59626.090806
-146.452582,961,59653.192887
-196.022176,862,59670.598013
-1314.81474,1158,59701.482209
-1018.456524,1262,59724.989866
-449.106509,1199,59757.506085
0.0,1,59758.0805
-253.293957,1333,59792.384003
-865.526311,949,59810.69855
-1314.144466,1768,59852.988251
-1821.263332,1079,59872.392535
-296.777234,1399,59907.977097
-1444.633729,1470,59945.386575
-1687.597505,915,59962.887916
-589.59648,1122,59993.803416
-1234.91434,968,60011.599732
-784.838113,1192,60043.078197
-433.306269,1049,60062.29542
-757.642376,1377,60098.402198
-856.171992,1818,60140.998033
-328.947036,1103,60160.701279
0.0,1,60161.194102
0.0,1,60161.695534
-1447.831754,1106,60192.391656
-535.004377,1421,60228.194769
-194.600357,1188,60250.989094
-1766.269187,1407,60287.498247
-949.021639,1372,60322.50515
-446.394987,1371,60347.691652
-1158.938389,1102,60378.097128
-202.900368,1183,60399.600842
-1163.903628,1107,60430.693736
-363.586173,948,60448.076083
0.0,1,60448.580945
-591.360393,1594,60488.204047
-744.506063,1122,60519.192289
-736.394276,1049,60538.505617
-277.692365,1629,60578.802101
-1632.812167,2003,60625.082973
-1584.979434,944,60652.685311
-1481.450412,1682,60682.887189
-531.570915,1140,60713.398969
-333.272348,1124,60734.686101
-377.736052,1623,60774.092024
0.0,1,60774.592443
-735.945305,1290,60808.497524
-451.348467,1506,60846.594026
-1244.967121,1437,60873.605819
-1125.795903,1247,60907.286012
-365.243615,2174,60957.189564
-249.394126,1395,60993.209231
-1115.309212,1202,61016.278384
-1507.635694,1589,61055.992883
-225.460347,1093,61085.686183
-1057.22509,624,61097.904226
-677.948246,1081,61117.382447
-309.804912,1876,61162.091327
-705.403944,889,61188.08472
-971.15443,1026,61206.793932
-474.666934,1327,61241.385632
-133.214963,915,61258.386401
0.0,1,61258.885968
-542.655945,1403,61296.194018
-577.599936,1356,61331.389046
-681.592511,1413,61357.289071
-439.874102,1227,61390.195789
-20.429688,610,61401.503944
-1682.589235,1735,61444.084623
-654.231294,983,61471.091111
-1734.862444,1768,61502.794793
-1927.96984,2052,61549.804737
-617.366912,1864,61593.77902
-465.57457,1209,61625.000883
-1049.250185,734,61639.192163
-401.833081,1246,61671.504479
-158.769377,1378,61706.797062
-589.058057,1605,61735.982853
-822.264091,809,61760.483373
-138.111093,973,61779.095444
-1521.10618,1421,61814.389204
-65.697697,860,61830.592568
-658.722971,999,61858.093329
-283.977118,941,61876.097276
-297.807577,875,61902.175838
-1531.032808,1753,61943.891659
-1293.39053,1156,61965.194799
-600.485894,1494,62002.099569
-2115.22225,1612,62041.20037
-822.869659,1380,62067.105745
-1229.769819,1040,62096.189054
-1782.055635,1337,62120.780652
-313.256415,1541,62158.98822
-1148.976346,1381,62194.797504
-79.056757,830,62210.887749
-486.683798,2849,62281.697687
-681.854588,1731,62324.094255
-1603.731239,945,62342.292651
-1065.721009,1674,62383.406664
-488.77241,1606,62422.694608
-1222.723711,859,62438.996233
-1011.473876,1722,62480.692663
0.0,1,62481.279475
-107.658284,1167,62502.700414
-165.689341,1522,62541.70203
-401.997312,1430,62577.381461
0.0,1,62577.891377
-379.188686,1360,62612.882183
-684.721301,1139,62634.390334
-142.627517,898,62660.196597
-1328.779544,1110,62681.400382
-1039.943391,1279,62714.192523
-1066.207116,1685,62755.476742
0.0,1,62755.995359
-540.838815,1077,62776.087097
-291.305055,1433,62810.384099
-1199.442471,1012,62829.29418
-127.942856,924,62855.298462
-1257.204438,1379,62880.786816
-269.549247,1307,62914.892851
-1636.5959,1636,62953.293095
-212.777924,1321,62978.105487
-1537.208215,1717,63019.503911
-663.500121,987,63047.384112
-1814.381063,998,63066.49158
-489.966118,1702,63107.106599
-544.109891,1618,63145.898436
-259.981583,1294,63180.496213
-1531.111598,1951,63215.987684
-504.625422,950,63244.502596
-554.979202,1142,63275.300097
-167.921834,1804,63308.688787
-860.66356,1061,63338.483028
-438.23838,1235,63370.99317
-1631.363683,931,63388.788498
-745.977042,1197,63420.083623
-1940.542637,1420,63445.790285
-763.731403,1449,63482.892439
-773.03742,1090,63502.098277
-729.303188,1207,63535.39632
0.0,1,63535.978168
0.0,1,63536.48394
-59.380496,619,63547.783863
-501.349681,1670,63588.506636
-2209.193232,1968,63635.297171
-319.144354,1086,63664.799006
-186.901485,1282,63687.696949
0.0,1,63688.186236
-1041.464219,1250,63720.892562
-319.548103,1371,63755.975685
-345.74922,1138,63777.102426
-560.233023,1484,63813.596216
-499.480923,939,63831.997178
-728.637935,1235,63865.584869
-1278.437557,1578,63903.393671
-505.729697,1116,63924.396555
-895.633937,1447,63961.193576
-1140.922191,1340,63995.478139
-606.363995,970,64013.68738
-296.157673,2020,64060.501729
-1891.416905,966,64087.699429
-268.153374,2345,64140.79735
-1642.976071,1673,64171.588205
-286.527772,1603,64211.681401
-150.651193,941,64238.78185
-520.825266,1170,64260.691098
0.0,1,64261.189932
-502.772256,1149,64292.39427
-1480.620433,1481,64329.684679
-539.801274,2352,64382.093541
-1234.898911,1526,64410.486162
-331.709292,975,64439.189662
-961.482359,1411,64474.402035
-1289.815077,1474,64501.593698
-911.787742,1355,64535.482304
-290.340138,1734,64577.103927
-151.972489,1510,64615.302344
-1397.491047,903,64631.201271
-650.402948,1089,64662.381848
-126.939383,1505,64689.899248
-784.767536,900,64715.586548
-166.497617,1084,64736.284691
-1352.633811,837,64761.601749
-1200.287599,906,64777.906428
-1099.674382,1086,64808.409226
-901.229486,1489,64835.601356
-1007.086348,1206,64867.175483
-206.693632,934,64885.091382
-718.219059,1013,64912.289358
-1474.726009,1625,64952.382635
-197.681131,976,64969.882239
-1597.6957,1528,65007.777312
-1902.801352,1663,65047.802535
-625.662086,1027,65065.80014
-1271.070071,825,65092.291712
-566.415526,1000,65109.788502
-463.500573,1776,65152.793115
-1234.635635,989,65181.691257
-388.074349,1932,65216.695671
-1725.989726,1225,65249.796931
-1364.687606,930,65278.603349
-398.530139,2296,65329.891781
-333.709757,1714,65360.197199
-439.185416,1573,65399.097321
-1103.779636,1208,65433.197156
-1196.504452,1494,65470.99745
-129.402661,980,65488.076194
-557.036481,3173,65566.405227
-1081.61051,1327,65590.68613
-451.598167,1296,65625.602654
-1770.866094,1691,65666.588215
-1458.608842,1418,65691.591422
-200.314387,1976,65738.702358
0.0,1,65739.290239
-409.720141,2451,65804.304196
-797.789685,2539,65859.280589
-770.886168,1198,65881.403423
-768.180053,1512,65918.284203
-374.553537,1112,65949.894427
-193.591312,1324,65973.493154
-400.55387,3063,66048.880227
-1161.382114,950,66065.202084
-304.033559,2524,66121.605061
0.0,1,66122.176016
-350.298567,1034,66151.579681
-292.178831,1535,66190.690506
-1647.614219,1227,66212.494056
-675.108537,1126,66243.287637
-189.618221,1008,66260.986901
-1614.449232,3047,66337.895693
-1233.677242,1929,66383.490491
-821.825543,1052,66402.87855
-1023.536157,720,66426.69282
-1239.993416,2540,66481.680667
-92.733022,1273,66515.794544
-1236.5342,1289,66538.494552
-2039.626298,1660,66578.69835
-795.032925,5614,66710.504877
-2185.819897,2444,66764.29026
0.0,1,66764.793217
-430.90827,1911,66810.801488
-766.383004,1320,66835.101659
-635.151549,1375,66869.299846
-247.729802,2272,66920.797017
-1369.539534,4447,67021.788351
-528.634593,4256,67129.008595
0.0,1,67129.591828
-815.500606,3019,67193.993029
-1298.829348,2432,67248.785866
-252.28007,1425,67285.402035
-1097.390253,822,67300.196012
-1938.517882,2332,67353.197359
-442.326759,1118,67384.490866
-812.231288,1147,67416.379838
-350.259188,2366,67469.779563
0.0,1,67470.202759
-296.791396,2959,67533.504634
-1092.427241,1310,67568.18857
-782.06956,955,67584.898098
-1053.665752,2047,67632.089509
-1328.928917,1540,67671.278622
-317.216888,1015,67690.897048
-1019.456653,3421,67772.987671
-528.519172,1649,67812.295101
0.0,1,67812.802759
-234.44214,2093,67861.693883
-535.856837,2787,67923.196402
-1326.390906,745,67946.997227
-2346.42867,2531,68002.979081
-336.976428,3012,68067.775778
-337.394482,3562,68152.196688
-1299.400041,776,68177.305194
-1226.750235,2677,68235.804412
-913.492622,3555,68320.997452
-1335.752336,850,68336.296313
-239.244599,3335,68417.187772
-403.248344,1140,68437.900369
0.0,1,68438.406001
0.0,1,68438.98857
-4675.20871,3913,68529.798888
-1168.023261,1488,68567.776864
-947.624125,962,68585.888505
-225.159721,1312,68619.182502
-440.761588,6983,68775.00616
-402.917268,3096,68851.101476
-4649.301683,4900,68961.400518
-1307.506165,1312,68994.494208
-592.497028,2987,69059.09467
-999.497396,4892,69175.682407
-3153.960601,25000,69739.687777
-8020.311201,11605,70009.083216
-1315.452406,1266,70031.498626
-6822.193034,11819,70300.789884
-1575.012848,1278,70334.087044
-647.921069,5663,70456.494141
-1056.400295,8238,70643.887086
-1086.405425,1121,70674.184749
-3282.387132,14742,71007.876558
-1384.400336,4145,71104.678044
-1263.694376,4538,71206.893647
-3223.508094,5488,71337.490717
-1649.384364,1355,71373.099202
-5389.679442,4191,71469.097011
0.0,1,71469.592656
-3822.113037,3376,71539.801982
-1275.223792,3900,71630.597401
-2769.348631,3544,71714.486624
-3475.946139,4123,71807.39685
-1393.732599,3083,71881.702834
-317.899174,2720,71942.300697
-1688.719912,3447,72023.880163
-2656.758999,3697,72101.20041
-930.35252,1048,72129.78484
-416.848255,3298,72208.9009
-244.453013,1428,72235.385814
-1318.005063,3560,72319.586172
-2353.74541,3438,72402.291286
-1698.174005,1249,72425.599491
0.0,1,72426.103832
-1866.291483,2030,72473.28358
0.0,1,72473.778789
-751.869415,4515,72575.499164
-428.148006,3810,72664.793569
-1819.521882,5238,72786.598685
0.0,1,72787.094251
-820.987571,1005,72805.785738
-327.754763,3615,72890.199516
0.0,1,72890.702801
-948.425787,6413,73035.98988
-1715.458195,1497,73073.387867
-100.228696,930,73090.496835
-1145.126649,799,73115.500476
-1426.443027,5460,73231.502013
-3399.239153,3738,73320.293093
-816.228482,10117,73551.579139
-1323.752753,1199,73582.587498
-836.83648,1980,73628.394981
-1249.860258,1091,73648.29807
-359.438371,2789,73718.403608
-1763.289542,1484,73746.580361
-1640.167169,1310,73780.681092
-1363.073928,5310,73905.401052
-1602.898936,3631,73980.491758
-602.804913,3878,74071.277316
-534.243371,1898,74116.097724
-466.40594,3053,74190.800354
-1559.35929,1281,74214.477792
-876.330733,2333,74267.405795
-1609.867725,1469,74304.094913
-1492.663102,1060,74333.294138
-804.939008,1636,74373.300281
-1166.552812,1204,74394.493357
-454.798355,3232,74475.085254
-1586.905699,1007,74493.489323
-1929.745063,1297,74528.700977
-1163.35646,2601,74586.301338
-1394.032971,1239,74619.990038
-3003.159049,2761,74679.189585
-1413.49779,1320,74713.679131
0.0,1,74714.194349
-658.024749,2289,74765.675828
-1107.527753,3473,74848.698561
-1265.06229,1353,74872.477611
-1509.384677,11428,75140.398171
-1473.994825,906,75156.698944
-1377.31005,6397,75302.679248
-5495.02894,25000,75887.689034
0.0,1,75888.281317
0.0,1,75888.704057
-1922.730272,8405,76081.002893
-1112.890734,1154,76103.085856
-1869.018924,2357,76155.699223
-1728.640584,1119,76186.18067
-2099.859011,7823,76369.197467
-3049.254894,7628,76535.291029
-2869.621982,7692,76717.08509
-6399.382148,7877,76901.890855
-1744.297981,1483,76939.893977
-2815.264823,9405,77153.705017
0.0,1,77154.283867
0.0,1,77154.784701
-622.647348,1071,77185.996414
-1855.795991,995,77203.879714
-1014.337812,4282,77298.698237
-1695.842919,1440,77335.488194
-1639.00219,1755,77377.592042
-1941.783708,18062,77790.990592
-2887.646536,6300,77933.587934
-985.496334,10804,78175.600602
-1187.133717,1222,78209.103513
-1419.936725,1119,78229.503975
-801.215745,9366,78452.391229
-1561.517697,1585,78491.492872
-557.233481,1788,78535.697208
-4477.760201,11190,78789.903845
-3400.175742,6464,78934.501879
-1579.685912,947,78961.187413
-1451.180541,6578,79110.796464
-1437.073229,1345,79133.903011
-1014.349496,10896,79390.50006
-445.355331,1270,79413.775279
-2848.112425,5134,79533.780168
-1231.297239,2720,79592.699501
-2843.628822,9544,79816.088692
-246.567093,1243,79850.184689
-2407.038448,1447,79875.698254
0.0,1,79876.202993
-985.110858,1059,79907.002069
-914.922719,11213,80161.994895
-1385.095295,1094,80192.29818
-937.832209,8088,80378.596945
-3119.871576,5192,80492.099339
-1119.952692,1413,80529.092662
-2153.631147,4975,80637.49669
-567.845906,5745,80773.601261
-480.598675,1251,80807.493075
-1859.318766,1294,80829.977003
-338.657073,2303,80894.006158
-2207.271906,4376,80993.803056
-1092.859369,3398,81064.89377
-438.144532,1046,81094.988606
-1536.629697,977,81111.691928
-262.802225,2712,81182.47839
-3644.647099,25000,81751.376849
-1903.572383,1007,81770.502352
-994.225222,1064,81799.200305
-721.629925,8859,81998.892745
-1172.032665,822,82024.200963
-1884.562978,2381,82076.800166
-1617.367807,1912,82121.209278
-1509.483193,1457,82148.097159
-500.446558,2923,82221.099283
-386.951201,3036,82286.692491
-524.720773,5375,82415.879752
0.0,1,82416.399363
0.0,1,82416.897939
-643.244835,4776,82522.792807
-1013.734859,13864,82849.678279
-560.865488,1026,82880.303688
-257.281493,945,82897.195442
-2772.236312,3126,82974.194608
-1567.283447,1452,83000.482514
-1194.860861,1501,83039.801363
-545.972361,1140,83071.792756
-3455.531573,5410,83190.202461
-1021.455856,1243,83224.58869
-282.218732,1026,83242.402138
-672.300349,1335,83277.605813
-3307.796208,25000,83847.69417
-1648.191583,1288,83881.601122
-909.19726,1085,83902.384125
-3061.717177,9904,84133.384355
-461.51676,1301,84166.69938
-1501.331689,1350,84191.978359
-1375.449555,1427,84228.879343
-1499.098543,1278,84261.794407
-2163.830999,2591,84319.297047
-1499.169819,1328,84353.395979
-2232.076732,3398,84426.603495
-1778.685809,982,84454.298489
-1134.536485,1369,84479.796238
-1258.670766,2892,84551.886798
-1183.846454,3560,84637.688354
-1344.968765,1156,84658.88069
-363.581119,1164,84690.785947
-191.889727,2595,84750.398436
-1035.129963,1126,84780.979889
-1417.484266,988,84798.389591
-1724.344883,855,84814.694322
-754.238083,1212,84846.077631
-1312.527977,1341,84881.098088
-609.090791,4483,84982.804696
-1431.09687,1599,85022.503982
-1100.661278,1268,85045.297098
-2725.05361,2768,85115.283535
-509.148546,3325,85185.797624
-567.859051,1045,85216.49467
-992.288294,3770,85306.300535
-1273.135186,1263,85329.104585
-600.481863,1163,85362.492647
-815.709715,1231,85384.483165
-858.5168,1567,85424.301582
-780.408256,5102,85549.59313
-1093.825216,4051,85645.594318
-1187.82282,5529,85765.691343
-480.85625,5332,85896.10286
-879.94206,1171,85928.675537
-498.287317,5393,86047.198154
-1197.864506,1233,86081.177444
-949.810818,1236,86103.186432
-622.316398,6724,86268.50196
-332.848141,1040,86287.58704
-1079.195451,3208,86367.900265
-831.103706,1050,86386.599472
-1549.55478,826,86413.782138
-255.028055,1984,86462.578557
-178.412665,868,86477.882536
-148.887536,1094,86509.980051
-1231.045199,1410,86535.000282
-1177.212528,737,86560.180669
-573.547716,1097,86579.790614
-1554.520301,1773,86622.076813
0.0,1,86622.581735
-558.308765,5650,86758.779798
-203.506362,1040,86777.79174
-600.927967,4669,86897.398505
-1084.356822,1033,86915.601896
-918.453827,2460,86969.476465
-1279.855461,711,86994.084577
-107.893123,1088,87013.391437
-1369.096042,1146,87045.602218
0.0,1,87046.108669
-1968.957898,2291,87097.685569
-927.278623,933,87114.278938
-77.231445,628,87137.684657
-609.475236,3306,87207.587833
-296.483435,3243,87287.795224
-754.494346,960,87304.589019
-685.55045,1097,87335.597394
-584.76422,1124,87355.706307
-2877.780745,2678,87423.28338
0.0,1,87423.785603
0.0,1,87424.285794
-1095.221766,769,87438.782817
-1248.616827,1039,87467.988343
-624.374325,1113,87489.979329
-1301.471712,2707,87548.495691
-723.945316,1011,87578.191417
-593.464341,1217,87599.389642
0.0,1,87599.878655
0.0,1,87600.290469
-1869.470272,1771,87642.19971
-906.584195,2082,87689.299267
-267.162473,893,87715.67697
-1373.444087,701,87729.600552
-252.603262,2652,87788.794536
-1384.903605,1289,87822.785543
-521.438343,7313,87994.406066
-523.727488,4203,88091.586356
-1189.254826,1035,88111.49585
-543.753107,4569,88216.002137
-1979.97548,2716,88285.702536
-481.742772,1102,88306.901269
-1319.76815,764,88330.597169
-552.54353,6827,88483.798139
-634.444406,1162,88516.685448
-4733.711856,7238,88676.089733
-667.533407,4183,88773.090376
-603.258197,1103,88804.59411
-1584.016327,9045,89010.979014
-27.885215,540,89021.199577
-3642.549821,5450,89151.601934
-972.7454,4378,89250.580781
-1209.168708,6273,89394.20149
-238.230606,2703,89463.883173
0.0,1,89464.387873
-2991.399014,3985,89546.800237
-648.91133,883,89574.088613
-670.509643,1173,89594.908949
-397.869197,1328,89630.292517
-1123.301469,14683,89963.995791
-1735.640167,3871,90054.002324
-1275.129448,1373,90088.989262
-218.060295,1040,90108.388668
-1236.432188,2727,90177.297166
-6021.690662,5209,90291.180902
-794.35129,1352,90326.002094
-2496.994361,7545,90505.394555
-1389.625848,897,90522.098316
-2209.008874,7011,90677.792112
-1812.241054,4769,90796.685
-1447.520268,2734,90855.984215
-707.277127,1191,90888.893857
-1357.004569,1747,90929.905761
-1439.425478,972,90947.895411
-385.995569,2140,90997.996957
-1510.098698,912,91025.390937
-1781.537305,1192,91047.698757
-739.915515,1514,91086.486607
-1476.16551,1169,91107.177125
-499.473682,1725,91149.285016
0.0,1,91149.794756
-1467.397705,1187,91182.499132
-679.407034,1258,91204.995927
-119.809249,788,91230.703454
-1316.070178,1004,91248.202337
-931.986886,1382,91284.19385
-1116.567226,1168,91316.376204
-1272.504259,1336,91340.498235
-543.457617,2918,91415.494722
-817.958801,1134,91436.094107
-1353.180766,948,91463.989898
-140.554825,1199,91484.693469
-794.27198,1154,91516.488297
-1075.63925,1719,91558.000947
-665.947515,2986,91623.28602
-466.886232,2669,91681.60166
-323.340699,2715,91754.392493
-368.332773,2378,91807.490993
-1011.395946,1187,91828.083306
-1215.813727,952,91856.984469
-1510.042374,1242,91890.801025
-1357.702587,1942,91924.69298
-705.436872,2405,91989.076617
-1237.146322,915,92005.975994
-1599.560216,1178,92037.578491
-1211.002403,966,92055.104368
-161.041526,1094,92086.182459
-1582.080899,1066,92104.796458
-1396.641929,2061,92152.290821
-227.237504,2045,92199.7918
-653.394285,961,92228.002003
-1410.138503,1721,92269.897183
-2148.684596,3963,92350.578762
-1764.877953,888,92377.679442
-114.719141,990,92395.495349
-1472.846088,1125,92426.991519
-623.07867,2012,92474.09684
-256.769218,1391,92509.287645
-2349.357901,4203,92606.903907
-1194.653211,1391,92632.875435
-1162.089527,1197,92665.589695
-1297.94861,724,92678.993679
-721.867433,5393,92806.598221
-581.841046,2866,92868.489673
-3831.998503,3442,92950.17533
-1078.85261,1183,92982.377971
-380.387124,1286,93006.386728
0.0,1,93006.899697
-98.570252,919,93034.099419
-1125.463903,1756,93066.41013
-173.24807,3188,93144.585497
-1191.850163,724,93158.101179
-641.054774,1419,93194.276158
-672.007873,1180,93226.384902
-701.044697,1200,93249.704932
-545.334967,1603,93287.9002
-121.414811,1075,93318.302881
0.0,1,93318.806127
-1218.39749,1387,93344.69269
-1361.906127,779,93369.681282
-1037.796332,1888,93415.101673
-457.033121,1209,93437.602447
-340.858319,2683,93495.988937
-88.438686,1012,93524.195484
-514.487916,1647,93564.083327
-323.738454,1803,93608.29506
0.0,1,93608.799978
-284.67996,1670,93640.30048
-1074.773312,1373,93675.397851
-416.993791,2526,93733.197361
-563.665731,1795,93775.385664
-318.587567,1957,93822.494337
-578.017246,1086,93852.491466
-1121.772947,1078,93872.784318
-1120.137003,1140,93903.397683
-1082.194725,1170,93924.706485
-148.350053,1134,93955.489905
-1126.558754,1671,93996.200434
-495.049307,2193,94045.193793
-262.800172,1603,94085.098259
-1232.111733,1291,94108.28183
-1107.860829,784,94133.902145
-223.773177,1124,94153.478939
-1012.946194,1169,94185.782241
-1059.911125,920,94202.202499
-165.533083,1027,94231.998889
-1171.636119,879,94247.782341
-1118.655671,1041,94277.502649
-315.059561,1804,94309.600005
-286.627771,1531,94346.881391
-440.970573,1662,94388.095029
-1164.158779,1300,94423.198258
-387.020231,1673,94453.485576
-446.446151,1072,94483.593126
-611.236721,2052,94532.297049
-1145.276878,1516,94571.588894
-1496.973732,1171,94592.582303
-242.605583,1341,94627.695197
-139.169932,994,94646.180118
0.0,1,94646.679396
-1324.685836,707,94669.787603
-611.322329,1508,94708.484204
-510.014463,1953,94753.688728
-502.687173,1021,94771.382083
0.0,1,94771.876656
-421.346072,1177,94803.992285
-454.555118,1776,94835.477556
-649.430513,3256,94916.583836
-593.423684,1408,94953.28206
-1365.466785,1101,94972.486327
-1072.827396,910,95000.099862
-1136.303865,903,95016.099436
-1412.696181,784,95042.078991
-454.885695,2218,95092.899678
0.0,1,95093.403029
-1121.65726,1438,95118.401641
-1037.902068,1740,95152.819041
-225.41954,1007,95164.50101
-908.676189,1664,95176.301086
0.0,1,95176.519878
-1307.937531,923,95187.39629
-166.161608,1008,95194.802618
-456.321448,1185,95206.982378
-214.775055,1241,95220.196049
0.0,1,95220.418964
-968.198658,1644,95231.913364
-1203.608216,1662,95247.60636
-198.382809,1364,95261.830269
-1420.729849,1444,95276.405563
-113.885163,1192,95284.833665
-536.625093,2517,95307.184941
-325.170399,1606,95322.724871
-1389.615315,1093,95334.82545
-916.333669,2196,95354.621627
-563.560858,945,95361.492999
-990.936472,866,95372.184556
-1020.440022,619,95376.504613
-1011.37559,882,95382.819001
-972.013695,1100,95395.016896
-603.599114,3579,95428.698407
0.0,1,95428.916822
-162.538517,961,95435.927724
-476.0031,1285,95449.290799
-606.025769,908,95455.82553
-709.730453,2641,95482.605629
-739.311072,1631,95494.11694
-1530.832268,5204,95543.332323
-954.691609,2470,95563.991244
-15.831404,483,95567.432824
-57.161634,900,95578.099868
-1199.953568,1497,95588.516218
0.0,1,95588.726125
-332.692863,3544,95622.683182
-181.610579,1110,95635.017419
-1278.485358,980,95642.004323
-165.056856,1084,95653.831059
-1051.542526,869,95660.104517
-113.687185,886,95670.69624
-1139.746438,1305,95679.730254
-355.990046,1317,95693.206054
-703.173864,974,95700.217164
-137.613024,1113,95712.523807
-160.252162,1038,95719.826713
-581.906926,1103,95731.816163
-356.939309,2723,95755.311336
-1113.579072,1750,95772.281683
0.0,1,95772.507665
-1361.150893,1353,95786.509854
-244.742443,2031,95804.929466
-1963.467649,1355,95814.495176
-1168.295353,1110,95826.430573
-1090.409214,961,95833.183472
-311.063398,2183,95857.502828
-893.429073,2292,95877.612635
-349.527829,1219,95886.329093
-231.464328,1822,95903.524067
-372.839278,2449,95925.020494
-439.623463,1017,95936.631243
-1161.023368,1722,95952.925765
-388.538266,1321,95962.409157
-1540.485339,1252,95975.507608
-1982.365678,1252,95988.22316
-226.571257,1461,95998.526522
0.0,1,95998.783054
-464.846728,1664,96014.895671
-420.075716,2610,96037.020381
0.0,1,96037.277579
-986.916492,1281,96050.422916
-750.323701,1058,96057.915311
-1285.49271,1405,96071.831759
-1115.299326,1323,96085.400114
-1033.6027,1956,96103.298836
-188.834317,1251,96112.290156
-1312.835928,1015,96123.926041
-486.772741,992,96131.124707
-1314.710618,1125,96143.291799
-1320.366815,1133,96151.032574
-424.976871,1357,96165.103158
-1348.055366,1126,96177.201874
-1298.879286,1264,96186.307375
-138.303766,1401,96200.605293
-882.843874,1974,96218.827044
-1083.738767,1390,96233.303296
-348.074159,1268,96242.110528
-697.079145,3214,96273.32909
-338.906798,2089,96292.487415
0.0,1,96292.710031
-659.040638,1534,96307.73322
-5895.214552,6683,96366.326817
-262.718409,1342,96375.695128
0.0,1,96375.911799
-325.8444,936,96386.623672
-734.107309,972,96393.525586
-698.259604,1134,96405.687916
-282.251293,1635,96421.321517
-379.79625,1526,96436.385424
0.0,1,96436.611771
-1400.818356,1599,96447.314018
-1319.04288,2910,96476.218154
-1452.142781,2379,96497.01021
-1967.974038,1505,96511.517644
-1670.88159,1873,96528.59058
0.0,1,96528.805251
-360.391172,2376,96549.731863
-850.97438,1232,96558.404067
-1433.620323,1021,96569.793628
-399.591933,967,96576.721239
-270.819742,1879,96594.218809
-1894.820815,1263,96607.411575
-1155.188785,1168,96615.508687
-1183.206607,2866,96643.902981
0.0,1,96644.121493
-404.829196,2902,96668.188805
-896.991383,1100,96680.113167
-874.19767,1232,96688.819253
-328.267683,2993,96718.08286
-143.255096,1052,96725.601956
-1015.87527,3067,96755.493505
-442.056657,4054,96792.317093
-267.863212,2188,96812.013831
-928.041664,1096,96819.215466
-1714.883678,1125,96831.711364
0.0,1,96831.975126
-1591.686553,967,96839.017243
-168.835452,1036,96850.712986
-381.510259,1220,96863.294452
0.0,1,96863.512167
-1248.724907,3666,96893.096144
-468.151187,3738,96926.915914
-707.079071,1058,96938.607497
-368.912529,2629,96961.003168
-228.43139,903,96967.422863
-1692.644856,1459,96981.711295
-1205.161189,797,96987.308774
0.0,1,96987.523475
-808.269325,1952,97005.785432
-1304.148885,1430,97019.816357
-557.859588,1645,97035.412116
-178.348388,2583,97057.227772
-176.402474,1004,97068.227842
-1050.960954,1656,97079.808645
-945.789169,1252,97093.075325
-812.67588,1867,97110.086205
-347.463422,2401,97130.993114
-522.128255,1287,97144.331875
-1112.508566,986,97151.230538
-1044.677523,1876,97168.29466
-638.943853,982,97179.307185
-945.355145,1137,97187.315693
-1381.604102,2416,97208.032646
-45.125407,602,97216.613295
-1726.521484,1009,97223.723658
-1331.184552,1490,97238.219698
-680.496381,2035,97256.484539
-170.841768,967,97263.219191
-635.641168,1076,97274.881067
-219.043476,2771,97298.300951
-1033.603521,1337,97311.731853
-233.995396,1398,97325.885462
-451.464739,1518,97336.58308
-405.223995,2852,97364.998039
-1230.380626,1024,97372.210038
-382.818284,3446,97404.717054
0.0,1,97404.9294
-4248.372312,7084,97466.322603
-172.673748,1469,97480.799956
-150.807237,1313,97494.111663
-1330.113617,1080,97501.617602
-1143.189258,1294,97515.014371
-1420.194808,1886,97532.192363
-1509.947336,1339,97541.516539
-1192.905647,1820,97558.495085
-226.686679,1087,97570.590493
-592.887123,1504,97585.308194
-986.3291,1416,97595.220025
-1476.187147,898,97605.777555
-805.56795,2651,97628.32689
-1166.74257,1426,97642.679059
-1299.572543,1302,97651.728775
-110.416205,992,97663.083709
-2078.458821,1679,97679.019946
-429.768847,1107,97687.106863
-390.454606,2888,97715.905812
0.0,1,97716.126007
-1061.217047,1502,97726.53459
-908.347631,5871,97780.103462
-663.607084,3369,97812.087456
-655.175326,4525,97852.024632
-1131.933438,1005,97863.477351
-1305.812639,3135,97889.578669
-1428.196199,1275,97903.024691
-1280.685368,1320,97912.390042
-1022.567222,2680,97939.231506
-746.793248,1382,97948.892184
0.0,1,97949.099094
-1341.88339,1069,97960.798189
-412.88342,1805,97977.579292
-939.669438,2532,97999.227057
-717.37744,4959,98042.207258
-1354.303842,4162,98079.498227
-1351.683857,2634,98106.000118
-358.290744,3121,98132.320538
-688.474918,3073,98161.809688
-741.88996,5220,98206.202407
-1528.377245,3276,98237.733256
-1228.090312,1339,98251.989062
-1363.255993,959,98258.81935
-1104.979338,1907,98276.108813
-1417.350253,982,98283.097936
-1023.209097,761,98292.807564
-924.052219,886,98299.194542
-1315.511226,2507,98320.632967
-1109.699742,3342,98352.6235
-680.291315,3706,98386.600452
-630.633478,6183,98441.433284
-1178.36201,2659,98464.126812
-4662.293455,8288,98537.407354
-2058.028931,1979,98554.986826
-1054.966175,5813,98608.597023
0.0,1,98608.814257
-605.927567,984,98620.011098
-2346.90703,6286,98675.298059
-3753.782767,5809,98723.284222
-360.604162,2850,98751.499771
-941.648812,4278,98789.625001
-565.48937,1362,98803.298968
-1365.516625,1236,98811.93337
-360.74562,2572,98834.093349
-2306.305465,1540,98849.033167
0.0,1,98849.292177
-772.981875,7028,98915.87574
-2089.38364,6295,98971.32665
-1918.361174,1477,98981.305228
-687.3821,5629,99032.591234
0.0,1,99032.809338
-1578.184484,1095,99044.700226
-1050.991075,1303,99053.893402
-15432.062878,15733,99194.709705
-1447.008337,1302,99208.089239
-922.438745,8938,99286.382582
-1115.744837,972,99297.601197
-1875.854334,1454,99307.719918
-1296.804078,645,99316.527947
-1184.920728,1128,99324.499269
-894.825412,3994,99360.996879
-2172.815369,5468,99411.111807
-1459.798898,1015,99418.096263
-1450.868679,1560,99433.208522
-912.068035,830,99438.9828
-1507.182986,1581,99454.08119
-569.770076,4489,99493.611192
-1648.242639,1464,99507.814367
-163.229549,2500,99529.189941
-1571.552444,1716,99545.005346
-4333.722284,6348,99601.424731
-992.452829,1242,99614.415303
-189.014676,1620,99630.118168
-1658.122917,2268,99650.014665
-457.331296,3344,99677.703792
-421.916804,4134,99715.211547
-641.277753,4143,99752.016923
-555.4813,4257,99790.184757
-2074.057709,3236,99820.901757
-833.999607,3839,99856.131334
-1138.716376,1288,99869.433277
-1410.580125,3706,99899.717788
0.0,1,99899.975653
-1576.282113,1784,99916.698435
-1091.088119,1343,99930.106884
-393.85945,2826,99954.395097
-1259.115285,1271,99967.678049
-341.568828,2824,99991.687457
-796.457948,2452,100013.375901
-1217.433968,3442,100045.815364
-567.456407,3429,100078.376441
-1024.879413,1286,100087.31159
0.0,1,100087.50964
0.0,1,100087.724214
-472.936843,3882,100124.599853
-403.933235,4085,100161.408467
-651.351351,2777,100189.734283
-547.084267,3566,100218.713282
-980.317977,2127,100242.477007
-765.427077,3956,100273.976494
-415.647324,3283,100304.81115
-2556.512079,2041,100323.295112
-1251.358176,2825,100347.075461
-992.737348,3635,100380.01707
-1505.316485,2753,100407.220653
-2343.252887,1621,100418.299038
-1436.760608,2502,100443.894243
-221.09356,1491,100454.392918
-301.762184,2744,100481.609201
-1429.571611,1369,100491.017879
-1265.956549,1526,100505.727127
-391.099594,2169,100524.885517
-425.406048,2956,100553.603623
-359.734195,1430,100563.521202
-1122.423706,734,100573.018233
-882.657808,697,100577.99292
-1354.477098,2162,100597.031697
-198.051395,1137,100609.385689
-395.801204,2210,100628.908167
0.0,1,100629.125134
-722.389716,1307,100638.182153
-665.13425,3919,100673.812288
-2044.731397,2688,100696.61874
-902.943978,1152,100708.990161
-487.722102,1146,100721.320257
-689.146126,1472,100731.679767
-290.473145,2807,100760.010221
-247.535624,1360,100769.510262
-628.873995,941,100780.306012
-1394.330245,826,100786.184979
-577.311773,1000,100797.69773
-1096.157873,1282,100806.881463
-1281.021342,1419,100821.495071
-744.084403,2491,100843.118773
-829.905391,1113,100855.188663
-94.864231,1174,100863.4141
-201.338818,1270,100876.690787
-597.940643,1763,100893.513425
-884.238239,2097,100912.300496
-1762.576318,1889,100929.509009
-968.732769,985,100936.304403
0.0,1,100936.488277
-274.193944,1268,100949.197817
-1021.067676,1143,100957.209754
-193.831101,2160,100976.602158
-1182.009185,2955,101006.028936
-174.792371,1342,101019.812306
-1066.693478,1191,101028.126517
-169.463434,1771,101044.775796
-1494.522033,1390,101058.987862
-290.169844,2322,101079.381422
-1784.674913,2081,101098.000411
-1823.677924,1996,101116.407746
0.0,1,101116.616135
-1276.932658,947,101123.329583
-326.819234,3716,101157.520541
0.0,1,101157.777846
0.0,1,101157.984802
-1105.523167,2666,101180.910537
-1157.673491,2751,101208.305676
-276.055217,2070,101227.108476
-1614.872283,2670,101249.786055
-1145.288365,1184,101262.522603
-899.513564,1294,101271.616185
-1273.620174,2433,101293.030856
-1247.690221,639,101301.825301
-1145.23886,4487,101340.692733
0.0,1,101340.902605
-1430.113811,697,101345.793535
-916.828949,2803,101373.418459
-68.636876,856,101379.51277
-819.126866,1711,101395.528542
0.0,1,101395.783948
-897.168687,1088,101403.391731
-1556.385974,2278,101427.802903
-1370.687312,1154,101435.928596
-1036.631853,1240,101448.883821
-70.470139,877,101455.207242
-236.064854,2251,101475.112749
-291.730912,744,101484.791044
-750.895753,3826,101520.215827
-2080.867686,2129,101539.032542
0.0,1,101539.297742
-3438.01291,2784,101562.485124
-851.263779,1467,101577.232505
-794.220083,4344,101615.925303
-705.916494,6000,101670.713557
-1349.587757,673,101675.589668
-1867.452392,8846,101753.288451
-588.290266,4086,101790.125902
-1907.629883,2752,101817.778684
0.0,1,101817.998931
-89.688912,1105,101825.992499
-117.435319,980,101837.500757
-1247.870008,902,101844.21356
-2296.033946,2111,101863.319839
-1110.191281,1293,101876.583056
-498.690039,1251,101885.615489
-1359.773351,3187,101916.680864
-1627.055784,4827,101958.498044
-1196.360506,4450,101997.787439
-643.139859,2209,102021.631848
-301.904286,2968,102046.53046
-406.152222,1147,102058.785256
-1492.073344,1669,102070.230556
-269.635274,1306,102083.592655
0.0,1,102083.806983
-843.218977,3612,102117.317277
-1159.537785,1164,102125.479373
-303.211338,1180,102138.130654
-440.28805,1650,102153.820111
-1421.847019,2195,102172.828326
-396.773826,1242,102181.534205
-504.751301,4734,102226.898617
-843.875109,3767,102261.675315
-503.372274,4378,102300.312559
-665.954668,4017,102336.924365
-1527.779426,2672,102359.428881
-936.320972,6601,102417.602818
-860.015327,6581,102475.60554
-847.809843,2070,102493.83319
-3115.383641,7588,102561.725
-459.775992,1114,102573.912618
-1410.869761,1294,102582.880578
-1978.27424,5777,102635.106576
-846.136066,1647,102650.924937
-1585.255094,4203,102687.626836
-2856.020918,5613,102738.399019
-1202.805104,4835,102780.422924
-565.105167,4511,102820.42971
-1110.208525,4374,102859.303002
-436.440326,1904,102876.993055
-1223.401645,2651,102903.834309
-1562.500141,1229,102912.383813
-168.941008,1056,102924.210742
-2314.714255,4044,102960.732233
-2317.232847,4551,103000.289912
-1358.984071,1187,103012.626387
-1491.759691,3978,103044.521062
-637.238754,1924,103062.027097
-1280.990411,1005,103073.226521
-5070.767112,7383,103140.725564
-964.724001,6043,103190.320635
-1050.382736,1043,103201.93027
-791.549695,4888,103244.1252
-1206.389207,2280,103263.977083
-1054.563122,2588,103290.334006
-1386.95871,1485,103300.602745
-336.326703,4524,103343.621398
-503.601434,3180,103369.581492
-548.751224,3258,103400.412013
-1629.913911,1171,103408.40207
-1543.042884,1234,103421.121905
-295.91971,2411,103441.688831
-540.900338,3084,103471.184733
-292.216726,1435,103481.228992
-973.124397,1450,103495.710039
-288.82397,3714,103529.933089
-467.39378,2237,103549.828063
-534.811692,2541,103571.517284
-439.06542,2786,103599.926182
-1102.69202,4348,103638.213981
0.0,1,103638.429507
-222.588236,1428,103648.422431
-726.545058,3049,103677.701658
-239.862315,978,103684.708901
-1085.375846,1482,103699.220245
-2204.27779,7225,103765.609153
-958.796031,2852,103789.222944
-971.535382,2085,103808.12161
-223.655792,1414,103822.314883
-938.48955,1131,103830.408143
-742.143044,1319,103843.999123
-197.044105,1301,103857.726398
-543.396198,1857,103870.718952
-719.271993,5695,103922.32863
-1424.044291,2378,103942.911117
-2907.274087,6496,104005.089068
-1157.347283,4859,104047.006183
-2105.38023,7434,104114.491956
-7632.124625,11534,104215.002941
-2005.222113,8430,104289.117272
-1107.556706,2395,104314.100497
-722.554087,1274,104323.007887
-1051.181354,2437,104344.435134
-1602.400428,1476,104359.094355
-5536.642897,14985,104490.619438
-1028.429785,903,104501.431709
-1724.783567,1479,104516.220366
-1417.138749,3187,104542.10527
-1790.181548,11196,104644.888046
-4014.845912,19611,104816.014246
-1703.249737,11132,104917.726775
-1568.048571,1499,104925.816977
-3299.129788,12666,105035.826032
-1042.708923,7628,105105.211824
-1128.790291,1732,105121.320709
-2094.531666,2096,105139.981459
-741.265349,1419,105154.383073
-6715.293139,8679,105231.897967
-1765.461568,1332,105245.59413
-1330.154728,1183,105254.013736
-1804.637289,7884,105324.604251
-1833.511593,1288,105337.687047
-1079.793741,4314,105375.986901
-1889.649226,1192,105384.203763
-744.134962,6057,105438.431053
-1775.965123,1063,105450.099954
-2015.103444,7196,105512.991949
-2142.883277,5264,105562.026202
-1228.467187,1086,105569.631876
-961.265063,1498,105584.401378
-1407.104527,698,105593.530176
-969.645218,1462,105603.830609
-2354.703446,10771,105703.530955
-1263.689161,2589,105725.595998
-1666.075843,999,105732.725858
-1443.179042,1588,105748.120837
-1099.535844,4711,105788.891757
-841.030452,5232,105837.798728
-1070.65959,5609,105889.204967
-4040.630968,5038,105932.708451
-1380.042856,838,105942.812109
-2058.938522,1338,105952.234371
-779.480897,1194,105964.924429
-252.331818,1212,105973.518867
-664.153209,2471,105999.095002
-1858.935797,1474,106009.310736
0.0,1,106009.517755
-692.791441,1159,106021.878356
-2227.001218,4108,106058.491343
-1708.359858,2150,106077.578024
-854.713983,3331,106109.332071
-408.250218,3210,106135.719034
-135.55406,914,106146.829226
0.0,1,106147.101385
-701.884167,1178,106155.4989
-986.708212,1473,106169.880073
-632.667826,1272,106178.895312
-168.381449,875,106189.329093
-241.885078,1517,106204.314353
-1112.252088,1186,106212.582952
-355.862797,2458,106234.193862
-1320.841721,1179,106246.813103
-264.361695,1099,106258.880347
-937.993688,994,106265.983465
-588.903217,1074,106277.708031
-1503.35626,796,106283.619856
-963.527718,2497,106305.696141
-1157.721994,1398,106319.620266
-1616.804042,1260,106328.579573
-749.590635,2618,106355.615112
-238.507484,1209,106364.099442
-1575.708591,1272,106377.119706
-1480.97232,1176,106385.493011
-976.619442,1255,106398.6322
0.0,1,106398.891319
-656.602648,1155,106411.396801
-1842.098187,1222,106419.901165
-455.003821,1192,106432.602317
-1073.152144,1933,106450.401491
-1239.021179,1948,106467.798617
-1381.533596,1512,106478.414154
-126.250314,986,106489.78715
-345.747295,2157,106508.991983
-663.543051,3495,106541.494213
-430.901962,2938,106566.217566
0.0,1,106566.424143
-1634.385989,1094,106578.319463
-1463.788212,1205,106586.701838
-1452.286749,804,106596.579345
-684.955228,3444,106624.697458
0.0,1,106624.918414
-307.433499,2450,106650.533521
-766.935029,2434,106671.817368
-693.271069,3952,106707.912768
-1395.957826,1244,106716.720003
-295.874899,2366,106737.604891
-702.480501,2526,106763.790094
-2078.984916,1196,106772.496534
-145.065332,1092,106784.578201
-531.09774,2432,106805.512766
-2362.794825,1290,106818.694283
-221.148495,2314,106839.278794
-1192.918009,1533,106849.923748
-741.150673,2187,106873.881132
-1150.011072,3108,106900.091542
-1072.323913,1269,106913.332106
-1501.846251,1315,106922.497324
-171.080166,1084,106934.721037
-198.88068,1394,106948.690222
-267.09169,1043,106955.904536
-974.06641,1916,106973.383411
-318.876738,1178,106986.024185
-1043.304331,1391,106995.827113
0.0,1,106996.084157
-748.29725,1309,107009.593038
-769.008365,1456,107024.227247
-1537.785393,908,107030.83131
-834.148719,1205,107043.915053
-301.154951,2479,107065.522045
-105.350249,1138,107073.518549
-197.251183,1012,107085.022225
-1320.549283,762,107090.424598
-1467.421204,1213,107103.02342
-1076.79059,2179,107122.119888
-1577.749537,1888,107139.417916
-452.016236,3490,107172.994041
-896.651347,1631,107184.41609
-445.17988,1608,107199.606935
-1037.350981,923,107210.424523
-285.994321,3299,107238.305131
-1074.492078,1160,107250.716972
-740.242042,1872,107267.914408
-894.557298,1350,107277.278983
-1241.03721,4900,107323.526092
-494.728036,3205,107349.821604
-263.372831,2656,107376.717085
-639.26672,1080,107384.099437
-1009.025218,2355,107404.423815
-1328.896846,2306,107424.783503
-901.023074,857,107435.099669
-1144.153473,1270,107443.779506
-589.269673,3102,107473.484972
-1310.337467,1529,107488.118352
-581.891671,1798,107505.121523
-676.080209,1364,107514.893439
-1083.975866,2535,107536.031108
-955.029683,1398,107550.09413
-486.356771,2633,107572.51843
-1212.036643,692,107581.587587
-992.31475,615,107585.895804
-536.953429,2324,107606.101521
-1194.41124,1326,107619.72133
-490.73804,1154,107628.007289
-936.107487,1188,107640.736746
-383.19422,1211,107653.80163
-1142.814967,2298,107674.19451
-1154.067888,1178,107682.478487
-589.806427,3491,107715.004536
-671.91961,1118,107727.224721
-383.274793,1344,107736.816
-432.621811,3839,107771.920674
-832.173402,2322,107792.280348
-1286.915954,1275,107805.791069
-328.19832,2405,107827.093268
-575.68876,1893,107844.69275
-1133.315617,1610,107860.127144
-1189.545753,1367,107869.818167
-1119.217853,3070,107899.415328
-1451.219786,1886,107917.691998
-904.263637,2966,107942.592188
-557.236875,2493,107964.131147
-180.017146,1909,107982.011009
-1915.166311,2882,108010.507482
-570.046986,3676,108044.510217
-830.466012,3490,108072.703711
-1466.294533,1744,108088.989434
-424.605318,2930,108117.62995
-707.589665,3485,108146.009516
-180.287749,1168,108158.817225
-888.392521,2173,108178.415255
-450.958103,2691,108201.521333
-1435.692801,1227,108214.500026
-441.109263,3263,108240.892638
-320.384547,1303,108254.094373
-503.289961,1293,108267.495267
-710.704388,1020,108274.801852
-569.899662,2256,108294.514921
-958.925668,1696,108310.608711
-379.898266,1455,108325.128326
-543.917455,1768,108340.99672
-207.183005,1300,108350.118211
-328.193825,1775,108366.723297
-1222.846697,927,108377.416463
-535.847003,968,108384.195844
0.0,1,108384.410636
-1220.264189,1751,108400.695465
-89.321701,1183,108413.289521
-825.369482,1489,108423.826006
-1313.931903,1271,108437.002726
-394.734729,1161,108445.233123
-342.937002,1774,108461.718748
-286.546635,1071,108473.497894
-1230.621568,958,108480.187788
-1308.744884,1094,108491.786083
-363.054825,2269,108510.588834
-495.533737,2771,108532.208729
-407.371577,2179,108551.601859
-1208.006769,1315,108565.181072
-465.934215,2444,108586.496921
-136.547399,992,108597.719857
-467.447831,2128,108616.823009
-928.123676,1070,108624.498156
-411.461178,1962,108642.710246
-749.674865,1273,108655.693804
-1209.146533,1057,108663.093843
-838.581295,1268,108676.031844
-1547.038668,1139,108688.009
-1026.168172,1527,108696.50989
-950.483494,1651,108712.176807
-1351.804905,1442,108726.384975
-1113.554051,1257,108735.107093
-545.811356,1882,108752.310182
-840.424656,1195,108765.005504
-976.917253,1058,108772.398509
-461.84304,1793,108789.510231
-181.955629,1381,108803.429815
-247.868433,1331,108816.800498
-1207.414467,1264,108825.627814
-425.257073,1626,108841.312675
-301.087122,1736,108857.488016
-1364.107191,1787,108873.895693
-766.694709,1820,108890.620207
-197.104059,1314,108899.720666
-606.829991,767,108909.791212
-452.928855,1794,108926.577303
0.0,1,108926.793128
-447.385522,2018,108940.826606
0.0,1,108941.08201
-1294.811733,1815,108957.690762
-1143.225639,1275,108970.822407
-1279.432507,634,108975.313456
-1338.72009,1492,108989.797843
-1042.405013,860,108995.906914
-1330.913144,1830,109012.716637
-106.472122,730,109022.105953
-1206.262725,1923,109039.327034
-125.957028,1251,109048.118473
-1290.671175,1173,109060.421901
-253.970372,1115,109068.211509
-150.4247,1613,109082.225648
-625.731441,1036,109092.480649
-1163.228503,2193,109111.812777
-461.620101,1136,109119.11721
-305.529102,1053,109130.019976
-1011.604549,1201,109138.436729
-106.089023,1082,109150.515398
-374.056935,2144,109169.409791
-1257.526155,1366,109183.080384
0.0,1,109183.299005
-1022.770346,942,109190.016611
-566.031745,1907,109207.717937
-1077.708528,2826,109231.120107
-683.755547,1523,109245.915446
-112.61816,1169,109258.37882
-92.053286,848,109264.437237
-738.074655,1320,109277.819526
-1008.466794,1086,109285.391135
-999.537225,1992,109303.122674
-781.966787,1165,109315.611594
0.0,1,109315.825993
0.0,1,109316.087032
-228.235933,1142,109324.115743
-375.181603,959,109335.11505
-1169.617373,1927,109352.130177
-259.995392,1689,109368.402556
-638.549714,1363,109377.831182
-1345.486078,1344,109391.688606
-520.389416,1970,109410.019127
-1271.342542,1393,109424.012284
-657.111983,1020,109431.295006
-1578.404008,1238,109444.207021
-391.533206,1785,109461.006223
-271.005468,1501,109471.31352
-419.724718,2041,109489.505452
-1106.280164,1112,109501.722976
-991.080078,1247,109510.494445
-919.975955,967,109521.431533
-1148.391777,933,109528.107138
-209.812815,1088,109539.913642
-1524.643077,956,109546.6754
-1138.125857,863,109556.829463
-333.265747,1032,109563.720892
-169.192198,1053,109575.485008
-1648.804223,1753,109591.785825
-1664.83601,2313,109612.089988
-104.572296,1310,109621.316644
-1324.385117,1454,109635.697942
-685.129888,1099,109647.631421
-1057.968639,1886,109665.114882
-1071.367745,679,109670.018412
0.0,1,109670.286316
-130.478205,1538,109685.2228
0.0,1,109685.495607
-520.955963,1168,109693.593738
-1040.460182,966,109704.692728
-684.846622,1803,109721.594171
-345.573682,2326,109741.934267
-345.990701,1943,109759.112241
-392.210856,2019,109777.223094
-1017.49359,2035,109795.587488
-974.724885,2014,109813.69807
-438.241791,1128,109821.621818
-1385.110525,1627,109837.017236
-1062.323157,1084,109848.997339
-1203.257648,1084,109856.604886
-1286.89621,1558,109871.529388
-206.939928,1150,109879.7955
-593.863435,1173,109892.304759
-283.55041,1692,109908.328555
-978.383197,1956,109926.131143
-903.600415,1008,109933.377267
-780.278709,2875,109961.79289
-1341.783656,1538,109972.397165
-422.928418,2818,110000.005908
0.0,1,110000.222601
-293.437468,1275,110009.176284
-1278.760809,1113,110021.194901
-644.280548,1024,110028.487704
-747.721238,1596,110043.722083
-686.59073,1890,110060.918674
-905.7254,2198,110080.519256
-298.793694,1180,110093.115228
0.0,1,110093.330536
-1006.56055,1523,110108.032769
-1302.27807,1089,110115.7909
-315.902727,1235,110128.53141
-398.68423,988,110135.531424
0.0,1,110135.787624
-457.896576,3308,110166.909245
-1141.37178,1285,110175.823763
-426.860604,1949,110193.222688
-1313.717859,1239,110205.886713
-303.99404,1615,110221.29268
-513.371462,1214,110229.930434
-972.691615,1106,110241.734648
-253.871812,923,110248.293927
-695.813267,1214,110261.234119
-252.528473,1359,110275.103627
-273.94649,1591,110286.229958
-1163.519739,1155,110298.585254
0.0,1,110298.798541
-869.816053,1976,110316.601479
-239.822457,972,110323.700622
-145.689605,1290,110337.187369
-463.534315,1395,110351.382851
-244.704456,1169,110359.724994
-1050.555141,2364,110380.21308
-1723.984627,1132,110392.220492
-262.844974,2297,110412.283766
-228.713254,1143,110424.597746
-1299.568323,1240,110433.320031
-1082.518537,1140,110445.512436
-575.927941,1315,110454.924979
-1087.835678,1217,110467.689855
-1252.978064,1108,110479.725982
-767.477561,3113,110506.113103
-527.001052,2307,110526.310973
-1219.937111,1086,110538.115895
-890.129138,1284,110547.033369
-797.384002,1275,110560.50212
-298.095307,1097,110572.423343
-1267.551784,940,110579.00616
-799.914104,1495,110593.90368
-359.694886,958,110600.731314
-157.532102,1079,110612.728786
-732.987655,2231,110632.7035
0.0,1,110632.9192
-520.874577,1270,110642.008605
-697.600633,1232,110655.021841
-1314.271445,1273,110668.322229
-1116.411835,2381,110689.276028
0.0,1,110689.495729
-1236.665163,1239,110698.016989
-284.609135,1283,110711.595439
-777.330487,1143,110723.920837
-226.061422,1902,110741.484918
-1291.734489,1433,110751.609815
-740.956209,3135,110781.906069
-794.001281,2251,110801.799749
-1185.536024,1143,110809.915202
-346.064812,1104,110822.217429
-286.386152,1340,110835.975477
-982.745298,5309,110881.196148
-1135.921308,4997,110928.281933
-1112.718847,1056,110935.791196
-1255.612934,1584,110951.104382
-1089.739096,1190,110963.611712
-75.643585,776,110969.081929
-156.326899,1450,110983.475856
-1202.023782,1045,110990.808364
-1241.072184,962,111001.784701
-911.109989,1699,111013.497741
-684.787628,1648,111029.120476
-545.619781,3205,111059.609102
-213.862372,1827,111076.611232
-245.927564,1185,111085.398634
0.0,1,111085.61833
-895.38396,1220,111098.537543
-1272.221523,1540,111113.5261
-1089.294352,4895,111155.531097
-1537.897307,6239,111211.29297
-984.734366,7523,111281.196127
-1353.772547,1400,111291.123077
-1925.342095,8547,111370.693498
0.0,1,111370.914623
-1505.509887,1259,111379.906458
0.0,1,111380.123036
-1161.648165,7489,111448.42511
-1346.47548,1432,111462.522888
-1431.226924,989,111469.525141
-1369.970941,1602,111484.905157
-1327.094048,1068,111492.520371
-1006.921058,5635,111544.431576
-834.640859,1245,111557.680156
-1278.138659,1166,111566.117975
-989.778391,2151,111585.511551
-1219.625107,1348,111599.128648
-313.724481,2635,111622.011147
-1381.666735,1511,111636.905143
-103.533956,1064,111648.523512
-423.817892,1803,111661.106077
-544.595463,2900,111690.218264
-1264.002508,2854,111714.177875
-1395.749792,1747,111730.395565
-505.053492,3827,111765.490383
-235.625287,1067,111773.424667
-1311.584284,695,111782.732177
-218.694388,1157,111791.013156
-1164.870309,1412,111804.900916
-322.883927,1509,111819.687993
-1002.042089,952,111826.404302
0.0,1,111826.615776
-998.651276,3231,111857.500229
-841.600913,1631,111873.108939
-794.257867,1165,111881.289553
-449.901729,3568,111913.32273
-235.391384,1129,111921.40452
-868.346882,1068,111933.432123
-740.190707,1331,111947.317701
-780.145823,1081,111953.403434
-1350.299004,1459,111966.224045
-1347.069097,2738,111988.901096
-222.598563,2714,112016.316475
-850.317031,1056,112023.630392
-890.212251,1096,112035.698246
-1483.659453,2189,112054.701476
-997.400894,810,112060.42187
-219.663469,893,112070.898449
-686.487468,3764,112100.98973
-170.763458,1792,112117.786916
-646.45578,1750,112134.287584
-273.295086,1013,112145.802125
-148.151179,934,112152.436665
-646.354439,1560,112167.595811
-1354.292455,795,112173.384474
-569.873852,1013,112184.62828
-972.180081,2246,112204.42724
-435.176536,3166,112230.624905
-1459.543256,1069,112242.501269
-429.440811,2924,112267.192016
-1102.99709,1304,112280.683809
-514.248118,3501,112314.003937
-548.52203,997,112321.199902
-1828.767353,965,112332.488015
-1136.222112,1511,112342.533406
-624.885407,4116,112379.712527
-523.192443,4206,112417.411904
-1060.136968,938,112428.378758
-1162.888074,1692,112444.403343
-1270.714499,1080,112452.091227
-2251.821108,7076,112517.434219
-1686.624426,3320,112545.095401
-1449.750903,800,112555.197208
-1322.471143,2874,112579.990486
-880.148117,1192,112592.998139
-1449.931483,857,112598.576828
-1236.792111,2492,112620.014019
-941.610494,2563,112646.115554
-1017.221874,3018,112671.699359
-449.67773,1300,112685.41519
-1356.596671,1544,112696.309795
-1448.666102,1240,112709.226537
-754.314492,1442,112723.598506
-1419.674031,773,112729.036652
-652.447337,1245,112741.934438
-1318.707499,1967,112759.632988
-453.064602,4341,112798.118901
-773.134073,1009,112805.414964
-145.796112,1054,112817.38279
-1178.085938,880,112823.699335
-1071.814868,2686,112850.81903
-1016.142229,986,112857.60565
-1335.049046,2039,112876.029783
-245.405645,1047,112883.579103
-1615.426254,1985,112901.298229
-1117.248555,1175,112913.925046
-2079.77773,7928,112986.413572
-1241.852652,1354,113000.32939
-383.668989,1178,113008.894105
-267.689119,1024,113020.495444
-1671.483738,874,113026.776126
-1015.386553,957,113037.701147
-1515.743091,2187,113056.893171
-857.236335,1090,113064.603637
-1328.420362,2244,113084.296659
-1154.518243,1315,113097.602307
-570.760581,2723,113120.876319
-588.598963,865,113131.232689
-326.191444,854,113137.438245
-1378.720994,6657,113194.994064
-1118.098886,1226,113207.880457
-1092.831046,2601,113229.724647
-1071.823519,3156,113259.633162
-1117.139038,1033,113267.129954
-675.962657,1236,113280.21675
-1301.25568,1348,113289.821686
-768.070921,1248,113303.207922
-1607.008139,7401,113372.124687
-1285.890159,1279,113381.376562
-1727.163185,6501,113439.03393
-940.184357,1158,113451.700619
-839.292774,1160,113464.21754
-1335.250402,761,113469.729217
-1037.329701,7457,113537.895826
-506.468026,901,113544.40388
-1145.422725,2887,113568.72717
-219.164917,1549,113583.912045
-296.327414,1674,113599.728688
-1038.344404,6255,113655.614558
-471.679889,2744,113678.833388
-585.653876,2523,113705.114666
-1326.028007,1307,113714.215412
-181.926212,1314,113727.833382
-1233.681315,1266,113741.019644
-1303.943612,6629,113799.294566
-1240.143657,1305,113808.478276
-575.286754,3447,113840.814808
-1452.789041,1746,113857.484229
-1407.377608,901,113863.581761
-94.476775,1232,113876.50405
