#{"t_start": 1681127315.8222258, "env_id": "TruckTrailer-v1"}
r,l,t
-453309.268379,5280,74.770421
-1932.508795,751,82.952302
-1586.99717,395,89.462445
-3294.065947,2715,110.476166
-605791.517183,7194,165.76115
-489913.231307,5317,210.490216
-1065399.476837,10771,293.393632
-566437.624436,6434,372.976948
-217656.549711,2962,399.250895
-493811.008254,5936,469.869947
-647027.355538,7737,572.77384
-994560.872335,10080,699.7572
-156141.454203,5630,809.953314
-871.583357,425,818.164711
-378701.552507,5056,936.555238
-212527.841401,3708,1020.162763
-507900.471255,6053,1151.248527
-154093.754596,2716,1207.864329
-589.197831,2384,1257.146826
-188748.964913,4164,1346.144337
-433834.016175,5463,1464.550668
-1216.929734,3281,1541.554065
-88167.656492,2606,1596.867128
-526013.794123,6195,1729.147654
-82671.577201,4383,1822.76604
-927977.271146,10006,2031.37204
-990696.00758,10432,2251.969371
-1369323.113992,13761,2553.254058
-1308021.321106,13257,2835.961177
-815695.773781,8798,3024.461727
-658027.838257,7980,3197.669187
-626999.266181,7300,3361.769304
-918.003888,4150,3453.148912
-378493.798306,4940,3557.050209
-179701.735361,4244,3650.644504
-563341.243071,6597,3802.356776
-361464.27282,4809,3903.058211
-1484909.306954,13246,4185.759579
-116834.44799,3225,4265.662949
-400756.736861,4949,4370.75696
-460646.597524,5838,4500.254115
-1934.387561,386,4507.754691
-408821.277431,5229,4631.358519
-1038979.283748,10445,4857.550192
-1198336.937173,11754,5115.569927
-474578.846995,6172,5250.864502
-121909.315231,2236,5299.463537
-107337.107743,6212,5433.372849
-529626.315772,6846,5577.666132
-471060.381682,5856,5704.150499
-676277.160043,7739,5873.862548
-1254.85765,3188,5951.146437
-761504.398322,8543,6135.153859
-1210967.215919,12367,6399.450017
-658558.504881,7525,6559.872617
-429256.322883,5137,6673.84593
-1124577.792727,11333,6914.252355
-260003.971824,4022,7002.962779
-747431.454619,8365,7186.34508
-355007.147849,4557,7291.574746
-602463.416737,7109,7443.56907
-2071804.041621,18153,7835.444937
-980178.23073,10528,8058.749025
-374261.621528,5051,8175.366443
-358281.212598,4231,8265.956066
-1385.634495,2091,8312.965735
-442100.07883,5661,8440.345144
-1447633.104466,13928,8735.249598
-953.113563,610,8756.358734
-1393.578759,467,8764.663943
-1360150.131848,13487,9051.965971
-58789.630541,1163,9081.762686
-1782.051495,368,9089.060887
-757326.98611,8375,9272.95412
-1956.152254,860,9298.964338
-1126.172878,1876,9344.159698
-1671.940823,839,9359.258713
-1215308.706802,12666,9627.673976
-683391.811839,7846,9800.162212
-893865.036789,9582,10018.546212
-1012237.017396,10739,10248.04705
-599143.372505,7653,10414.454362
-498831.947652,6071,10547.969017
-40703.350101,570,10558.163582
-1380.296482,707,10570.860122
-494734.386092,6292,10709.858532
-1249.001654,572,10731.368083
-2913.946011,503,10740.078975
-278459.91353,4516,10838.166148
-41739.855034,414,10846.063955
-1657.154476,470,10855.461434
-1352.133868,337,10871.666012
-32262.92823,320,10877.545218
-1820.849295,434,10885.356622
-1567.088867,344,10892.354226
-45207.026779,449,10900.357473
-541.995045,503,10919.658671
-1230.318632,506,10928.771356
-1652.893819,391,10937.052682
-51624.691696,513,10946.05126
-68874.752556,686,10967.672255
-50154.529603,537,10977.250116
-177255.500115,1879,11018.360185
-143494.965538,9476,11215.449788
-48094.063156,479,11234.160549
-530298.505125,6467,11374.571497
-477214.002086,6025,11506.351529
-465101.289958,6184,11643.444788
-739856.505495,8266,11821.762508
-51603.961667,2007,11865.869865
-1049.738328,624,11876.273397
-467148.765226,5794,12003.659734
-521626.420842,5951,12131.044695
-362633.951623,4297,12224.145417
-576785.607715,7574,12386.974453
-632388.8877,6457,12528.862822
-726200.877796,8038,12700.164111
-65780.291832,655,12711.57471
-1536145.358659,14063,13006.96422
-12449.704551,558,13017.062109
-664788.907456,7698,13185.751799
-1434180.825068,13114,13462.869981
-1427.061044,554,13482.167862
-1123902.5214,11821,13722.945752
-1379.915041,439,13741.962856
-952.852071,783,13755.471871
-1704.941577,486,13763.466818
-639597.729419,7271,13923.156582
-987.738153,382,13930.05905
-241351.388037,3272,14004.267597
-1623.71808,510,14014.270743
-626.577254,420,14022.045521
-131506.835294,2934,14083.46243
-55394.487556,552,14103.761461
-1189.288997,465,14112.360968
-42124.290314,418,14120.068928
-1142.937202,556,14130.161022
-1532.82215,390,14146.645217
-46397.460312,460,14155.260203
-1607.074615,510,14164.265893
-42981.899372,429,14171.774469
-43404.234474,432,14188.867859
-440174.471428,5934,14306.870352
-274731.081323,6769,14455.355625
-1345.732674,415,14462.96582
-134682.49044,1343,14495.76349
-57529.838028,572,14505.868255
-1832.566913,336,14511.567461
-678.016396,488,14520.247595
-48170.769234,478,14539.67174
-947.301756,344,14545.664791
-1825.159009,563,14555.067415
-758.877745,418,14562.149517
-768.269142,417,14569.665662
-605.431064,479,14589.447654
-1124.796035,471,14597.54956
-47615.57354,473,14606.944193
-43717.912651,434,14614.661983
-2618.462547,419,14623.047735
-1543.958197,478,14641.559444
-482.509736,418,14648.851667
-1570.629549,436,14656.564975
-686.775789,387,14662.874411
-1696.489423,358,14680.254472
-1615.166335,435,14688.163025
-552.715062,311,14693.86066
-86207.7799,859,14708.764923
-25294.073128,534,14729.064277
-1417.386619,383,14735.670476
-51930.289879,516,14744.171289
-113844.49276,1135,14773.952561
-17964.63103,668,14785.257507
-85791.705414,855,14799.650948
-47774.487572,475,14818.652124
-123624.794449,1233,14840.450862
-1307.257629,451,14848.145368
-1719.260401,294,14853.547351
-670.542917,520,14873.646899
-1280.540513,402,14880.859818
-57311.697655,570,14891.258504
-1164.637274,421,14898.769365
-1014.608779,409,14917.250363
-1541.794194,398,14925.054087
-25456.027771,252,14929.667995
-646.75794,464,14938.264835
-36655.157066,364,14945.062898
-37661.195885,375,14963.255256
-902948.540007,9557,15160.365326
-43688.354927,434,15168.161233
-78614.047981,783,15190.144725
-597.311436,359,15197.469818
-1559.589812,387,15205.071674
-46938.521402,490,15213.544414
-44950.866791,446,15231.06497
-1375.0525,361,15237.275602
-617.173052,352,15244.067298
-46084.540924,458,15252.46765
-41125.619792,428,15259.844095
-1144.405009,575,15278.847932
-1766.941756,364,15285.351646
-18550.21579,641,15297.752594
-55612.083534,553,15306.670235
-1076.72701,471,15324.169049
-43354.575462,431,15331.374438
-47801.844154,474,15340.164149
-1607.404388,482,15349.159855
-467.600143,490,15370.559657
-1742.155326,340,15377.055542
-32538.568838,805,15391.568074
-39527.05217,392,15398.864296
-1576.535411,434,15416.065507
-22577.452298,726,15428.165885
-1093.999973,380,15435.669559
-37719.987694,375,15443.07035
-768.491752,400,15449.855213
-28416.177434,445,15467.059023
-1664.624866,391,15473.950101
-852.594611,428,15482.169307
-1700.393052,350,15488.853174
-1226.533473,369,15494.96295
-1177.271974,413,15511.951883
-143708.058648,4858,15617.452451
-41962.44368,417,15626.569534
-33332.080696,332,15633.3678
-57664.028564,574,15655.252194
-292743.564428,5113,15757.751189
-1041.763364,358,15764.465356
-1631.157897,350,15771.649841
-52872.46505,525,15793.165009
-1238.248739,301,15798.760789
-1082.342378,353,15805.36115
-1192.946158,599,15816.254986
-2071.999783,351,15832.953066
-1196.173202,447,15840.952295
-37364.396431,371,15848.160124
-1792.684843,570,15858.660911
-41349.17131,410,15866.14894
-1204.786424,377,15882.162802
-48243.612691,687,15894.055717
-1018.458373,441,15902.17048
-43489.621735,433,15910.763736
-160484.529255,4771,16020.047884
-715.764686,400,16026.470721
-1275.427884,446,16034.469688
-2279.59634,322,16040.356449
-81452.206306,811,16066.654692
-1408.487125,487,16074.866601
-49778.897163,494,16083.474217
-38666.923355,384,16090.661008
-483.150293,366,16097.269531
-46928.44821,1066,16125.663487
-39507.288895,392,16132.26327
-1277.878951,383,16138.866206
-1529.209116,461,16159.052947
-89851.25119,894,16174.34596
-34003.966064,337,16180.266401
-1079.593415,402,16187.4484
-1305.557497,392,16206.263477
-42184.314598,419,16213.272443
-902.971998,431,16220.65668
-44870.565155,445,16227.952161
-598.75738,447,16235.56386
-631.083352,327,16253.458811
-844.388852,323,16259.665106
-1061.380775,386,16266.567458
-35316.722839,351,16273.451521
-1742.151512,445,16281.662187
-2012.47631,355,16299.57428
-44833.085442,446,16306.76271
-39398.544907,391,16313.364574
-593228.474412,7938,16484.358671
-47558.785316,473,16493.564416
-795.879612,433,16501.644896
-1308.856273,437,16509.37133
-1596.414952,377,16525.758892
-1707.544795,506,16535.265523
-929.997819,391,16542.548347
-1930.097535,365,16549.067768
-1447.393633,492,16569.046657
-1656.277836,262,16573.568085
-38632.491989,383,16581.154882
-54241.793442,539,16591.76247
-1350.387967,482,16600.859637
-1369.450512,374,16607.969373
-42833.866104,426,16627.852504
-856.884494,402,16635.748548
-41334.884102,411,16643.365408
-60851.936798,606,16654.169221
-831.3338,419,16671.750672
-902.050499,384,16679.174523
-1581.426307,310,16684.266851
-38399.351952,382,16690.761279
-62551.738548,623,16701.259591
-32927.032715,326,16717.262574
-1097.111476,430,16726.163986
-903.364421,377,16733.356915
-45777.555244,455,16741.174515
-1381.820868,516,16749.572591
-1647.424974,381,16768.056398
-738.516344,418,16776.871144
-1752.057878,525,16785.659035
-34149.008041,339,16791.566877
-34076.115593,339,16797.554005
-40181.60347,399,16813.470958
-38752.03112,385,16820.645026
-38751.566109,386,16827.977645
-1823.734496,355,16833.963596
-25117.372923,755,16857.152496
-1530.527653,327,16863.368474
-2028.944655,365,16870.661043
-1064.204053,392,16878.157355
-1366.189116,430,16885.859931
-45297.20768,451,16903.359725
-69772.189026,695,16915.546672
-1831.794654,343,16921.952411
-125644.459895,6454,17051.656316
-40153.863724,400,17058.671339
-49419.461136,491,17078.244307
-620.782716,397,17085.364383
-1573.140035,454,17093.559415
-36067.396904,358,17100.244238
-786.08395,379,17106.856782
-1614.683058,434,17125.465374
-42039.245071,418,17133.052007
-633.180307,404,17140.451095
-1857.318418,494,17148.84413
-2541.295653,641,17170.667466
-822.378108,365,17177.049519
-44478.914657,795,17190.567757
-57814.367073,575,17200.448881
-35947.247178,638,17222.368201
-26276.13881,706,17234.068651
-631690.570132,7493,17394.162163
-54393.303337,542,17404.346943
-60786.588898,605,17415.170278
-2027.764545,510,17433.263989
-146309.84392,4584,17532.666114
-1450.513434,402,17540.170633
-1406.366067,341,17546.848958
-2563.902015,752,17560.661081
-1002.467637,482,17580.250256
-1859.575067,556,17590.046615
-1559.156214,545,17599.869541
-623.654258,623,17620.461704
-1475.103937,459,17628.457301
-37743.045197,375,17634.7673
-42117.319557,419,17641.773681
-1176.236724,426,17649.661363
-42204.967018,419,17668.051829
-47065.578751,468,17676.771351
-3207.870589,523,17686.561484
-1205.576114,418,17694.648053
-667.755997,390,17702.15363
-63014.718094,627,17722.564045
-31139.734856,308,17727.760163
-34621.956955,344,17733.464081
-48.11232,1177,17763.847544
-1711.318012,451,17771.451815
-34154.305107,339,17777.352352
-1863.535495,392,17784.36125
-2310.360035,545,17806.168973
-1624.820996,518,17815.963775
-1161.075093,412,17823.954227
-76799.899086,765,17839.369165
-1470.793405,465,17858.369881
-49162.646828,489,17866.855469
-1199.478006,398,17874.146832
-42890.218262,425,17881.354866
-876.040216,484,17890.469131
-1641.744402,477,17909.16508
-1615.667212,463,17916.659127
-1720.459176,555,17925.654608
-2055.785126,499,17935.070092
-102920.870026,1026,17963.165504
-1623.045791,438,17970.966901
-50337.21299,500,17980.167253
-1598.785802,463,17999.35381
-1103.796936,426,18007.475262
-2126.69074,394,18014.456596
-1465.350176,434,18022.75469
-49145.449074,488,18033.256502
-37339.770958,370,18049.959696
-60722.651176,605,18060.145885
-459.048157,334,18066.066277
-37518.255974,392,18072.853593
-41878.995453,417,18081.679227
-1923.364751,371,18098.86458
-22998.528428,400,18105.76436
-50712.31369,504,18114.57093
-43958.015408,1829,18155.866714
-45819.575462,455,18163.447582
-36105.774155,358,18169.666549
-2288.509365,686,18192.652158
-2346.022934,583,18204.066129
-48548.011467,483,18213.544713
-1212.912809,507,18223.948019
-1024.521938,367,18240.569491
-1595.922122,552,18250.262348
-71840.516273,715,18262.174
-1220.415398,424,18280.748096
-1147.941098,479,18288.968614
-66569.670853,662,18300.563717
-39975.156769,398,18307.450645
-49349.243828,491,18317.352307
-1559.442559,412,18334.870123
-823.217547,479,18343.745252
-94387.032516,941,18361.665226
-1337.477875,423,18380.154965
-141800.814664,5402,18489.758904
-1170.72529,544,18498.446616
-170292.68635,5228,18616.95786
-1735.148937,480,18625.074118
-1034.671352,343,18630.66157
-620.283283,423,18647.468801
-788.119429,425,18655.965697
-209182.88771,3668,18734.452013
-1096.335329,417,18741.467842
-40026.447214,435,18749.159763
-755.365071,441,18758.146406
-42121.418892,419,18765.557721
-17480.958816,401,18782.178079
-1333.610248,481,18790.469393
-1719.748718,451,18798.565737
-72507.055969,722,18812.456644
-48691.916855,484,18830.758013
-1088.806249,484,18839.266119
-1212.961945,433,18847.460356
-41218.858971,410,18855.364809
-45477.372841,454,18872.673949
-721.200909,472,18880.359102
-1531.274159,564,18890.264504
-1220.582142,410,18897.661728
-1956.478629,528,18916.957632
-51380.757263,511,18925.474025
-83061.457596,827,18941.155241
-1167.685043,285,18946.751603
-454.117566,542,18967.048017
-46339.805702,461,18975.467849
-88948.653007,2187,19022.445662
-690.56696,383,19029.059497
-67668.322372,673,19040.560652
-520.848407,407,19058.86811
-817.692073,388,19065.665119
-32883.039307,327,19071.654055
-39862.583572,396,19078.748327
-2510.256461,469,19086.751935
-1817.884106,397,19105.562565
-386.769967,459,19113.570404
-1337.160771,406,19120.477092
-35492.662849,353,19126.572985
-320.175751,483,19135.458151
-59780.502556,595,19156.46301
-593.165613,671,19167.956707
-654.865007,336,19174.069652
-1859.176773,377,19180.364184
-1909.572049,507,19200.245322
-41433.540085,412,19207.550669
-41175.786453,409,19214.454689
-37905.235054,376,19221.466359
-1277.608762,528,19231.264568
-559.530235,321,19248.551009
-23335.325587,1120,19266.970679
-42308.428932,420,19274.54669
-931.208988,430,19293.275388
-70653.539047,703,19305.368477
-1613.083901,365,19311.353145
-64990.63517,646,19321.750591
-38426.38504,381,19339.069427
-29751.286018,296,19344.957943
-43153.553024,429,19352.471525
-52834.577614,526,19361.571238
-2236.894087,386,19368.244098
-131.208658,369,19384.953804
-2065.798706,354,19392.176205
-48912.002892,486,19400.865367
-1435.226244,468,19408.851841
-628.766415,575,19428.370454
-368317.843352,4831,19532.94875
-42609.463272,424,19540.46562
-354184.497628,4581,19637.866594
-37423.060928,371,19653.957173
-258443.347123,5005,19755.764399
-126564.546989,1262,19787.574755
-1303.011025,465,19795.764799
-40303.58149,401,19802.375189
-621.05052,477,19810.573604
-46526.641632,462,19819.568039
-713.339233,399,19836.446718
-1216.44623,434,19844.264386
-50316.521683,501,19852.466265
-42865.585762,426,19859.370462
-646.336294,378,19866.471486
-57523.184113,572,19885.653737
-986.090492,374,19892.071593
-82465.980461,821,19907.163926
-43126.353828,429,19926.666059
-1073.031112,561,19936.147722
-599.084039,450,19944.166889
-18693.670291,2191,19990.668034
-106565.345711,5021,20101.969473
-40117.136368,398,20109.256672
-1307.485047,439,20117.257037
-1588.892653,480,20125.054468
-1289.058231,463,20132.773802
-1317.422677,409,20149.766054
-22275.046171,1080,20169.373887
-1423.980599,541,20178.65087
-37541.355125,372,20195.865707
-1716.08674,443,20203.86735
-767.895892,525,20214.061205
-665973.328765,7597,20377.551486
-94484.29129,941,20392.948931
-721.917379,442,20401.663429
-1468.686906,366,20418.861732
-1714.295696,463,20427.258243
-35913.522408,356,20434.160809
-54035.834366,538,20444.264175
-44851.043243,445,20462.267736
-372650.511621,5317,20568.861303
-989.504342,414,20575.644665
-539.924417,388,20593.857418
-558640.141579,7081,20741.153282
-905.985698,2247,20787.850877
-57773.154037,575,20797.167268
-592.442588,469,20814.462894
-786.088012,417,20821.85252
-39307.111221,391,20828.869802
-660.752005,368,20836.362049
-35722.155472,356,20842.666083
-138632.567297,5580,20963.056878
-15307.157793,752,20976.767929
-55434.942291,551,20996.764932
-53863.468407,535,21006.764991
-193571.178903,3529,21086.752766
-614.108947,342,21093.070687
-854.074654,461,21101.861112
-1424.816242,710,21115.56216
-1674.008815,470,21134.144414
-1939.81022,919,21149.856438
-1041.301436,543,21159.455097
-1755.917367,1374,21193.969898
-85047.511612,847,21209.060009
-237015.700431,5684,21337.87121
-36848.350403,366,21344.265808
-1230.442632,584,21365.445551
-983.963104,443,21373.670379
-551166.663458,7274,21521.662276
-734816.1107,8733,21712.257187
-693.543449,723,21725.661444
-1748.949258,464,21734.368364
-758.379965,392,21741.875481
-834.986024,2476,21806.064068
-80602.014412,803,21820.54872
-1515.14069,467,21829.858917
-369663.302585,5944,21959.665805
-1502.215586,582,21978.776061
-120259.439353,5336,22087.348243
-41173.240463,409,22095.954102
-452305.630533,5818,22221.874719
-98558.295768,1661,22262.049747
-1206.347168,359,22268.457443
-2032.261882,590,22279.445882
-869515.593124,9559,22490.060625
-1193.711988,994,22517.160532
-406452.493725,5334,22627.165571
-1793.838134,567,22636.256272
-827.123742,682,22657.268336
-49777.961113,496,22666.356061
-680.349469,605,22677.055401
-1100.137044,482,22695.945121
-28455.734462,1044,22714.249144
-1033.388269,424,22721.957206
-1008.532729,511,22739.951029
-582.032909,507,22748.647571
-48043.484616,508,22757.248749
-2193.305024,503,22766.273579
-1158.234677,507,22787.46319
-1414.782311,562,22797.268357
-33987.993088,338,22803.444504
-1461.563006,494,22812.349008
-1485.6789,466,22820.67335
-1098.768682,521,22838.848432
-1034.493991,386,22845.860689
-513623.335452,6144,22973.970193
-1257.46758,432,22981.357831
-401803.24874,5136,23092.774172
-59868.571434,596,23103.368707
-422562.094981,5361,23219.357549
-36492.463654,363,23225.158121
-451133.529747,5455,23331.260385
-74963.222,747,23354.450355
-531536.114111,6337,23487.954951
-469821.967739,5706,23614.154881
-585869.472886,6400,23746.048848
-1171.760649,455,23753.453964
-58017.180259,916,23768.068023
-955533.337238,9936,23980.044701
-1003.177709,451,23989.06164
-398989.936038,5301,24108.350849
-100688.91224,8274,24286.373105
-155944.240737,1895,24328.865914
-1173.010934,651,24340.847887
-63599.73481,634,24362.95999
-1432.264027,401,24371.074116
-253233.765144,3679,24452.272325
-1651.872004,515,24461.164029
-39783.69809,396,24468.859453
-1026.734615,639,24479.864996
-1367.866591,445,24497.364208
-1687.370558,406,24504.767657
-28795.86715,531,24514.371035
-226705.592138,4333,24605.467729
-44409.282089,442,24613.970706
-1151.127314,501,24632.553965
-809.101016,348,24638.665444
-413581.602913,5767,24760.144833
-158755.212243,1732,24789.062584
-55625.1679,5540,24908.475499
-1311.864311,357,24914.768931
-1667.987509,603,24936.265278
-40465.10759,402,24942.975388
-37604.044624,373,24949.758059
-39850.45166,396,24957.352683
-427.993954,352,24963.667462
-30688.589959,347,24979.966771
-1368.34499,760,24991.864305
-25703.824142,254,24996.345637
-1235.206632,395,25003.85477
-878.651557,414,25011.461871
-53326.010422,530,25030.366207
-1485.625401,444,25038.457608
-661425.65282,7811,25207.564986
-41247.543106,410,25215.848623
-1360.284083,369,25222.451102
-487.273876,435,25229.869824
-41069.88092,408,25248.14486
-235259.824385,3646,25318.660379
-54462.687393,541,25338.258435
-1347.666765,386,25345.656928
-49309.480942,493,25354.269946
-37100.284187,368,25360.862104
-45069.16436,447,25368.970906
-1294.797244,401,25386.257785
-51198.013496,510,25395.258072
-2203.052332,452,25403.145405
-740.189782,351,25409.559093
-216.798479,472,25418.169713
-30419.953056,303,25434.952112
-39140.352707,390,25441.947672
-53898.878181,537,25452.048952
-842.063635,347,25458.868737
-442.75865,384,25465.0654
-710.074806,363,25481.658427
-1771.188168,313,25487.644695
-861.886229,407,25494.958505
-121711.646961,4293,25584.558721
-122341.413458,1814,25623.871378
-290365.085294,4106,25715.557274
-623.79634,409,25723.472021
-1571.242823,370,25730.063236
-1426.165205,346,25736.464878
-48594.355949,484,25753.359831
-798.622322,465,25761.564837
-358.838278,318,25767.657983
-998.922319,399,25775.159295
-34226.546558,342,25781.361601
-1160.219048,462,25799.744112
-1255.262438,450,25807.857266
-65522.415382,654,25820.945306
-836.077639,364,25828.068333
-1893.201334,434,25844.37023
-1060.035997,551,25853.357962
-1063.906502,364,25859.444983
-1442.44335,645,25871.374238
-42864.02964,426,25888.051637
-833.668853,330,25893.875379
-1343.178889,353,25900.153548
-1025.162446,301,25905.64505
-46564.600891,462,25914.364598
-36576.711495,415,25931.574413
-642.346734,454,25939.545257
-1098.917932,384,25946.744197
-48394.164398,481,25954.955575
-45844.351868,455,25963.861447
-50660.207497,504,25982.468634
-56104.509209,558,25993.049646
-903.885421,588,26005.072346
-51130.0047,508,26015.070094
-1664.194041,422,26031.671089
-1647.508056,430,26038.76968
-44486.558593,747,26050.658184
-439.563853,520,26061.069276
-55008.442466,1259,26092.045979
-50237.728912,499,26101.059915
-57251.928795,570,26121.669021
-79382.331116,790,26135.055918
-158.494522,433,26142.557134
-754.226151,465,26150.861526
-51325.457954,512,26170.360559
-38731.201897,384,26176.764167
-295194.921044,4139,26265.465337
-1533.842081,400,26272.850815
-914.185695,496,26281.457947
-1218.936957,448,26299.76715
-1383.752273,608,26310.664376
-1692.157075,292,26316.047726
-41471.385811,411,26323.055935
-2264.575294,584,26332.575189
-55638.068466,553,26353.467371
-1028.541042,363,26360.252032
-1660.796104,407,26367.454593
-39975.82312,396,26374.24824
-591121.242197,7368,26538.661971
-49655.963982,495,26547.667204
-1707.189391,524,26557.35695
-1270.920356,500,26575.856215
-39647.549988,394,26583.156241
-1514.766864,374,26590.847159
-630.988821,466,26599.159014
-1421.46345,412,26606.866045
-1480.101969,815,26630.74513
-884604.986391,9452,26822.96822
-63585.207062,633,26844.346596
-916.870593,506,26852.563498
-1794.305033,445,26859.875404
-689.011857,356,26866.146783
-2179.004211,491,26885.567574
-1794.005944,504,26894.769932
-59475.356262,591,26904.855128
-2073.702421,428,26912.459224
-35581.687531,354,26929.869607
-40778.748352,405,26937.157281
-1376.692795,627,26947.665428
-116612.590866,1163,26978.551759
-1934.573314,414,26985.656778
-73354.548875,7056,27134.771893
-42227.949738,419,27141.667379
-1805.87489,475,27159.156002
-176628.753554,2872,27216.946555
-1648.946257,364,27223.66525
-2187.578737,365,27230.349447
-1922.032032,462,27247.965338
-42389.769188,421,27254.750775
-2175.620771,366,27260.852791
-44958.659843,446,27269.549757
-2177.604589,633,27290.164857
-47828.976501,475,27297.970192
-52538.180026,669,27309.07411
-672.997746,298,27314.76326
-45878.832436,456,27333.444697
-1504.193041,501,27342.560038
-54123.0839,538,27351.963219
-43077.450806,2088,27397.668216
-1084.778069,527,27406.978632
-1277.40191,392,27425.362574
-1796.802031,371,27431.947718
-52891.09842,551,27441.369583
-32320.558739,321,27447.244445
-1456.58738,797,27472.345513
-1733.428521,834,27486.844917
-2033.293023,473,27494.757777
-1049.808557,469,27503.561054
-94350.192947,939,27529.969341
-1400.101878,716,27542.045924
-144446.427372,3284,27616.571244
-42698.679489,424,27623.744694
-1155.100174,452,27631.565588
-55196.435555,549,27641.061981
-245404.318574,4890,27755.844176
-611.095889,327,27761.277104
-42860.564674,426,27768.544894
-391306.074613,5708,27889.261408
-290688.759386,4079,27978.062096
-1954.078882,823,27994.65797
-62948.304268,626,28017.767786
-1024.830699,395,28026.267695
-47942.74144,476,28035.364507
-2187.44076,415,28042.660797
-43691.996231,434,28059.547409
-1550.231898,475,28067.849304
-837.862112,465,28075.647952
-2368.63061,501,28084.951066
-765.430867,523,28104.061292
-126276.719271,4238,28192.961769
-1374.704482,438,28200.653885
-1253.362962,437,28208.554431
-699.670709,551,28218.167439
-1111.680492,427,28226.051266
-57151.061348,569,28247.560698
-1120.817802,415,28255.152379
-1768.073104,332,28261.151281
-65292.516312,651,28271.869145
-1519.104041,454,28290.566312
-49948.879372,497,28298.661807
-1024.087156,387,28304.951302
-1821.072151,531,28314.075244
-118276.869781,1180,28343.967771
-107593.327255,2373,28395.155351
-907180.456257,9375,28595.567802
-1735.131185,526,28604.552471
-603222.415624,7817,28768.570497
-931.094244,694,28781.152227
-44354.650177,441,28788.669308
-731.201631,671,28809.170041
-2200.394995,455,28818.5697
-1597.914996,481,28826.958866
-57758.77549,574,28836.46403
-1608.852801,442,28854.569549
-36931.854594,855,28870.356749
-1539.991913,430,28878.663729
-46582.125525,796,28902.95258
-1031.207591,452,28911.947462
-2101.40166,363,28918.35295
-861.343406,452,28926.364708
-111607.670819,1821,28967.946915
-52455.412533,1354,29000.369509
-624520.310496,8275,29174.845719
-1414.040157,348,29181.04581
-886.63349,421,29188.454383
-1351.002231,306,29193.549689
-1795.191258,501,29212.544699
-61228.982292,610,29223.367268
-40260.330971,400,29230.768759
-40794.648804,405,29238.750588
-42368.350174,421,29246.960274
-1581.163056,508,29265.652472
-67905.706451,676,29277.449934
-56022.645182,8408,29457.062442
-1790.272758,365,29463.366235
-1929.822574,396,29480.765368
-36993.734795,367,29487.964603
-326.6475,691,29500.366215
-28362.824925,1020,29528.551443
-57516.647682,573,29539.754107
-944.649408,652,29551.348295
-35820.130402,355,29557.857608
-76388.461731,762,29581.445447
-45368.37072,451,29589.671178
-28880.947589,348,29595.6627
-301942.216518,4423,29689.161864
-1933.096184,417,29695.951181
-626.075352,348,29711.273309
-39737.174156,394,29718.065411
-1135.715528,383,29725.254405
-41534.211868,414,29732.849013
-1352.414762,343,29738.565608
-1578.583732,401,29757.06691
-102755.523337,5153,29864.371567
-964.547955,567,29875.46677
-1249.168841,368,29891.958023
-1025.200383,392,29898.956244
-336462.321223,4851,30000.566002
-1233.617147,401,30007.561966
-86649.66657,5526,30130.562586
-39616.768192,655,30141.552452
-2284.875883,485,30161.257686
-29267.472794,290,30166.650495
-1511.265033,356,30172.952737
-2727.502019,608,30183.254089
-51486.840996,513,30192.560621
-32041.346191,318,30210.656202
-1609.122673,312,30215.85335
-592.279404,369,30221.970468
-1733.405254,385,30228.844347
-1083.521374,359,30234.952251
-30020.059303,298,30240.35522
-42347.533257,421,30258.867762
-958.719829,553,30267.876354
-1961.088314,396,30274.466861
-748.678711,352,30280.563956
-1651.921952,735,30303.546634
-274.851693,482,30312.253441
-38524.988174,383,30318.759976
-44076.286362,438,30326.461116
-1190.240286,489,30335.060412
-1603.897858,367,30351.756915
-861.684027,402,30358.866414
-1690.464676,328,30364.774324
-1532.801881,367,30370.978786
-827.623849,574,30380.844679
-48454.767014,482,30400.256795
-940.399369,445,30408.152573
-64008.429993,1294,30438.568464
-1469.41589,477,30447.362676
-224949.910582,3227,30510.24632
-1359.906895,533,30529.26845
-1062.067116,439,30537.546674
-44965.455284,447,30546.170732
-42937.045013,426,30554.061809
-94567.155701,5554,30675.164616
-1761.435905,544,30685.464293
-132506.125448,1498,30721.144918
-1606.030392,443,30728.671157
-95327.638756,2073,30774.866627
-49787.789314,495,30784.46704
-1674.358337,611,30805.662975
-374422.672636,4954,30906.962381
-236008.283676,4662,31002.967544
-317579.148108,4585,31107.964417
-799.386036,349,31114.658208
-109747.702258,2738,31170.269269
-1860.214221,499,31179.547578
-64218.959106,639,31199.364846
-620.901218,645,31210.049224
-38197.305649,380,31217.164981
-1880.124371,423,31225.775345
-53439.841225,8606,31419.357854
-57808.17897,575,31429.455312
-1137.425541,391,31436.351382
-58184.734901,579,31446.267092
-872.239697,622,31468.047332
-49044.125592,9219,31658.366202
-552.657567,381,31664.946949
-1805.741774,2420,31726.556864
-1246.424613,526,31735.655449
-347807.326876,4747,31836.964006
-42007.3414,604,31847.358669
-44031.68364,438,31865.360026
-62995.855164,628,31876.052007
-30324.152185,758,31888.661057
-37131.139824,368,31906.664359
-880.908839,459,31914.255363
-25666.297756,504,31923.044811
-106676.597546,2534,31976.665805
-42128.500381,419,31983.754205
-1039.569063,316,31999.847246
-100467.99558,1829,32031.146409
-837.917548,300,32047.05182
-863.513247,361,32053.862801
-1245.13648,342,32059.854136
-105495.079423,4575,32154.561021
-36948.690758,369,32161.36616
-967.485,1515,32197.157756
-920.166129,606,32207.753908
-1109.075835,309,32222.966468
-847.275957,371,32229.846463
-55891.796707,554,32239.767138
-243479.163925,3319,32316.161452
-883.641941,361,32322.246193
-32530.745743,322,32327.963545
-24746.940277,540,32338.546222
-52931.100632,527,32347.7713
-48217.773643,481,32365.851898
-43104.780861,429,32373.869569
-1228.88654,394,32381.467592
-663.761725,483,32391.067153
-38273.682938,380,32408.867886
-2065.978851,410,32416.460512
-32403.407402,322,32422.844914
-38700.369247,384,32430.353684
-2124.012779,309,32436.660486
-2119.81044,844,32462.752025
-405896.900878,6203,32593.271491
-937.386238,373,32599.868522
-1650.386934,620,32610.856292
-89896.668399,1203,32641.654047
-52542.379837,522,32650.663342
-40335.086586,401,32657.144295
-755.618235,422,32664.172598
-37678.60874,921,32691.166303
-69215.597641,689,32703.348884
-43383.6026,431,32710.870054
-29782.340981,295,32727.449813
-1541.198241,357,32733.654466
-1329.758231,415,32740.752179
-41551.241219,413,32747.266099
-1448.044294,487,32755.644613
-38015.73114,377,32772.854014
-32173.105545,319,32778.866647
-51488.076454,512,32787.76423
-40428.627419,752,32799.676482
-82869.014164,5728,32921.962595
-22658.896514,454,32930.046559
-57772.139412,575,32948.759229
-32695.533417,324,32954.872336
-340.330205,351,32961.050619
-633.527658,331,32967.367766
-1420.8371,481,32976.454003
-1494.211626,300,32991.262157
-33973.215134,337,32997.557807
-34402.006264,341,33003.767058
-1170.016478,313,33009.362322
-1661.571052,304,33015.460136
-947.715673,338,33022.358557
-32941.808487,327,33028.158742
-32556.33548,324,33043.556848
-16754.346733,2961,33102.76692
-1713.346096,448,33110.949259
-202045.244665,5671,33232.766566
-36471.118095,362,33240.150137
-49555.771339,493,33248.96075
-36897.669513,413,33268.557881
-29045.124611,289,33274.459917
-2241.613658,441,33282.070768
-1244.430174,602,33291.860653
-824.657278,322,33297.6589
-1312.456089,337,33314.860008
-962.56548,396,33321.859646
-64490.431442,643,33332.550977
-1473.947087,419,33339.54574
-1681.885234,363,33358.7637
-653.937851,1300,33381.853987
-41379.699203,411,33389.263539
-67326.312974,748,33412.87065
-116803.351573,4671,33512.45143
-37396.376534,371,33519.46095
-1457.264424,572,33530.167783
-1051.207358,309,33545.770155
-52816.414658,525,33555.245766
-2009.80702,424,33561.963314
-28645.490875,284,33566.75718
-46372.024803,462,33574.370251
-60808.390625,1193,33605.847095
-44058.239281,438,33613.564577
-31618.127975,314,33619.454509
-32376.020935,321,33636.161119
-1529.943037,405,33644.055917
-1750.26661,498,33653.765186
-1711.833426,409,33660.764044
-706.338319,424,33667.970379
-974.934936,391,33684.265172
-41487.401016,412,33691.756251
-798.753873,236,33696.448162
-1457.124903,462,33704.166276
-60793.798513,4806,33803.452908
-1188.711264,446,33820.960784
-1377.721518,690,33832.56949
-1765.516557,412,33840.770178
-34724.023989,829,33865.162677
-1728.040219,389,33871.660657
-167105.567504,2542,33921.352346
-33150.647392,329,33926.871059
-1403.973196,364,33933.469983
-1414.288298,526,33953.261193
-46526.004204,463,33961.066914
-1117.372242,523,33970.166592
-1598.638018,297,33975.550628
-60982.278542,607,33997.16846
-1270.876889,392,34003.77037
-2201.560131,385,34010.569833
-1713.584359,400,34017.651413
-767.61518,420,34025.169038
-1838.192323,340,34042.771863
-34051.495697,356,34049.255053
-2055.64543,509,34058.36707
-629.629299,543,34067.946474
-55162.738861,1696,34108.458605
-872186.012633,9269,34306.844811
-38055.745603,920,34321.946155
-321055.924297,4641,34421.062245
-342873.365288,4673,34528.351716
-95163.068192,6335,34665.065425
-383890.653729,4832,34761.064821
-44878.363548,446,34769.967998
-1869.946339,351,34776.66929
-91874.318804,3707,34855.748016
-301221.091184,3577,34933.74483
-43536.874176,434,34940.863733
-1623.445874,425,34948.268083
-529566.785248,6237,35080.968679
-1320.664359,394,35098.653002
-107116.553652,1925,35142.646911
-30407.605202,301,35148.459604
-45840.281242,456,35157.659116
-41440.013855,411,35165.461141
-49692.623734,494,35174.260431
-1822.154261,284,35188.673985
-541.262083,424,35196.550958
-86833.355333,2175,35242.154011
-53282.794907,530,35252.648188
-121478.968582,3166,35324.570531
-467581.145819,6197,35455.152699
-1029.130589,543,35464.147084
-285300.574189,5309,35571.167708
-1767.211444,390,35588.844266
-34811.486343,345,35595.474699
-302490.283379,4136,35681.758995
-1275.647894,653,35694.163607
-200269.593054,2934,35762.770813
-1328.423907,347,35769.368052
-156096.900834,3615,35848.560148
-79748.788861,4529,35943.158037
-1013.795484,584,35952.964906
-391164.105754,4558,36051.161965
-244310.309363,3559,36132.866275
-43843.638544,479,36141.252205
-1509.42247,511,36149.767287
-1736.095482,368,36166.956267
-167966.390553,2784,36222.651232
-63673.650833,634,36233.750423
-1801.905799,424,36250.568134
-1551.280224,327,36256.668439
-227103.690353,3432,36323.760288
-1313.663146,2082,36368.257422
-259507.197873,3711,36446.964369
-2130.266271,544,36457.248374
-56467.688467,2911,36525.154753
-1529.040198,1410,36559.174768
-144578.41821,2511,36613.346648
-221748.768677,4728,36712.870625
-229310.576295,4186,36800.569529
-1202.389085,480,36808.771257
-58808.041434,2047,36852.764664
-1924.239215,489,36871.348868
-705270.140157,9344,37068.05303
-1274.469861,555,37077.760247
-1791.382339,357,37094.657125
-46161.301171,514,37103.345124
-1031.289423,530,37112.47476
-104570.351638,1434,37147.772075
-128714.457622,2907,37205.460797
-306656.320882,4357,37295.573043
-1941.090156,581,37314.646986
-259518.648392,3927,37398.851251
-41012.44735,407,37406.165554
-2021.296949,382,37412.856706
-190665.25129,2945,37470.17345
-418181.283037,5789,37595.750638
-44047.676338,438,37603.76048
-251560.424726,3765,37688.1531
-218781.23489,2895,37756.553231
-1533.905979,539,37766.168028
-259361.090349,3824,37849.460881
-338036.51891,4532,37943.54463
-355890.461981,4283,38032.562117
-520965.925349,6180,38164.867792
-497093.800817,6153,38296.853018
-368950.714895,4347,38387.261789
-242896.956908,3090,38461.473987
-433404.069318,5532,38578.661589
-275182.607996,4141,38665.258244
-467867.661626,5542,38776.862917
-301345.124191,4260,38866.456974
-1580.463264,554,38886.460771
-199739.909771,3472,38954.746608
-630823.305771,6945,39107.152389
-378151.743358,4977,39207.667043
-258594.043442,5810,39333.36553
-1517.46966,1117,39353.959245
-228958.790425,4536,39458.654194
-43465.063454,432,39466.757737
-36135.187067,652,39478.961092
-2163.994431,490,39488.154256
-66371.142075,661,39509.262889
-758.994305,1064,39529.066293
-91025.971281,5704,39651.165992
-1696.654545,1048,39679.464878
-36471.917848,2030,39723.471012
-719.195616,575,39733.660555
-425025.193021,5649,39853.967609
-1360.434391,510,39863.86136
-434014.62412,5187,39969.646692
-78929.990204,786,39993.348766
-89710.672166,2520,40046.270803
-428.960326,493,40055.050121
-2390.63169,568,40073.770907
-1433.751603,1283,40097.166644
-53556.424202,533,40106.371113
-1410.887425,729,40129.057683
-1115.029229,764,40143.562696
-1346.603995,562,40154.363396
-1404.586414,2769,40220.760602
-49138.800005,538,40230.348871
-117225.651226,3079,40303.269103
-30814.960037,305,40308.668037
-47962.150017,477,40317.15356
-768.713388,501,40325.556956
-1359.585969,502,40335.253674
-210941.344638,3506,40414.260054
-136748.324891,1922,40457.171744
-56408.617149,562,40467.668037
-590.195163,454,40487.668284
-1247.897062,367,40494.762994
-59344.810655,4526,40589.062349
-1866.47912,419,40596.164473
-69330.603981,690,40618.369849
-872.471682,520,40628.349506
-150433.278209,5754,40751.259202
-34338.493017,2887,40808.060136
-294771.13212,4377,40898.960565
-1412.094174,765,40911.968287
-1604.507547,456,40931.768593
-87055.136237,1551,40958.655344
-831.996146,2106,41015.749843
-40309.430839,431,41023.348967
-37435.614958,2018,41068.859979
-32769.017403,833,41082.860245
-37497.530374,4122,41171.556776
-1907.588691,361,41177.665272
-1487.880638,335,41183.55004
-269475.788013,3402,41261.062438
-1570.826777,353,41267.76031
-300811.194565,3994,41351.75451
-168942.285392,3105,41423.662191
-51467.869736,512,41433.25554
-52312.698845,520,41442.573846
-46722.973007,464,41451.771223
-1077.377689,375,41469.65492
-7523.070227,2203,41516.947461
-125187.069917,3192,41583.46515
-934.368214,595,41607.270268
-104805.757581,3586,41680.366459
-59740.699069,657,41702.649048
-38048.112396,377,41709.46959
-1873.332336,361,41715.764509
-383666.738461,4430,41808.444498
-670.521864,1772,41848.463557
-16283.336973,2517,41899.949277
-77096.772851,2873,41964.76428
-499461.156331,6023,42093.961241
-148969.978438,2665,42148.2676
-496470.106632,6128,42281.663352
-76760.498632,3094,42342.957483
-192531.730901,3611,42422.964465
-8266.598041,4493,42518.862957
-33681.848863,11756,42764.165387
-868.722017,1611,42801.663447
-664781.020602,7282,42952.065706
-102096.907291,2595,43014.667542
-58917.542507,2311,43063.868745
-116954.844047,2990,43123.867877
-60706.236878,3005,43194.365217
-1750.976017,304,43199.761467
-514.309803,2165,43246.660086
-687.317314,1001,43262.867342
-50952.584564,507,43281.572574
-47374.872144,2680,43337.460283
-1489.161743,428,43345.457433
-63833.892641,2566,43409.864717
-37074.121887,369,43417.466873
-48703.80452,485,43426.662603
-784.801908,426,43434.153582
-9274.217702,1785,43474.848465
-737.563272,1814,43516.568966
-511.113755,405,43524.070082
-155364.350852,3120,43595.84869
-1576.100075,296,43600.763677
-856.47826,383,43607.666786
-1437.865679,1149,43638.058852
-203565.429748,3249,43701.964021
-18584.442318,455,43709.669614
-1207.190152,2096,43754.654424
-62912.447716,6041,43886.05375
-246421.016474,3271,43959.953625
-1931.601711,464,43968.756888
-45955.715334,3757,44049.274823
-56588.218228,2587,44103.667036
-27106.770523,447,44112.271231
-2223.111829,347,44128.465266
-856.629812,1010,44145.069907
-889.918324,418,44152.369064
-73393.835923,1024,44181.368644
-1324.953867,326,44187.570019
-1419.209393,490,44196.160562
-783.672373,593,44207.356332
-36572.36908,363,44224.346299
-38040.165342,2225,44271.556818
-91825.140737,975,44288.050114
-1691.759994,528,44296.468726
-29883.779655,297,44313.370236
-819.443892,328,44319.567354
-636.548275,904,44334.366356
-1629.799762,375,44341.36722
-961.11113,356,44360.364652
-32317.076057,320,44366.356297
-19702.460489,947,44381.7705
-100200.019458,2227,44428.368961
-38330.221161,381,44434.861626
-1250.320241,327,44450.365199
-44182.084831,439,44458.574952
-373.183696,357,44464.846516
-810.797183,412,44471.678722
-39891.518463,396,44479.068574
-1538.794552,325,44494.458263
-1331.668949,385,44501.769552
-1905.121727,359,44508.664984
-1147.05926,267,44513.456721
-1009.114958,382,44520.156139
-62289.085754,621,44540.767557
-76624.64661,3494,44610.073786
-804.092595,307,44616.050899
-38325.654701,382,44632.069847
-48895.418449,488,44640.858396
-1443.29589,268,44646.052296
-76303.877381,1599,44683.546341
-29478.395454,293,44689.369365
-30111.560188,299,44695.555687
-1280.528201,249,44700.051033
-1160.283909,392,44706.866273
-1497.833181,291,44712.249951
-838.76965,435,44728.853565
-1480.587667,505,44738.261964
-1541.300809,452,44746.752319
-242.623967,489,44754.652477
-1018.549163,354,44770.966847
-29335.74353,291,44776.861756
-1629.798224,428,44784.968619
-1442.749045,357,44791.752624
-54520.176857,542,44800.870516
-21840.245748,366,44816.850247
-29364.485954,291,44821.654454
-874.623633,426,44828.762299
-1552.862766,235,44833.957066
-1040.364596,391,44841.761203
-43438.981865,432,44849.557425
-769.778651,269,44863.775894
-1244.675574,281,44868.869534
-47834.00457,476,44877.568916
-390.258253,465,44887.155549
-29761.666631,365,44893.8607
-939.19971,361,44909.950947
-1010.438028,371,44916.56889
-950.833566,327,44922.366732
-31876.575546,317,44928.455381
-1701.575898,403,44935.749298
-874.799214,417,44942.659964
-40722.233531,493,44960.357746
-1192.870267,481,44968.553998
-1905.037992,349,44974.752229
-32877.024811,327,44981.245648
-34483.951195,343,44987.247833
-18261.741067,378,45003.658077
-800.096824,955,45019.353068
-34639.549881,344,45025.86555
-37059.052864,369,45032.865511
-378.090186,601,45052.448921
-1557.041599,288,45057.356293
-1537.868666,287,45062.364216
-2209.812584,505,45071.145741
-869.099262,395,45079.060786
-1793.216056,344,45095.452672
-34548.344406,343,45101.550023
-1505.808565,533,45110.572762
-1722.444327,295,45115.660951
-1251.235291,421,45123.366735
-77456.887662,1246,45153.072247
-36315.597718,457,45160.857435
-1525.560092,285,45166.155551
-268.748447,1546,45202.273387
-282235.346147,3458,45278.574652
-135148.970323,2657,45334.558611
-1836.384863,330,45339.972711
-40474.426395,4694,45438.367471
-35690.586044,354,45455.059544
-27634.287129,351,45461.956415
-1298.899017,304,45467.767752
-1000.728597,462,45476.045206
-1769.777745,302,45481.163073
-884.895195,345,45496.764182
-92984.230014,2133,45544.163337
-42912.211121,471,45552.374479
-28411.921898,283,45558.068467
-454.877135,387,45565.346514
-26595.38917,850,45590.25754
-443.261863,957,45607.947787
-32572.742058,324,45614.171585
-1737.602014,283,45619.451431
-1650.046175,320,45625.164729
-1498.464522,479,45643.567163
-382.099756,2066,45689.461977
-49750.889825,3475,45758.352943
-7274.941683,1821,45799.470254
-462.205666,342,45806.270683
-1560.024963,251,45820.048231
-914.909416,461,45828.177751
-1164.567171,359,45834.672232
-1786.938436,288,45839.850467
-1882.921329,352,45846.570866
-43545.039062,433,45863.76657
-1022.652741,534,45873.15552
-43272.359528,431,45880.972004
-53317.526863,530,45890.569349
-748.329923,455,45899.661303
-117701.072909,2157,45956.550967
-1106.767994,581,45966.461452
-492.452665,449,45973.676679
-1828.993484,300,45978.96614
-251816.960367,3618,46059.052828
-95221.343855,1021,46076.046607
-57217.471592,3509,46156.657065
-44686.080572,7783,46324.464854
-1820.641735,380,46331.972614
-41256.299683,410,46339.562935
-2100.678701,392,46356.063853
-44981.763885,447,46364.153963
-450.093811,449,46372.452956
-1638.183308,284,46378.269298
-2099.181893,326,46384.753454
-297692.486817,4054,46471.749967
-1082.96189,390,46479.049976
-1792.726736,221,46492.660262
-795.018281,282,46497.970975
-17187.181233,424,46504.862568
-2056.441295,430,46512.263584
-1532.556185,312,46518.156822
-1610.486848,320,46524.647337
-38292.716674,6363,46669.254456
-1646.382113,404,46676.767744
-42119.756035,419,46684.769644
-1221.546312,291,46690.260846
-1213.234942,282,46695.562011
-66490.270088,663,46717.961938
-1548.964404,274,46723.050089
-1012.284144,293,46728.344926
-1390.473348,308,46734.26261
-44457.28714,442,46743.144425
-827.893045,315,46749.467383
-594.825729,302,46755.765619
-1185.605796,394,46773.654269
-1317.726737,332,46779.754236
-33328.751945,331,46786.06476
-29382.541206,291,46791.274619
-31957.856911,317,46796.766889
-1186.111336,287,46801.95097
-951.9288,346,46820.37081
-30494.832909,303,46826.26684
-743.889283,407,46833.249427
-398.8183,265,46838.063542
-831.650185,292,46843.562257
-553.817561,261,46848.268234
-80428.240906,2748,46915.244081
-199686.024857,3049,46974.867019
-52252.364891,520,46984.163296
-1254.928593,309,46999.358549
-1556.184455,233,47003.870762
-28232.358238,280,47009.557225
-1816.633403,286,47014.66842
-280690.524869,3412,47092.945724
-1616.476188,262,47098.657085
-33857.010895,337,47105.86867
-2617.783526,366,47112.755581
-29199.083534,290,47118.357252
-1459.7361,340,47124.051229
-1775.475046,377,47140.57017
-24564.826098,945,47158.453865
-76669.003337,967,47184.854735
-37659.097655,536,47194.469868
-1352.049782,382,47202.162371
-22542.75368,456,47210.452466
-915.959942,336,47216.269785
-2327.287241,300,47222.165349
-50999.337593,710,47244.947074
-533.619413,326,47251.145779
-176565.315464,2768,47305.175828
-39948.294609,397,47321.566302
-1138.511759,359,47328.245481
-52575.909653,524,47337.061585
-41147.869949,411,47345.470922
-1648.317159,308,47351.266793
-32834.986984,326,47357.446293
-1775.852104,339,47373.146704
-23059.586467,385,47379.772857
-955.646102,448,47387.567944
-52803.351151,526,47397.657677
-1003.346978,465,47415.161788
-47338.149002,471,47423.34973
-1297.258884,330,47428.844396
-91954.291357,2613,47482.162469
-71162.573081,5088,47597.356384
-1154.493975,294,47602.448202
-1009.504937,285,47607.268502
-37513.197723,459,47614.956359
-1891.050162,387,47621.45049
-34956.070949,1030,47649.27086
-1392.155788,342,47655.351501
-118640.214984,1782,47694.558366
-31299.852409,310,47700.050355
-44809.392685,446,47707.344805
-828.629299,930,47733.358315
-148335.063163,2295,47781.362414
-1222.384597,383,47788.671386
-2748.898684,468,47797.367964
-39632.815165,2058,47841.255783
-1605.219031,276,47845.851513
-40146.629112,401,47862.46721
-28670.497086,284,47867.851002
-1439.702768,338,47874.563181
-800.796183,601,47886.571406
-28843.836372,286,47892.175385
-31555.772789,314,47907.551239
-587.18932,286,47912.673615
-41644.254257,415,47920.15329
-36415.593552,362,47926.670259
-1418.197507,559,47936.567422
-50912.917173,555,47955.168817
-35920.015416,441,47962.959555
-1364.047897,369,47970.047644
-42727.367775,425,47978.665465
-36118.939926,360,47984.968751
-57734.710899,575,48003.963933
-44486.880798,442,48011.248386
-37105.842972,368,48017.875289
-1082.580771,330,48024.571197
-581.200387,296,48029.948622
-29460.394005,292,48035.164499
-1737.794466,330,48052.444456
-1293.291718,324,48058.07016
-858.748014,305,48063.870673
-1071.043713,320,48070.154795
-1632.94296,276,48075.747459
-2129.105253,277,48080.767514
-26149.44339,259,48085.371234
-67697.475924,946,48112.4543
-30180.908958,300,48118.267839
-1153.336417,527,48127.865207
-1182.930682,301,48143.063377
-46051.207916,460,48150.864788
-40721.273819,405,48157.567703
-34256.229996,341,48164.067722
-32024.984962,319,48170.367317
-1740.463373,275,48175.059235
-85232.387569,1018,48201.970354
-1625.407666,370,48208.154389
-93513.283789,3049,48278.161872
-961.720665,338,48284.152219
-10663.10277,395,48290.961024
-47306.605195,605,48301.171703
-640.023611,540,48311.056309
-1373.357505,254,48325.849264
-543.520295,286,48331.071301
-1066.24427,300,48336.474618
-1163.594833,348,48342.966377
-56533.9717,983,48371.456708
-943.38306,254,48375.969262
-1595.918754,282,48381.266133
-565.233604,406,48388.461456
-1298.639595,291,48393.77448
-1527.264127,402,48400.761158
-47554.040421,473,48419.958274
-29757.720146,297,48425.372283
-1305.846705,284,48430.467726
-27483.798294,273,48435.445117
-1755.329839,314,48440.761308
-1952.408961,239,48445.055915
-1073.118401,406,48452.869318
-34815.739334,346,48469.652469
-1156.042745,242,48474.370947
-1031.879288,303,48480.16454
-1019.676447,368,48486.453703
-961.949002,333,48492.253855
-1012.142364,285,48497.76133
-838.622067,319,48514.255205
-29472.496254,292,48519.362055
-1422.236343,312,48524.460413
-33162.265411,329,48530.062356
-1245.284475,314,48535.46593
-1049.806485,310,48541.05253
-40953.978912,407,48548.865291
-773.15861,290,48564.55691
-1076.763877,273,48569.662384
-568.13074,289,48574.862036
-35100.420975,348,48581.05851
-646.039087,251,48585.752956
-1329.370097,330,48591.954462
-43466.799591,432,48610.255261
-986.042097,297,48615.844756
-1102.743042,311,48621.967374
-859.977128,243,48626.667715
-26645.85437,264,48631.165693
-1257.428049,221,48634.868823
-98774.494948,1784,48675.654382
-32329.995842,321,48681.674871
-910.854281,302,48687.655055
-32664.272697,324,48705.256962
-748.003455,348,48711.55911
-1104.522956,229,48715.768074
-1723.001965,300,48721.265247
-22271.346436,221,48725.162831
-25265.390312,250,48729.553745
-764.942122,245,48734.070331
-28664.814812,284,48739.357572
-62815.969786,969,48766.958499
-899.149668,285,48771.953893
-114689.86195,2181,48818.573879
-36686.356133,365,48824.851007
-54354.277534,541,48844.869317
-1865.685701,245,48849.464056
-1173.728179,320,48855.374389
-29091.152786,290,48860.65124
-2082.342682,254,48865.266452
-35127.155952,349,48871.646028
-597.392322,259,48876.171146
-29428.634521,293,48892.754719
-24645.897636,245,48897.966635
-36259.518902,362,48904.163181
-1849.53515,247,48908.849353
-30755.259796,305,48914.346711
-20654.399966,347,48920.461221
-1504.443252,251,48924.954156
-1888.581162,243,48940.456014
-52.435721,1468,48965.158563
-1167.722607,235,48969.469936
-40849.497292,407,48987.24741
-22928.847244,227,48991.75528
-22034.687744,218,48995.569233
-1720.927097,308,49000.855197
-1782.731748,233,49004.967472
-1745.010016,234,49009.344864
-25461.420776,252,49013.963595
-882.934183,226,49018.251404
-1739.873508,268,49033.863805
-14486.836114,363,49040.853179
-2050.838224,248,49044.967891
-39054.046974,388,49051.658196
-23646.165451,235,49055.861864
-25769.596375,255,49060.564737
-15141.606322,248,49064.870856
-25063.810318,248,49069.36309
-28828.315598,286,49085.757655
-54908.633972,547,49095.869677
-1518.218719,211,49099.767368
-24414.191551,242,49104.248616
-35797.600708,356,49110.765137
-2124.000303,272,49115.9716
-22430.607391,222,49130.369488
-1174.408291,252,49135.570794
-28688.241287,285,49140.770483
-950.517347,218,49144.659861
-1252.861501,249,49148.86385
-1339.74429,238,49153.06156
-25881.475044,257,49157.572243
-32522.109264,358,49163.766418
-2180.410294,245,49177.758774
-404.955368,253,49182.65571
-246.864525,259,49187.370368
-1530.164993,250,49191.96272
-1229.224974,242,49196.448544
-1188.093593,269,49201.26726
-1482.178985,402,49208.058434
-1792.044615,256,49222.171355
-31270.230331,339,49228.645019
-27940.324692,278,49233.970537
-30963.682915,307,49239.770703
-12986.262688,332,49245.975201
-1891.842055,288,49251.456399
-25470.034973,252,49256.26178
-34988.226624,347,49273.963446
-1428.247766,272,49279.34646
-978.080174,243,49283.463416
-675.131208,235,49287.570175
-1806.653442,238,49291.767421
-347.813655,319,49297.267965
-43704.261833,434,49304.375268
-23659.585423,356,49320.656299
-25777.340576,255,49325.659397
-30303.405342,301,49331.468329
-24979.93161,247,49335.870932
-836.767815,288,49341.244382
-26537.377197,263,49345.972181
-1713.476307,220,49350.05228
-2065.945357,337,49366.167828
-1530.244992,262,49371.173335
-762.398523,269,49376.266899
-1078.01984,245,49380.848859
-28908.895554,287,49386.066801
-27078.152718,269,49390.865607
-22531.881325,223,49394.956903
-918.51497,234,49399.246704
-1435.542066,289,49414.25754
-466.082416,286,49419.760385
-1124.334064,289,49425.469502
-23780.189713,236,49429.771863
-975.076068,239,49434.069606
-1416.210027,260,49438.573244
-27270.807884,270,49443.446912
-1681.55483,254,49448.058318
-26850.031273,267,49462.869265
-1136.310426,264,49467.872243
-85994.420977,3946,49551.262132
-1363.191695,260,49555.865741
-878.407852,233,49560.15201
-1256.090092,213,49564.268307
-588.555701,288,49570.362255
-31262.53833,311,49576.47474
-858.848741,283,49581.560805
-1519.824161,212,49585.654365
-31151.655304,309,49601.548095
-24591.702095,244,49605.769146
-1771.883591,338,49611.871586
-1447.795028,235,49616.665569
-1137.470568,258,49621.36704
-28516.058075,283,49626.256124
-24958.662895,248,49630.851823
-1938.210445,361,49647.648198
-459.400202,228,49652.269987
-27645.443588,274,49657.644259
-986.357851,246,49662.754596
-329.475494,220,49667.354922
-25587.050079,253,49672.16258
-931.471138,271,49677.253489
-1753.722382,244,49681.66783
-31979.913537,375,49697.660077
-95282.045443,1851,49740.164347
-1594.227855,343,49746.373852
-21907.607986,217,49750.364546
-79911.564314,2207,49796.565155
-29773.933052,295,49801.95675
-23665.740921,235,49806.959819
-753.036041,291,49812.750944
-27445.465874,273,49817.954252
-1328.080472,293,49832.855569
-29266.454437,290,49837.868697
-909.867469,356,49844.347004
-1265.544546,228,49848.468106
-36364.308876,362,49855.570239
-1365.196621,249,49860.460559
-38175.724503,379,49866.662887
-25242.696472,251,49879.471121
-28709.76725,285,49884.365381
-1745.16966,289,49889.564393
-23290.201469,230,49893.847376
-1471.630439,257,49898.665746
-725.829484,277,49904.770347
-1460.818537,254,49909.866327
-967.494925,232,49913.964088
-29884.601303,297,49930.649864
-24911.935555,247,49940.150176
-873.121943,258,49946.148569
-1575.510128,345,49951.960357
-26064.360199,258,49956.644075
-25851.100594,256,49962.065747
-28842.529297,286,49967.964253
-1474.315893,216,49981.664807
-1455.126521,264,49986.253998
-29486.175407,293,49991.563531
-1640.840569,229,49995.846654
-27602.817513,274,50000.658518
-31603.371872,313,50006.167103
-1209.768604,313,50012.463129
-604.482582,270,50017.764717
-1756.45301,250,50031.46541
-21012.073456,208,50035.16433
-25906.839928,256,50039.764054
-1739.731442,287,50045.048504
-1019.29669,280,50050.068984
-752.817215,333,50056.471756
-562.397505,290,50062.251306
-41332.047394,411,50078.864349
-1106.093408,263,50083.444621
-27399.498322,272,50088.07528
-1064.824469,292,50093.369665
-679.217966,259,50098.058379
-21744.624847,215,50101.855309
-29749.155563,296,50107.950799
-24929.398857,248,50122.570578
-24433.581421,243,50126.869898
-28151.158714,280,50131.964025
-22557.473244,334,50137.754106
-1603.955367,329,50143.066899
-25409.822144,253,50147.256273
-27784.794389,294,50152.449488
-44127.056999,439,50171.547787
-1693.614993,261,50176.047008
-26807.385529,266,50180.551338
-865.646081,275,50185.171022
-1616.99478,252,50189.469668
-24162.231567,240,50193.54566
-1749.970671,346,50199.449421
-1146.100444,234,50215.169232
-2123.708583,353,50221.248956
-1997.346177,299,50225.953825
-956.444181,284,50230.975219
-26114.588997,259,50235.654827
-21121.793137,209,50239.150848
-30993.382637,307,50244.361417
-1767.394239,336,50261.860548
-1667.16381,212,50265.544319
-1077.903892,272,50270.849385
-1461.930419,222,50274.965399
-1379.220747,248,50279.464961
-1403.034963,267,50284.065327
-1639.312434,284,50288.774052
-34723.848137,345,50294.759558
-1789.675541,271,50309.457974
-33942.707832,338,50315.359257
-853.981977,311,50321.666258
-25654.763771,254,50326.969906
-719.127965,269,50332.950706
-1522.675843,230,50337.664752
-22759.168541,225,50342.662591
-25366.745262,251,50348.444535
-1722.397468,240,50363.666954
-1082.927488,264,50368.758296
-525.559289,283,50373.661617
-29459.134254,292,50378.659914
-27461.388329,272,50383.473405
-1504.199718,262,50388.458545
-264.717216,346,50395.444068
-1003.102228,261,50409.968437
-1423.772329,284,50414.85591
-23730.888931,235,50419.565882
-1547.465564,251,50423.967518
-25652.596809,254,50428.564126
-24909.203651,247,50432.945887
-27873.243515,277,50438.264674
-519.04509,234,50442.86567
-22814.037781,226,50456.860084
-968.44087,250,50461.260938
-863.571979,242,50465.462528
-24664.335274,245,50469.875039
-876.936498,280,50474.946588
-1764.473114,276,50479.961175
-26213.015617,260,50485.054053
-26556.715973,263,50490.170905
-684.700638,262,50504.671125
-1549.001049,221,50508.674085
-1026.806801,219,50512.671126
-832.424659,270,50517.060881
-24057.279785,238,50521.145227
-29358.304398,291,50526.26537
-1790.87805,296,50531.244592
-696.681573,272,50535.754956
-1282.021404,254,50550.961374
-1271.529569,226,50554.959113
-464.455519,279,50559.750253
-25265.012642,251,50564.070607
-1214.863643,218,50568.569983
-1117.388556,219,50572.4679
-57028.749062,5731,50699.468534
-94784.738365,2278,50747.450558
-52350.30191,521,50756.35921
-32158.951859,319,50761.772044
-1824.822973,291,50777.765721
-26457.070976,262,50782.647338
-26844.169724,266,50787.961944
-1626.665352,298,50793.061363
-1030.690013,295,50798.054627
-28774.357742,285,50803.153293
-26626.370781,264,50807.646391
-800.138729,372,50823.160806
-1010.227593,263,50827.961071
-84100.180138,838,50842.5707
-26563.941887,263,50847.248873
-903.187155,270,50851.657971
-1592.460678,199,50855.062001
-19502.394833,288,50869.567739
-1601.116979,270,50874.066473
-2103.80652,265,50879.272459
-26987.163208,267,50884.561006
-32070.788567,319,50890.065521
-528.921026,294,50895.260417
-27739.019643,413,50911.567591
-962.665878,312,50916.864318
-35038.360603,348,50922.856546
-1426.514972,257,50927.965164
-1500.814831,228,50932.551471
-1250.072424,288,50937.664491
-1028.333897,297,50943.366804
-2268.049542,273,50948.369775
-484.546568,303,50963.360732
-1526.764981,291,50968.444242
-30297.223251,301,50974.260822
-24775.813164,245,50979.369127
-71822.516701,716,50991.450974
-28309.641151,280,51005.464002
-24253.060249,240,51009.855168
-1683.061553,268,51014.466238
-29451.421379,293,51019.766789
-27900.915268,277,51025.348019
-1671.122896,254,51030.454698
-1585.57237,275,51035.557939
-1582.528355,256,51039.966802
-2647.373273,353,51056.553686
-81265.106731,3451,51124.945864
-27035.596268,268,51129.97059
-32815.986252,326,51145.565876
-1125.108069,306,51151.058692
-2406.970856,388,51157.761915
-834.647229,283,51162.953077
-953.949111,309,51169.163952
-25965.319412,259,51174.55144
-16455.631232,259,51179.365215
-1184.313025,294,51194.364165
-802.535729,234,51198.771277
-1186.663213,209,51202.756996
-1424.111872,240,51207.15138
-1198.925855,256,51212.066993
-24985.16523,248,51217.16124
-24546.127419,244,51222.065708
-28717.410797,285,51227.15506
-23464.006699,232,51240.957937
-1267.227501,233,51245.063298
-1575.430312,216,51249.061521
-25193.202774,249,51253.570054
-1460.941805,248,51258.260591
-932.052944,226,51262.763139
-21959.145912,217,51267.360849
-25093.028542,248,51272.166824
-1316.479127,410,51289.061326
-1290.617254,289,51294.172375
-1585.429551,221,51298.171349
-948.3427,214,51302.353223
-439.389693,220,51306.366958
-1177.356928,234,51311.059619
-28545.216423,283,51316.471073
-21019.609276,209,51320.767789
-984.455264,271,51335.464419
-1345.134327,287,51340.651071
-919.872822,219,51344.6728
-1490.421825,247,51349.253785
-1541.81844,233,51353.64734
-23856.16449,236,51357.970065
-1253.880208,273,51363.368117
-1847.576058,334,51369.57411
-22999.932678,228,51383.471524
-21549.814667,213,51387.563503
-23805.218307,235,51391.95708
-19855.707025,386,51398.566351
-890.316308,250,51403.176611
-33955.976265,338,51409.768038
-1637.360226,214,51414.147635
-27508.397522,275,51419.072217
-1462.812108,248,51433.252918
-28370.97583,281,51438.269831
-2127.864977,417,51445.470286
-21707.40844,215,51449.668045
-1100.446462,245,51454.147049
-25039.115288,249,51459.064868
-532.913911,235,51464.056035
-855.264041,233,51468.346423
-625.397225,232,51482.068046
-506.947406,258,51486.860979
-22000.085678,218,51490.862741
-25146.314941,355,51497.264954
-26499.869171,264,51502.264674
-23975.721687,237,51506.96485
-23887.417023,236,51511.652563
-1598.667047,250,51516.051065
-1225.752122,204,51528.775429
-24874.087082,246,51533.461696
-99961.096382,997,51550.069004
-42814.64933,425,51558.365175
-26109.551056,259,51572.760917
-1163.765652,214,51576.57032
-52922.150017,527,51585.568551
-43504.048935,432,51592.769738
-30985.129478,307,51598.062791
-686.950511,295,51603.570993
-602.653269,258,51618.856486
-26396.525612,262,51623.6618
-24283.09285,243,51628.056273
-989.230713,222,51631.962154
-1838.394882,201,51635.844666
-24380.372345,241,51640.251158
-1544.160315,244,51644.648042
-24728.773743,246,51648.952344
-1050.338513,235,51653.672814
-840.504026,222,51668.245574
-1373.880801,213,51671.849257
-22267.446701,220,51675.765256
-33726.20562,336,51681.465069
-23493.132248,233,51685.649326
-970.70976,252,51690.172431
-20069.843994,199,51693.765884
-1151.257018,260,51698.365881
-22513.447418,223,51713.353287
-835.076327,235,51717.54508
-216.859612,265,51722.152809
-23746.418724,235,51726.467229
-20876.77282,207,51730.177981
-22212.83033,221,51734.256945
-1289.374545,236,51738.244282
-22572.688583,224,51742.467224
-31280.428156,377,51749.45183
-34504.595261,343,51765.965488
-38867.71096,386,51772.944815
-21598.710983,213,51776.94704
-995.634264,212,51780.744087
-1390.223082,269,51785.168888
-1602.619718,218,51789.078432
-21937.674995,217,51793.059005
-1507.959963,259,51808.861928
-24126.274803,239,51813.066561
-1043.746234,243,51817.562316
-1058.573872,232,51821.666496
-35690.944542,355,51827.87211
-21009.548973,209,51831.663334
-20510.361206,203,51835.271158
-23947.946716,238,51839.670824
-1149.707641,227,51843.847393
-1795.775257,228,51859.260491
-1086.82602,240,51863.553095
-30090.749306,300,51868.861535
-24575.892929,243,51873.165028
-945.948663,210,51876.974483
-40100.844086,399,51883.769221
-20674.231964,204,51887.462542
-22272.232719,221,51891.571309
-1208.799285,252,51907.258112
-33934.32569,383,51914.062595
-1649.551126,205,51917.856027
-1874.493299,321,51923.859249
-26347.431351,261,51928.558235
-2256.8699,348,51934.665085
-1116.76778,231,51938.86965
-1652.554919,264,51954.262757
-1394.617863,284,51959.450056
-40698.53804,405,51966.148388
-96335.541106,3368,52041.356492
-1826.698812,231,52045.773877
-22004.169998,218,52050.249472
-21476.771614,213,52054.368054
-1000.091117,251,52058.85256
-21792.92627,215,52062.849045
-1017.200096,288,52068.051526
-765.003226,281,52072.972895
-1201.120778,258,52087.061836
-30266.032588,331,52092.96857
-20248.211601,200,52097.04474
-1202.81243,352,52103.664925
-274.036432,257,52108.467963
-25263.829597,250,52112.86803
-43763.323494,435,52120.348077
-24218.553223,241,52134.163714
-1316.949402,229,52138.269142
-908.404291,258,52143.350988
-1531.2812,241,52148.157333
-1021.20474,245,52152.471426
-104970.067832,1883,52193.162401
-28263.298241,281,52198.455693
-1753.201805,278,52203.154782
-27699.102585,275,52208.061943
-862.465195,224,52212.059436
-21605.379005,214,52225.362581
-1146.19608,376,52231.867347
-36154.533043,359,52238.358015
-801.236606,251,52243.464762
-24561.992691,245,52247.859135
-688.48187,253,52252.361127
-996.697581,273,52257.358397
-990.548016,282,52271.963367
-2720.429408,307,52277.563037
-2122.37288,294,52282.761908
-1306.457108,304,52288.548671
-25422.74437,252,52293.652028
-763.733413,281,52298.764615
-24493.177773,242,52303.066902
-1282.623692,282,52307.954634
-761.432011,246,52321.466105
-1197.969237,270,52326.250754
-1568.957292,266,52330.953746
-937.765585,235,52335.472369
-1279.029301,234,52340.266746
-23002.80761,228,52344.552148
-1489.198401,301,52349.963289
-101931.478402,2232,52396.251463
-1767.689698,238,52409.96914
-1550.46011,340,52416.045345
-733.771123,234,52420.171269
-19885.426669,249,52424.554001
-1505.644011,238,52428.76997
-100382.546968,4805,52524.045167
-1741.276668,246,52539.370618
-1451.699978,321,52544.675134
-30956.966438,307,52550.07166
-1207.434568,293,52554.865721
-24489.418289,242,52559.246268
-1197.563173,257,52563.846119
-29654.020607,294,52568.951894
-1707.716129,293,52585.457748
-1469.657221,290,52590.575302
-1748.264196,250,52595.346543
-1596.048959,265,52600.153698
-1130.683496,306,52605.76647
-25813.753563,255,52610.672537
-36746.940402,723,52633.962499
-24808.385132,247,52638.447225
-2511.181617,349,52644.755206
-762.159208,232,52648.874243
-21595.698143,215,52652.555838
-33389.085472,333,52658.148086
-29770.149048,295,52663.375124
-29292.607384,290,52668.561854
-1020.158605,241,52683.961818
-1379.168291,261,52688.662587
-1501.990343,294,52693.565479
-1376.011475,292,52698.959646
-875.418266,289,52704.054918
-625.933077,262,52708.768381
-25458.852432,252,52713.469146
-1308.536044,308,52729.869578
-918.340441,272,52734.570761
-34521.465469,343,52740.660004
-34976.653168,348,52746.673995
-1628.063368,227,52750.863344
-822.10285,294,52755.763223
-1101.494485,319,52761.344296
-975.331117,237,52776.157326
-955.808996,268,52781.160691
-1618.942167,238,52785.469148
-994.886266,288,52790.350565
-1481.560692,286,52795.171555
-27343.822467,478,52803.168589
-1677.239288,371,52819.551605
-19669.699295,336,52825.749702
-1465.524544,266,52830.545439
-25406.702484,252,52835.161459
-1537.669738,231,52839.367149
-971.21691,229,52843.560908
-696.762758,273,52848.267296
-25885.455772,258,52852.860488
-27107.736343,269,52867.757457
-32468.318524,420,52875.370512
-1659.713863,257,52879.763777
-1906.175785,312,52885.263697
-1899.63994,228,52889.271309
-10541.639095,309,52894.668573
-29091.929779,288,52899.665166
-1765.963398,289,52914.474772
-2047.557785,306,52920.146335
-1052.317096,310,52925.771077
-1160.468316,242,52930.070027
-31798.194855,316,52935.660573
-872.738819,303,52941.05815
-26404.695724,261,52945.65232
-37139.301643,369,52961.771253
-25299.231575,250,52966.95672
-1028.793891,292,52972.573645
-1683.732308,249,52977.064575
-881.86686,270,52981.867734
-35625.730667,355,52988.157177
-1087.63173,348,52993.966066
-1805.853986,318,53008.952803
-1253.581446,342,53015.459947
-33405.506279,332,53021.745378
-30664.661087,305,53027.067651
-1372.960759,276,53031.868441
-35298.357216,351,53038.054543
-34512.639999,344,53053.759641
-1168.33787,316,53059.263501
-1571.765386,314,53065.26381
-1598.707913,323,53071.153604
-43843.302025,437,53078.746549
-26594.325957,343,53084.863697
-28967.197861,288,53099.368032
-32165.364525,319,53105.067918
-518.397252,455,53113.860847
-2297.930971,1410,53147.275308
-28041.030838,280,53152.370387
-84590.349556,3722,53232.765998
-36338.693352,362,53239.258019
-43442.323425,432,53246.545098
-1394.054266,321,53251.944935
-34378.230522,341,53258.757224
-1183.820313,283,53263.963183
-1407.299131,289,53278.247131
-1607.752434,289,53283.265008
-1694.161396,245,53287.364166
-819.666155,276,53292.264981
-26740.993843,265,53296.971608
-37616.725003,2023,53340.162711
-48296.294128,480,53349.258203
-20498.920937,203,53353.363157
-39821.847839,7824,53517.976012
-895.607235,264,53522.660358
-39376.374038,874,53546.869161
-23750.516724,235,53551.552059
-103957.592224,1703,53588.665596
-32636.926537,325,53594.955281
-1671.645568,268,53600.157996
-1501.047023,292,53605.163696
-1230.598503,273,53610.059855
-26768.232933,266,53615.058889
-2035.164527,289,53629.745709
-954.943385,410,53637.067291
-25487.804153,252,53642.04423
-1626.82198,296,53647.378911
-1621.382179,265,53652.258677
-21976.895935,240,53656.764858
-111604.771895,2305,53704.044298
-26745.535408,265,53718.059291
-27079.723106,269,53722.87033
-1293.646259,294,53728.252525
-20539.900482,203,53731.866711
-1366.364046,265,53736.970634
-28527.50106,283,53742.64721
-1187.122073,246,53747.051114
-1533.066843,219,53750.866013
-24457.656174,242,53764.348166
-1068.66877,244,53768.553081
-25343.635948,251,53773.355097
-112612.849134,2035,53816.356311
-1394.680591,248,53820.66173
-1448.688162,276,53825.651304
-489.481844,284,53831.24533
-1593.691455,291,53836.773976
-26285.526978,260,53841.256052
-650.589488,295,53855.869094
-21509.938354,213,53859.564602
-46205.630135,461,53867.35224
-700.5039,268,53872.159787
-969.205937,243,53876.646977
-29186.748998,355,53883.356033
-1455.496947,262,53887.973847
-1299.361784,330,53902.669728
-930.59014,334,53908.459382
-1474.667134,342,53914.561082
-2218.679225,346,53920.67313
-2093.91414,342,53927.467821
-24142.827087,240,53931.968047
-28881.1017,287,53946.454857
-1490.018096,271,53951.174236
-1606.589511,250,53955.672466
-1131.197408,286,53960.866256
-1655.429395,286,53966.048001
-913.361081,246,53970.562092
-1512.026944,252,53975.366055
-28785.099388,286,53980.769334
-27473.56897,272,53995.259929
-30706.466034,306,54000.849769
-794.588044,363,54007.155769
-1662.08447,310,54012.666085
-1674.015202,287,54017.950096
-21315.27784,212,54021.958389
-76814.966279,4999,54131.858104
-1276.688345,265,54136.460026
-840.959089,286,54141.566939
-23026.384338,230,54145.659664
-24082.841476,238,54149.959552
-1096.096944,250,54154.07876
-29193.137199,290,54169.464607
-1766.914785,273,54174.446727
-1744.168501,250,54178.770469
-36277.78788,361,54184.747578
-565.727996,263,54189.166163
-24748.7416,245,54193.464843
-22445.977272,223,54197.45415
-1353.320666,232,54201.56647
-964.316066,285,54217.070519
-1454.289213,267,54221.75053
-1703.869542,231,54225.967837
-18223.967557,322,54231.846978
-1236.258344,232,54236.050928
-22622.146454,224,54239.869806
-343.072199,274,54244.560585
-23129.370636,229,54248.462126
-1605.30464,220,54262.758425
-1725.025821,224,54267.162326
-1627.32291,244,54271.166817
-1444.152942,334,54276.86916
-44797.431721,510,54285.070037
-1676.060737,257,54289.465823
-1014.921913,270,54294.161046
-33832.420687,379,54310.247865
-1980.917468,278,54315.371269
-39224.957558,389,54321.749932
-26126.205818,259,54326.173434
-24766.880836,245,54330.560264
-945.008244,265,54335.157852
-41785.109894,416,54351.357311
-1142.520481,271,54357.247262
-829.997252,263,54362.262262
-23091.247108,230,54366.274045
-1547.07078,244,54370.771861
-49623.079172,3099,54439.959747
-1299.473419,250,54444.260324
-1585.644421,335,54450.265589
-1082.156755,223,54454.573894
-87584.508682,2055,54496.764574
-21054.738325,258,54501.965564
-23355.229088,232,54506.159913
-1651.46251,221,54510.160199
-1268.473688,310,54515.263337
-1802.121744,320,54529.849445
-1141.038385,298,54534.871227
-806.088169,271,54539.761562
-18780.250058,219,54544.068988
-1123.087445,282,54550.155287
-802.705525,255,54555.047086
-19019.68589,189,54558.371572
-31487.701942,396,54574.469581
-23247.939575,230,54578.550815
-29675.68708,294,54583.559368
-1293.218547,222,54587.574108
-861.887466,289,54593.171984
-1766.669353,298,54598.867763
-27016.923904,269,54603.662917
-1619.555255,290,54609.04653
-1853.510396,225,54622.844431
-1399.794211,292,54628.244232
-542.538573,281,54633.148167
-435.305215,272,54638.178097
-1103.808533,279,54643.666423
-24685.752586,244,54648.171487
-1516.437524,243,54652.453568
-25461.692734,252,54656.757586
-125388.709501,2630,54718.974904
-32803.890518,327,54724.658393
-1280.589001,325,54730.469386
-105182.22548,2470,54781.367734
-1021.502402,316,54787.246997
-746.505227,267,54801.165135
-951.60742,243,54805.372228
-1561.789955,350,54811.167238
-1754.807149,249,54815.267146
-834.051514,305,54820.566261
-25481.22374,253,54824.957674
-442.919681,315,54831.154224
-1577.094709,380,54847.177441
-558.517998,275,54851.868967
-22158.424812,219,54855.663355
-1239.624935,271,54860.357487
-1734.585854,354,54866.366772
-19214.505569,191,54869.773404
-1980.308566,234,54874.248902
-11670.613013,493,54892.456722
-24052.923676,238,54896.544868
-906.65113,260,54901.147562
-25752.292465,255,54905.750008
-12043.005205,310,54911.272204
-26821.009888,266,54915.754652
-26940.48288,267,54920.671363
-865.881008,268,54925.945381
-1488.436342,258,54940.368356
-36172.686333,360,54946.468857
-29354.759727,291,54951.362437
-1676.416382,278,54955.972809
-1481.5658,249,54960.269965
-1753.38099,298,54965.154499
-1357.155489,276,54970.468037
-1692.111198,263,54984.650497
-1538.111244,287,54989.45473
-1054.880041,339,54995.153841
-1829.491893,243,54999.467949
-1536.811247,246,55003.844593
-522.356584,285,55008.861647
-781.152422,320,55014.345883
-1952.949061,243,55029.065815
-26387.947624,262,55033.857651
-791.326062,255,55038.377012
-1131.804356,254,55042.954774
-1276.374015,291,55048.07322
-1746.199361,275,55053.246468
-17773.067671,366,55059.673413
-38095.849442,379,55077.063753
-25106.102692,249,55081.559146
-1053.655365,257,55086.146158
-20248.11412,201,55089.666268
-875.945445,305,55095.248971
-1839.079096,319,55100.461208
-1792.739222,287,55105.256326
-1941.960791,298,55110.670444
-29116.762344,289,55126.25802
-1170.798027,332,55131.961061
-1377.570816,335,55137.667723
-27063.54612,268,55142.550904
-1355.599891,329,55148.165092
-25869.483803,257,55152.657664
-23117.274304,434,55170.768243
-23578.269447,234,55174.953761
-1779.744814,303,55180.147518
-943.26399,259,55184.848011
-1862.041197,334,55190.850179
-1819.442852,252,55195.0607
-917.591362,304,55200.35787
-27731.12095,421,55219.158931
-29678.929306,294,55224.171048
-367668.687982,4369,55314.467629
-972.515661,241,55318.952804
-1356.570227,250,55323.651446
-26463.161461,262,55328.165935
-2072.237161,310,55333.864582
-1652.826563,252,55348.055801
-22994.785347,228,55352.467591
-1609.640882,336,55358.670256
-34271.399837,445,55365.967383
-1510.874013,293,55370.857869
-60271.339622,601,55381.049029
-826.09346,338,55396.744237
-38463.347101,604,55408.073555
-28180.554672,279,55413.054681
-33310.192208,468,55421.469986
-2065.571168,267,55426.066901
-1945.54391,301,55440.575286
-21649.421196,215,55444.665741
-1039.39091,296,55450.169921
-27240.055237,271,55455.566013
-26879.83754,266,55460.64654
-23546.36705,234,55464.749645
-24644.145317,244,55469.16747
-27587.221069,273,55474.156664
-953.089258,255,55487.956374
-17441.661004,258,55492.245309
-24764.42107,247,55497.171489
-1006.567289,239,55502.052349
-19196.505226,189,55505.67439
-30229.099701,300,55510.866797
-812.945625,289,55516.063463
-874.165408,295,55521.173951
-692.507818,266,55535.350347
-953.956971,223,55539.461525
-27718.760143,388,55546.352671
-585.536168,506,55555.16938
-1298.106716,383,55561.569892
-1547.735052,273,55566.461921
-24021.177734,238,55580.059446
-36806.315529,366,55586.250599
-1136.317582,231,55590.169398
-22801.700981,226,55594.558566
-2666.225457,384,55601.768133
-56388.969147,562,55611.366922
-24017.268349,239,55624.778143
-1515.892176,262,55629.150483
-23961.068939,238,55633.071181
-55910.784691,556,55643.258707
-25275.175522,250,55647.956885
-1003.422158,352,55653.874257
-1657.804778,294,55659.050529
-1614.726723,254,55672.866459
-1032.479456,300,55678.148582
-1844.413638,248,55682.267514
-1234.249763,293,55687.563251
-24999.489006,247,55692.558369
-1069.190902,271,55697.461507
-1204.09599,300,55702.665877
-36286.848701,361,55717.957025
-24224.651047,241,55722.273901
-718.747197,289,55727.164794
-24942.043404,248,55731.461207
-23702.87191,235,55736.25758
-787.05447,250,55741.25032
-21587.326904,214,55745.153198
-1325.459958,231,55749.066911
-1722.771753,383,55765.144378
-1446.19533,338,55770.665546
-3155.919586,316,55775.973081
-26161.74942,259,55780.870097
-1634.500798,254,55785.959137
-43822.305069,436,55793.560679
-23684.310989,234,55807.360565
-1707.834846,258,55811.850211
-24845.887192,247,55816.164537
-22570.275124,223,55820.174121
-27067.436996,269,55824.953971
-34740.977935,380,55832.065503
-24901.903603,247,55837.050749
-24369.184547,241,55841.349187
-27175.166321,269,55855.055157
-12925.88038,432,55862.762236
-26164.231995,259,55867.355294
-1300.822004,301,55872.455482
-721.487172,434,55880.849857
-1587.655942,302,55886.066314
-1895.592802,240,55899.946806
-1897.900478,255,55904.46993
-29315.090437,434,55911.572752
-29929.993446,297,55916.769454
-102257.961832,1672,55952.966226
-34961.439537,348,55958.873307
-691.99065,296,55963.869683
-1531.855383,314,55969.669608
-1367.327403,254,55974.754133
-29239.213173,291,55990.354183
-2821.225052,1014,56008.14551
-1234.671658,421,56015.66446
-44676.862109,651,56040.154679
-550.535802,1042,56058.170229
-978.202944,271,56063.569154
-31780.712624,316,56069.960371
-1154.114103,310,56085.761631
-1384.99504,304,56091.058471
-29150.950089,289,56096.375182
-1731.674741,241,56100.850101
-28132.660515,279,56106.152421
-1208.330699,424,56113.355796
-1267.907838,262,56118.468649
-862.827572,1167,56147.545695
-901.401057,307,56153.264547
-30757.31601,305,56158.757434
-1171.049995,250,56162.857347
-27082.121063,268,56179.053643
-32205.620522,319,56185.348875
-1073.096746,375,56192.368857
-41300.520164,410,56199.758025
-1585.861596,281,56204.759724
-1118.647832,358,56211.047057
-8850.204752,312,56228.352474
-20264.030945,517,56237.264553
-31084.293465,309,56242.847268
-21508.009987,212,56246.751318
-1909.418617,291,56252.058588
-1131.896756,264,56256.966416
-29447.984169,292,56262.251834
-1470.779851,316,56279.745378
-29662.422623,294,56285.250117
-34903.393829,347,56291.469119
-1625.520535,1057,56309.365812
-1332.260845,320,56327.360521
-28084.304673,311,56333.660244
-1348.772795,317,56339.645255
-29200.810104,290,56345.053873
-549.645613,263,56349.764604
-294.354152,564,56359.370999
-30003.955612,298,56375.650741
-23212.572861,230,56379.856258
-1368.87968,279,56384.768748
-1289.276024,259,56389.550548
-1876.836492,401,56396.847901
-41767.578064,415,56403.869054
-1800.201086,277,56409.065206
-20292.160216,1152,56440.371092
-1056.410933,390,56447.471008
-25918.936493,2295,56495.562919
-1974.189831,274,56511.261813
-62715.558464,626,56523.465318
-33984.830864,337,56529.865096
-29605.229061,2019,56574.74417
-1700.185757,338,56580.855963
-975.306216,336,56586.761442
-1715.963843,315,56592.366153
-41489.741215,1435,56630.56354
-21970.308903,293,56636.366702
-1299.1276,295,56641.468965
-991.747489,371,56658.059182
-30048.174667,298,56664.749081
-31401.240479,312,56670.968158
-961.330322,387,56678.460554
-29680.246727,295,56684.170037
-1265.935991,350,56690.555691
-29863.873093,296,56707.251691
-39971.89682,398,56714.764709
-2147.104636,267,56719.669549
-1618.892608,236,56723.965695
-1357.042221,375,56730.366723
-30486.360855,303,56735.67185
-27666.535912,275,56740.670197
-29611.050499,347,56756.45772
-903.567563,308,56762.962552
-24323.422879,451,56771.471028
-1526.147603,370,56778.166103
-257061.767008,3913,56864.263313
-28481.802544,282,56869.262451
-1619.562245,324,56875.163461
-863.598663,543,56894.670002
-1431.205126,1235,56917.170122
-64603.211655,644,56938.344713
-1853.495189,349,56944.753347
-28972.5131,287,56950.169556
-1509.442059,284,56955.744824
-38817.796455,386,56963.244202
-1300.484103,352,56969.375454
-34338.373765,1461,57005.671119
-918.102218,385,57012.962967
-38681.560989,385,57020.153864
-28537.436729,283,57035.970669
-29342.024292,292,57041.356301
-1243.850494,478,57049.87372
-950.618193,331,57056.654001
-1753.227545,311,57062.253757
-30168.439758,300,57068.068291
-1234.978435,454,57085.753955
-1143.4428,1597,57114.552805
-65539.514924,3224,57191.96914
-1450.113245,514,57202.151865
-1268.871907,310,57208.061587
-33875.6922,336,57224.667224
-47097.647545,468,57232.656758
-38360.4132,382,57239.55291
-25437.539566,252,57244.44764
-19257.24859,347,57251.368986
-24521.825722,243,57256.172979
-968.021335,294,57271.556271
-252025.273314,3416,57338.255121
-22568.71666,223,57342.557657
-991.477778,493,57362.569806
-31572.671535,397,57370.258542
-2098.73148,418,57378.853643
-1467.805306,501,57387.860979
-23380.872016,435,57396.350176
-59734.205508,2022,57441.557352
-66931.35199,668,57464.1609
-855.194817,385,57470.95713
-1683.031316,613,57481.657037
-825.38503,400,57489.059767
-451.156949,2559,57553.174752
-719.46685,953,57569.556837
-1204.380035,353,57575.855072
-290253.305487,3583,57658.065461
-1211.503739,1766,57698.54591
-36307.893272,361,57704.767932
-42044.136253,419,57712.356423
-30702.465256,305,57717.67317
-737.271412,425,57735.247335
-37041.851662,368,57742.360948
-1128.800722,1592,57780.462104
-1237.077005,1755,57811.768303
-347541.53079,4359,57914.055704
-1045.533132,1049,57931.969423
-33895.628654,336,57938.65751
-38236.741989,381,57945.173436
-743.547172,426,57963.466424
-144356.737218,2024,58010.062016
-1932.690125,566,58020.353352
-266593.278695,7874,58194.068742
-85266.904083,2840,58253.957137
-106741.091576,3772,58338.549821
-1490.989012,3009,58399.453344
-1341.089281,344,58415.353693
-115179.673922,3172,58478.464644
-699.532109,1624,58514.662358
-987.030589,318,58520.370346
-873.62204,891,58546.767713
-1527.673876,592,58557.262171
-305412.568999,4012,58645.962843
-69864.239352,955,58662.366888
-1460.038875,334,58668.459949
-366909.851321,4523,58775.74696
-608.080518,1644,58804.461063
-50279.01048,734,58827.455014
-1287.729067,1150,58847.162538
-1090.38353,2320,58905.972185
-1503.298286,1545,58936.171336
-217090.565295,3076,59009.064394
-940.874292,511,59019.25223
-50317.953926,501,59028.969719
-48115.83606,478,59049.161659
-224416.527616,2850,59108.666075
-39759.293869,395,59116.362293
-420.072387,2412,59169.471414
-229105.487535,3363,59245.171367
-233157.767691,3122,59306.866922
-95148.863743,3637,59390.666068
-175436.223052,2921,59461.548423
-273641.124851,5437,59571.366052
-13419.10008,1794,59612.865303
-656013.679771,6934,59767.368863
-43951.97702,437,59774.860086
-246486.021984,4926,59878.975478
-63673.134653,2072,59924.356439
-234894.660275,3281,59999.56971
-344554.391281,4220,60088.657244
-55107.266435,4564,60185.661209
-428570.141066,5102,60303.168492
-9713.133017,2065,60348.858921
-373805.204757,5544,60464.971884
-818942.896899,10582,60690.967438
-277580.300965,4857,60803.557169
-109758.237679,2320,60854.955083
-1214267.09999,12807,61119.248008
-566690.579747,6408,61260.246245
-492046.306582,5270,61381.859258
-178028.540734,3302,61458.256319
-2508.44751,499,61466.751971
-705480.703681,7275,61619.644546
-109606.626794,2091,61667.55741
-531783.368791,6183,61798.064737
-700045.063184,6966,61953.658001
-506890.690521,6350,62096.362218
-8716.228694,2345,62147.162083
-398493.16748,4393,62239.762272
-152729.603256,2392,62289.969083
-817976.844861,8481,62467.464074
-563948.712328,6038,62599.162292
-1574031.131654,12211,62860.16093
-108810.087033,2075,62904.770875
-172764.939196,2674,62967.962962
-231068.609538,3882,63048.163335
-290156.165097,3424,63112.265171
-178175.517634,2560,63173.266419
-639647.683419,6718,63305.674674
-556801.938058,5866,63426.773396
-978415.362219,9220,63618.46349
-166717.628431,2570,63670.158291
-457791.278416,4880,63780.653004
-91623.665062,2028,63825.968409
-208133.956304,2960,63885.46625
-280670.236064,3621,63965.365468
-153897.396957,3198,64037.96166
-59585.781316,2360,64088.071525
-119638.177178,2066,64134.166477
-169209.020806,2504,64186.974845
-154836.72794,2294,64235.355381
-372058.720643,4468,64328.869286
-52898.094062,4563,64424.648957
-702704.561765,7208,64580.46181
-146494.566781,2812,64635.96544
-241266.202561,3082,64707.261399
-54992.034809,3528,64784.467671
-626094.947567,6600,64922.945024
-287507.704407,3787,65004.549521
-115368.724323,3405,65069.652261
