#{"t_start": 1682496764.2710457, "env_id": "TruckTrailer-v1"}
r,l,t
-250.67628,1703,27.43083
-288.771344,1921,45.943814
-188.310539,2327,66.827251
588.75965,11683,170.206997
-221.84233,1698,185.135208
-161.239157,1822,201.514464
-121.789571,1982,219.308981
-190.500595,1338,228.629327
-126.97905,2315,252.826161
-63.090795,2393,273.403737
-626.849663,1547,288.628139
-113.843017,2488,310.139447
-62.059651,2751,333.602693
-7414.595592,1116,345.630274
-232.061807,2025,364.040009
-43.355328,3466,391.449977
-378.940414,1346,405.422388
-265.175186,1756,422.144209
373.472735,10377,512.816026
-80.637016,2721,535.545736
-478.977471,1267,548.799919
-271.854629,1583,564.315375
-234.391061,2255,584.028228
-197.40353,1708,599.99797
-84.098026,2803,623.544826
-2065.347075,965,630.347664
-72.687292,6067,682.101429
-181.963413,2447,707.813406
-170.966651,2262,728.04268
-13044.147414,1395,738.023805
-457.130126,1346,751.854278
-383.554223,1392,766.219639
-163.705398,2539,788.147102
-93.652543,1925,805.637845
-184.188822,1729,822.037317
-164.435117,2065,840.53223
-169.235113,1745,857.016689
-180.919101,2047,875.251546
948.715641,10890,967.451571
-11609.756844,947,974.116047
222.742388,10029,1060.234996
-406.137949,1389,1074.735602
-140.586612,1822,1092.120474
-152.606902,1816,1108.929587
-177.632232,1461,1119.119119
-162.171191,1908,1136.710624
-10995.353683,1038,1148.305509
-225.708146,1857,1165.51349
-93.311974,1907,1183.212149
-181.151958,1985,1201.240979
-82.214616,2493,1222.924538
-922.35224,11531,1319.536357
-190.466284,1751,1336.046252
-10274.004409,801,1346.229775
-466.773716,1222,1354.820636
-48.925993,2487,1380.312851
-98.565073,1871,1393.297137
-13128.170071,1323,1406.650856
-150.368038,1847,1423.99999
-265.059139,1970,1442.240259
-93.243402,2429,1463.102471
-103.369339,1616,1478.513696
-7332.98296,786,1484.052248
180.231647,4266,1520.619488
-438.292187,1239,1533.525788
-108.691496,2416,1554.434634
341.547911,6080,1608.43031
-112.562766,1747,1624.923789
239.014497,4233,1661.931826
-247.949496,2489,1683.637293
-36.511292,1974,1701.499327
-345.345109,978,1712.651922
-326.229362,1546,1723.504924
-230.423962,1460,1738.403689
-191.31455,1294,1752.010703
-158.608377,1854,1769.327052
-254.301682,1405,1779.23974
-297.964187,1291,1793.52868
-105.064324,2065,1811.927438
-2211.27309,1431,1826.230263
-75.318381,1996,1844.622193
-188.50192,1606,1859.743362
-127.590645,2634,1882.238894
-786.092544,1246,1891.020241
-168.173256,2347,1916.210897
-140.456566,3086,1941.213166
-145.850638,2760,1964.632343
-2333.507765,11499,2067.719245
-499.237684,1356,2081.206095
-129.253455,1804,2098.903942
-41.014353,9421,2178.341887
-1.503708,3179,2208.538785
-192.075786,1495,2219.151078
-541.770191,3460,2251.098622
537.163604,8992,2330.62099
-4499.89417,1645,2342.002384
-211.409142,2111,2360.798274
-495.265082,1595,2376.422098
-5540.895595,1319,2389.934249
7.63459,3524,2418.911307
-16.008541,2350,2443.40731
647.976448,14169,2566.296022
-441.750206,1797,2578.746726
-140.457862,2548,2604.61567
73.542133,3315,2631.051694
-54.530594,3245,2662.637469
-62.025037,5980,2714.936321
-316.63241,1527,2729.543024
-2428.712115,1248,2738.552294
-181.707625,2598,2760.908953
38.197136,2849,2789.216281
-259.097816,1646,2804.724734
14.880569,2911,2828.897601
594.03383,9502,2913.697452
-806.478551,1093,2921.397311
-95.860847,1869,2938.4503
-169.227278,2143,2957.234102
-17006.486367,868,2967.74784
-188.050713,1463,2977.726419
-197.725092,1617,2993.217258
-3611.209805,615,2997.543659
66.112528,4209,3034.799558
-189.170756,2164,3058.45345
2013.251141,11888,3158.443235
-300.560397,1661,3175.137583
-129.959542,1446,3189.550612
-241.077687,1621,3205.452859
188.287445,5768,3252.533914
-6.872075,2519,3278.802145
-417.333583,1005,3285.945464
169.749202,6228,3340.804419
-468.522779,1627,3356.705163
184.021314,4688,3396.708433
-235.052494,1764,3413.433925
-507.207899,1180,3426.042937
-474.135143,1508,3436.413467
-175.445574,2203,3460.627278
80.762467,3946,3492.121981
-190.167738,1643,3508.253345
-115.891113,1399,3522.400301
-687.216263,1190,3535.542048
-141.070786,1395,3545.132627
-171.616035,1222,3557.812154
-111.90691,1851,3575.109259
-549.996796,13118,3686.315494
799.285662,10317,3775.84095
-25.946388,2173,3795.353071
-77.756089,2137,3814.152025
-68.777322,2331,3834.022008
-112.902033,1707,3850.252604
284.064915,4694,3891.330098
-4499.89594,820,3897.006489
252.936954,5894,3949.14786
-728.368798,1778,3965.344432
-422.81379,995,3972.519283
223.403721,4038,4008.306321
-196.80487,1220,4021.133257
-707.980701,11043,4113.345143
-52.341558,2699,4135.912256
753.908584,11918,4239.837125
-18.168452,2851,4269.106422
-5924.575735,777,4274.654443
-800.812626,686,4279.536405
43.232948,3290,4310.346155
-3944.79888,1332,4324.205598
-3629.871903,606,4328.552818
1296.344688,6427,4384.754788
-9259.257366,911,4395.715317
-258.611683,9714,4476.838447
1184.737134,11120,4576.046224
-862.316545,8132,4647.848809
-93.529837,1861,4665.220793
1328.671912,11868,4765.034478
-141.485459,1810,4782.718894
-2738.527382,584,4791.208572
-120.5991,1573,4802.308968
-155.094077,1546,4817.350613
-135.612145,1647,4833.71862
-86.000844,1728,4850.330621
-187.808665,1726,4866.501372
900.687054,11427,4961.904539
-185.738135,1073,4973.814625
1121.329532,8215,5046.01835
-145.628574,2434,5067.247815
-220.959573,1231,5075.947411
-860.967263,9341,5159.096111
-227.192134,1171,5171.624893
-64.014681,9995,5254.637037
-238.651102,1133,5267.214833
1072.245487,10452,5356.714449
-221.380083,1369,5370.453994
1793.937117,9699,5456.151451
-248.335208,997,5463.124918
-51.735431,2173,5482.432268
1595.295445,11929,5585.834465
-248.048139,1343,5599.349535
1926.379868,10674,5691.514726
-4849.370761,9327,5770.730627
1574.283296,10502,5861.91996
-376.761286,936,5872.842226
-154.905529,1455,5886.740918
-190.183505,1537,5897.398015
1220.15751,14232,6020.52888
2459.519853,11974,6126.202904
124.394353,4887,6171.845177
-222.217569,1327,6181.013231
1052.715192,7342,6247.330679
728.244763,7584,6310.624681
-3149.811134,8908,6392.354768
-436.576911,967,6399.21316
-1348.330588,965,6410.227789
-6614.741053,718,6415.509653
-530.003127,3075,6445.750762
-225.366747,1043,6453.120095
-7431.732147,2767,6476.821019
-1201.777121,5970,6529.918779
630.751138,10465,6621.898359
-1357.763177,9049,6704.238619
-300.267712,1342,6717.903596
-157.0164,1592,6728.928358
801.999725,11276,6830.645445
636.967752,7033,6891.553346
-9394.991503,10247,6981.324646
2584.333929,17382,7132.210049
-3523.193276,9826,7219.332609
-867.351296,9672,7301.430389
417.322455,8273,7375.14471
3349.609364,20313,7553.552963
3849.203504,22547,7746.350787
212.520473,8600,7821.049109
846.428413,7420,7887.246433
1170.048798,11347,7990.408355
-6612.181135,11087,8085.314486
-112.264037,1528,8100.236652
390.606602,10853,8194.411913
4423.070799,20059,8369.705291
3963.958936,21859,8560.351119
295.856012,7126,8621.243744
779.788029,9064,8697.616344
-927.042056,2493,8722.619451
184.941818,4158,8758.628291
762.471678,11550,8858.152128
3684.046204,25000,9074.518246
3301.999102,25000,9290.132248
-8952.721863,12560,9397.615258
-47.985501,6765,9455.037962
-2441.911693,18402,9616.625342
697.34308,12941,9731.639284
2786.570211,21576,9912.750124
92.041649,9150,9993.950339
4928.593473,20847,10172.701474
-641.44182,3532,10201.132765
-92.041484,14483,10326.900681
-915.631119,2218,10350.70305
-525.370298,2711,10374.198488
11.065656,7374,10437.023659
-1893.828764,2063,10455.634712
4685.327337,23334,10658.80823
2265.889691,17936,10814.224168
-32.123548,6022,10866.810327
-1690.870516,1349,10876.847783
-13647.522809,1521,10891.837623
-484.905762,2465,10913.15143
4346.753895,25000,11129.542742
-155.158587,4370,11172.12447
3787.036338,25000,11386.35443
-19379.626481,12603,11495.336152
-6976.046539,2146,11514.702207
4833.045756,21061,11696.620531
-3379.01313,8930,11776.527334
-44.612726,7505,11840.406574
-2897.571673,1447,11854.614504
-119.220739,1555,11869.451149
4838.373399,18551,12028.754097
-472.151113,3309,12055.131711
-14.710396,4836,12100.100786
-16.139976,1887,12117.510788
-449.719279,2731,12140.350068
-275.624127,25000,12350.204085
3484.160221,24385,12560.405262
353.586206,4206,12597.32803
-9916.484106,3231,12627.706947
-14092.979502,1178,12635.831288
-1449.596103,4099,12671.519655
-38.250933,1844,12688.417522
-245.099905,4011,12724.02827
110.755441,6710,12781.651364
-3808.889374,1316,12795.722209
76.453107,6253,12850.439131
-591.175004,2744,12877.62525
-1791.318052,4741,12917.950167
-5785.065007,1902,12935.431498
-2928.032812,4995,12977.841592
3652.351073,18118,13133.84413
-2523.646605,1973,13151.815357
142.714427,4416,13190.115955
-7.639732,4470,13228.750393
101.953172,9442,13312.623822
-2659.053293,5814,13365.143634
-341.867978,25000,13575.035015
-189.39173,1311,13588.44183
-3197.343523,1299,13597.642231
-238.72826,1192,13610.608806
-3379.706762,4663,13650.752633
-1334.092279,1860,13667.803037
-69.447531,3550,13700.811682
385.272582,8987,13776.337604
-2321.810483,3197,13808.012928
-41.85321,9656,13888.53766
-181.221664,1294,13901.74054
-94.92414,15892,14039.839493
-536.499714,1855,14057.245709
-5112.990688,1134,14065.624969
-1103.197033,2199,14086.427768
-486.76428,3518,14118.938738
-335.97411,25000,14329.700941
-1051.26559,2406,14350.622247
-122.541696,5558,14401.343281
-147.245317,2970,14430.206057
-585.366959,1357,14439.716748
282.821973,3653,14472.854695
144.97934,4373,14511.340209
-1120.235278,1547,14526.252165
-11.45808,6973,14585.333632
-1620.600568,2860,14613.132544
-80.902155,3884,14647.841051
-2082.606771,1350,14657.116913
360.329838,11528,14761.22469
-2281.581491,2665,14783.311048
-392.989943,3212,14813.613011
-2409.106426,2909,14837.422696
-1954.765874,3300,14869.33074
-1226.722441,1155,14877.32657
-3133.163925,5327,14925.519342
-3208.376952,3635,14959.402632
-1574.731502,3414,14986.84569
-4064.792964,1269,14999.922714
-100.784086,3978,15035.640234
-1502.793269,2189,15055.033276
-1554.893933,2062,15073.645923
-1760.447429,2138,15092.612256
-270.554347,1266,15106.528999
-22.171139,2156,15125.922642
1947.853301,8232,15194.844578
-174.796369,1911,15212.542308
-90.240175,4066,15249.413273
-56.708035,5019,15291.607382
-3125.088213,1093,15303.75395
-686.304491,2078,15322.700191
-301.511609,25000,15534.40977
-269.399543,1130,15542.841659
-338.758431,3112,15572.051017
8.689697,3605,15606.0113
-271.117869,1183,15614.353217
-3132.675591,1248,15627.53833
-13199.576768,1213,15640.313977
1082.327072,8497,15712.651314
-4620.602334,3149,15738.442207
-1567.92759,1603,15753.903745
-2568.770988,1897,15771.117658
-171.647373,1155,15784.024318
-100.653955,6312,15838.520412
-3365.296708,2404,15859.046183
-72.816053,6816,15918.122075
-164.022322,3242,15950.03861
41.934904,4106,15986.652008
-84.05369,3680,16015.147525
39.972715,3428,16047.397986
-22.88456,2218,16066.643028
48.309143,2198,16086.004278
-2212.730507,3870,16120.907456
-77.313732,4860,16165.709649
-5768.803099,1254,16174.32735
-132.015245,2887,16203.749648
-3634.336306,1317,16212.927326
-2328.209731,2295,16232.728053
-3569.559833,1114,16244.815073
-216.639215,1163,16252.940723
-3166.356892,2561,16279.819678
-2489.739778,3554,16308.741395
-577.780542,6179,16362.697886
-3345.786963,1194,16375.346132
-90.920976,4551,16414.914701
-5064.257057,1264,16428.118205
-263.575353,1168,16436.243723
-10996.417285,1327,16449.929316
-3655.765243,1059,16462.352916
-13251.100133,1671,16474.210486
-5265.02107,1191,16486.72104
-94.346584,4219,16525.448649
-109.230427,3989,16561.848088
-2731.930866,2228,16581.734627
-95.830595,3785,16616.130959
-4005.483519,1550,16631.403521
-3679.768959,1171,16640.209148
-188.257402,1358,16653.937223
-95.492026,4108,16690.025933
-130.729669,3396,16722.044168
-1921.914027,1989,16739.923305
-2350.250616,2295,16760.510305
-7750.717434,2557,16782.629815
-3945.014491,1439,16797.197039
-2356.69653,5340,16841.42375
-2112.753059,3755,16875.119811
-247.124591,1247,16888.620848
-1310.360356,1992,16907.096432
-43.567338,2154,16926.224071
-1540.352741,1902,16943.437918
-114.381365,3714,16973.215025
-3704.635154,4041,17009.821315
-264.556541,1115,17022.017621
-1542.229442,2799,17046.214916
-2984.472375,1806,17063.034249
-5659.919737,1080,17074.848967
-2211.496354,2430,17095.62398
-3032.725575,1388,17109.553799
-23755.654345,1355,17119.227359
-1666.46774,2024,17137.541594
-208.682935,1392,17151.638912
-66.21942,2528,17173.823043
-81.139826,3081,17205.317073
-167.920298,4729,17245.749098
-54.357765,4926,17288.629402
-2252.184714,1976,17308.245588
4874.197214,20958,17491.640677
-189.975594,5466,17537.410553
-455.620994,2635,17563.951899
-159.620098,1308,17573.047397
-242.176503,5367,17621.05011
-205.412112,1474,17635.809698
-29875.689657,3025,17660.611481
-3516.218653,1224,17673.62788
-2291.28021,1526,17684.252255
-104.766039,5028,17731.53233
-835.23928,3854,17766.13396
-1633.831727,814,17772.153612
-3277.057005,1235,17784.838463
-3727.071283,2654,17807.43321
-703.216,1669,17823.329405
-1787.46004,2862,17847.333289
-3707.426007,2939,17876.245869
-74.389522,3824,17910.802441
-4202.844078,2449,17931.722269
-912.995151,1909,17948.90346
-4915.137655,1171,17957.224301
-60.977866,4722,18002.213967
-1595.567827,2045,18020.327582
-162.706289,1411,18030.027986
-262.5414,2898,18058.448578
-188.942543,4038,18093.917007
-1763.227034,1849,18111.532207
-13.994108,2199,18131.320325
-1455.456512,1890,18148.543565
-185.761861,1216,18157.09603
-4322.086372,1093,18169.110614
-15103.701659,705,18174.211925
-2123.02158,2103,18193.142927
176.96629,5575,18242.937731
-1233.443624,2042,18261.328023
-5505.152322,1215,18269.842768
-59.769898,3008,18299.045991
5161.738799,20131,18472.225091
-286.975028,1118,18480.005542
-134.450882,2994,18509.442597
-58.654435,4779,18551.826811
-821.683106,3501,18584.118047
-2596.427277,2123,18602.71385
-186.504427,3388,18630.146522
-439.993707,2174,18649.722578
-2184.859185,2350,18674.424881
-163.478767,2620,18696.643731
-1764.65373,2534,18718.725275
-3938.716396,2140,18737.83426
-1723.419331,844,18748.05359
-19465.686254,1754,18760.34883
-41.723728,2066,18779.603005
-264.4225,1201,18792.232741
-229.805225,1240,18805.122532
-2055.486199,2955,18829.428759
-145.126056,3471,18861.301948
-64.660071,3884,18895.950197
-3703.098372,1138,18903.952923
-62.856332,1300,18917.240385
-1418.988251,2052,18935.638835
-140.505207,2580,18957.399336
-1131.090695,1567,18972.429456
-3273.071892,1280,18981.14293
-22540.408423,1507,18995.74255
-1555.299292,1267,19008.823068
-732.596155,1718,19024.825089
-257.298718,1165,19033.037069
-52.757179,2287,19052.440995
-4212.324517,2256,19072.499455
-1957.599153,1164,19085.023446
-3045.662625,1129,19097.030148
18.51531,3528,19125.002496
-245.220838,4132,19160.81196
-2610.358466,1352,19174.340072
-203.625673,1260,19187.350344
-1311.541457,1875,19204.746628
-253.14279,2780,19227.948104
-1560.738066,1246,19236.640475
-1946.848463,1759,19252.907437
-878.150744,1078,19264.517594
-55.070826,2294,19284.927199
-86.312095,4052,19320.597798
-3018.043143,1560,19335.608524
-3034.290594,1420,19345.328025
-29.637986,1741,19361.747299
-58.584298,2591,19387.938402
-2677.116242,1304,19396.912072
-926.491069,1580,19412.129172
-3850.75854,2003,19430.112751
-3521.818735,1035,19437.245222
-224.349351,2671,19463.842259
-83.222608,2828,19487.721015
-120.53387,3776,19523.732223
-283.123226,1701,19540.009125
-2195.987001,1796,19556.421834
-915.733688,1229,19565.212217
-53.000718,2173,19584.550879
-3043.702132,1397,19598.742637
-7310.273735,1397,19612.615973
-115.774005,1985,19630.752428
-10594.847107,1136,19638.623312
-0.813499,2470,19660.047557
-2087.952418,1182,19672.613327
-4600.404941,3297,19703.738631
-245.237004,2319,19724.145032
-2314.081211,2047,19742.412127
-12809.383622,1178,19750.710104
-4674.247644,1272,19763.73645
-55.424838,2226,19783.253021
-2157.768961,1586,19798.531037
-43.860733,2310,19819.313549
-5087.106275,1158,19827.549663
-258.392231,1115,19840.319585
-2378.582344,2067,19858.714432
-2817.847441,2538,19880.71448
-8198.895655,1832,19897.739551
-2211.55363,1454,19912.227952
-151.094072,1120,19920.124836
-4577.66279,1240,19933.500007
-67.872749,2077,19952.138154
-66.166815,2427,19973.246184
-406.006213,2143,19992.531735
-1794.408967,2079,20010.998256
-3293.774544,15272,20142.424002
-206.932443,1154,20150.347292
-2145.996247,1216,20163.207005
-216.23039,1520,20178.234131
-232.351674,1313,20187.438592
-218.651532,3314,20218.45376
-1328.247119,1655,20234.128696
-4313.609777,1002,20241.127149
-1405.868744,2109,20259.709013
-1976.482282,1189,20272.750413
-173.01008,1602,20288.135178
-3513.518273,10286,20377.201119
-323.431216,1115,20384.952537
-156.637842,1292,20398.146897
-2769.397052,2490,20419.55443
-53.913257,2294,20439.912803
-346.329061,1092,20451.82084
-1111.728685,1224,20460.429277
-45.789187,2550,20486.418253
-96.71145,1880,20499.210753
-177.917261,1236,20512.297365
-5021.04757,1889,20529.804447
-323.422848,1142,20542.64413
-7202.704375,2174,20561.713127
-2299.378548,548,20565.726201
-131.512487,1228,20574.129475
-124.263561,1939,20591.815471
-257.972264,979,20603.023163
-62.893091,2118,20621.82651
-60.134281,2698,20645.84829
-175.763033,1498,20660.534421
302.045781,10634,20750.422587
-24.689015,2465,20771.507749
-115.417047,1814,20788.502378
-2016.251896,506,20792.31469
-38.65071,2259,20816.305186
-2968.081798,1088,20823.92439
-74.0338,2276,20843.699584
-99.845014,1773,20860.209201
-6488.937276,1207,20873.234823
-2459.979418,501,20877.021327
-2552.436432,2552,20898.525874
-3107.318785,576,20902.515884
-301.292801,1157,20914.211496
-53.678107,2443,20934.217721
-1386.348901,2374,20953.907487
-1422.035121,954,20964.428483
-1764.305446,2143,20982.806575
-114.886385,1730,20999.016953
-4265.094517,463,21002.458343
-1700.2406,2410,21024.15159
-154.834358,2103,21042.841447
-1980.354335,517,21046.654238
-17.039993,2595,21072.335143
-1328.479383,8712,21148.340391
-299.181002,1211,21161.036733
-4154.674408,1064,21168.540374
-235.773485,1282,21181.6492
-2060.235289,2303,21201.823887
-2509.216861,2214,21221.251256
-112.41735,1309,21234.711811
-388.76205,463,21238.052168
-598.723179,3482,21265.744334
-2555.090161,602,21274.496268
-229.754751,1271,21283.442086
3267.438246,14465,21409.34937
-3920.518372,1559,21424.920537
-144.662183,1496,21439.81966
-931.2446,1649,21455.540691
-1901.405857,515,21459.246041
-1764.622148,490,21462.848422
-39.6283,2809,21490.526336
-235.182159,1261,21499.319057
-151.193953,2042,21517.544578
-2548.468042,1331,21531.013193
-399.209847,507,21534.651804
-1211.711445,1171,21548.049066
-104.09906,1813,21565.130965
-170.468539,2426,21586.429462
-116.29566,1587,21597.342855
-93.838722,2149,21620.72497
-162.867643,1345,21630.433826
-357.868282,554,21634.595252
-269.257205,1281,21647.807009
-1149.383262,2004,21665.949383
-120.783023,5530,21715.92969
-2103.289094,2177,21735.253043
-2021.540426,1914,21752.926921
-7499.66196,622,21757.45129
-429.800614,540,21761.419187
-241.5077,1757,21777.906491
-163.65199,1491,21792.830173
-2892.978243,508,21796.539473
-2471.770925,2175,21815.844162
-184.253396,1590,21831.154117
-214.860483,1842,21848.134559
-184.630304,1826,21864.812703
-3417.685614,577,21868.932659
-184.727973,1771,21885.654505
-301.142523,1343,21899.207007
-163.785822,1885,21916.421921
-123.347922,4710,21957.141339
-161.057633,2093,21975.749318
-1865.821612,2267,21995.198197
-1783.856895,2221,22015.249471
-157.432624,1800,22032.101498
-424.594212,539,22035.995563
-1184.412341,2070,22054.231059
-3906.72314,2910,22083.702187
-216.490841,1422,22093.814785
-2334.134532,2002,22111.905039
-347.923434,1322,22125.001033
-2561.950597,1961,22143.449716
-1868.761261,2013,22161.736003
-1502.868084,2277,22181.841468
-7099.447651,744,22187.450496
-332.027804,613,22196.118036
-212.088671,1339,22205.503291
-2390.635418,477,22213.810417
-1278.301847,1876,22226.620995
-1732.95543,489,22234.536327
-220.181473,1401,22244.397302
-187.50908,2072,22262.935401
-4737.925758,1078,22274.797459
-152.051915,1634,22290.243016
-140.131576,4183,22327.917388
-352.109354,1439,22338.020829
-219.212173,1446,22353.031166
-259.687645,938,22364.310136
-350.307334,1466,22375.338309
-226.148456,1508,22390.718682
-172.712022,2152,22409.733908
-272.783854,1850,22426.901954
-149.592322,3328,22458.920877
-3316.427792,524,22463.135353
-231.590754,1429,22478.037778
-498.645558,794,22483.731066
-229.476299,1466,22498.123988
-1429.196886,2427,22519.154
-4263.479949,517,22522.938491
-2667.745255,2094,22541.422691
-251.227452,1589,22556.211828
-304.451508,1467,22570.906472
-268.04742,1403,22580.549343
-1816.932954,2504,22606.323846
-298.057303,1787,22618.59645
-2034.544672,462,22626.336558
-173.521136,1522,22636.846439
-115.580463,3583,22669.33816
-385.25315,1372,22683.221062
-283.06373,1896,22700.443197
-365.149906,1351,22709.747489
-349.054035,1457,22724.153566
-357.169043,1374,22737.943617
-254.345058,1350,22747.414379
-362.066628,490,22755.253537
-251.519373,1980,22772.905372
-265.618887,3203,22799.105593
-252.93872,1474,22814.105158
-284.196507,1906,22831.509197
-1248.80675,2494,22852.936571
-175.593006,1532,22867.851073
-1959.985648,579,22872.046519
-1568.499986,2430,22892.81155
-333.985928,628,22901.551409
-874.927678,2928,22925.550174
-265.660896,1192,22938.34002
-379.276312,548,22942.449604
-6989.271936,492,22946.120688
-1872.824768,443,22949.332207
-275.006252,1222,22962.642411
-326.525389,1451,22977.154168
-334.648501,1414,22986.926596
-1394.301184,3168,23016.900936
-380.813158,1418,23031.453739
-4343.949111,601,23035.814421
-543.889269,949,23042.540168
-418.21111,499,23050.352584
-194.038627,1832,23063.124414
-256.972115,1743,23079.74192
-308.007086,1414,23093.429224
-323.327089,1375,23107.552929
-2552.082042,488,23111.113261
-3223.27544,509,23114.84426
-318.807152,1413,23128.937941
-241.957347,1893,23146.511233
-564.885767,997,23153.432229
-213.723126,1949,23171.204503
-370.756173,1383,23185.054534
-148.59168,2553,23206.653551
-256.014669,1612,23222.019723
-6433.802282,1209,23234.818711
-13239.475822,552,23238.910255
-276.4376,1114,23246.909178
-2832.24039,2811,23274.844006
-314.579741,900,23281.212933
-4412.127965,509,23284.835528
-326.578543,1450,23299.049381
-287.640293,1513,23313.845254
-344.273702,1362,23328.23582
-289.333037,1502,23339.149544
-156.280285,1550,23354.298846
-2070.690774,452,23357.525994
-2162.325523,556,23366.023813
-321.817975,1508,23377.202733
-237.979909,1628,23393.350212
-187.56235,1419,23407.629308
-359.030603,1225,23416.135045
-380.960069,504,23424.218303
-1639.349889,1968,23442.107296
-261.651902,1314,23451.037468
-4976.81766,8734,23525.948222
-6489.531325,492,23533.651331
-1823.958186,2261,23553.247955
-237.962296,1228,23561.741245
-1298.295578,2437,23587.417102
-219.568761,1708,23599.413031
-201.903769,1481,23614.212703
-2528.912725,1903,23631.632484
-313.315011,1271,23644.749569
-3482.903402,519,23648.613797
2437.484423,18427,23807.453747
-3653.922802,522,23811.201046
-23334.719295,1177,23823.85385
-2640.621566,472,23827.313915
-1722.79284,490,23830.924448
-193.800879,1622,23846.499155
-199.060098,1733,23862.604422
-381.177045,535,23866.42266
-205.136776,1463,23881.439178
-121.599361,1591,23898.231749
-2267.645326,1144,23906.237707
-94.928785,1786,23923.038238
-2123.045906,2328,23943.316361
-1413.568928,2417,23964.533153
-163.428347,1541,23979.626868
-1359.968471,2680,24002.228302
965.891887,11864,24105.146434
-279.621522,1265,24118.041324
-162.844531,1872,24135.40171
-248.128629,1707,24151.453341
-300.35784,1434,24161.411723
-218.561947,2260,24181.026506
-1831.254816,1421,24195.43502
-3822.913548,3164,24226.521368
-1908.548335,2372,24246.895275
-199.642395,1463,24261.044041
-10051.286356,536,24264.921652
-1000.246884,1623,24280.416404
-1008.438587,2214,24300.210863
-1935.356305,2129,24318.719821
-116.594268,2247,24338.229609
-112.063347,2816,24361.050047
-109.811001,1643,24376.626744
-105.834991,1768,24393.04651
-1346.679361,2010,24411.148422
-2354.523201,2358,24431.523595
-2166.836477,2331,24451.736418
1160.488326,14725,24577.09697
-989.884728,1730,24593.228832
-1335.497821,1604,24608.623098
-1690.226745,1872,24625.718707
-105.77141,2196,24644.748909
-1435.359678,1967,24662.732471
-101.793477,1698,24678.827848
-15725.704339,1477,24689.11981
-239.356829,1261,24702.031544
-1624.89288,3113,24731.428562
-80.0894,1779,24743.657184
-92.348932,1690,24760.408093
-1686.71948,1934,24777.514636
-122.563919,1528,24792.212229
-1514.130536,2037,24810.727147
-2585.129891,1929,24828.441445
-156.093719,1654,24844.229063
-3265.600988,2091,24862.81122
-77.974105,1864,24880.125436
-2749.143223,2347,24900.806974
-2709.568264,9297,24978.739504
-1274.037312,2062,24997.017528
-2363.72739,2010,25014.926959
-104.339971,1540,25029.812024
-1864.280364,2254,25049.617153
-2022.72236,2518,25070.852025
-2120.027142,1822,25087.437748
1470.553644,12857,25200.803535
-2201.742571,2512,25221.801019
-2191.082631,1543,25232.418171
-4322.247692,1777,25248.826214
-17.801715,2121,25267.634149
-480.621538,2624,25294.01239
-137.409286,1338,25303.545147
-73.391293,1814,25320.800301
-2755.464672,1177,25333.324561
-68.560271,1889,25350.524681
-1214.911242,2034,25368.440813
-2215.97088,1519,25378.816585
-57.564886,3869,25412.819101
-2586.224741,1847,25430.309635
-1713.3159,1859,25447.402139
-1831.868922,1971,25465.195438
-84.906795,2355,25485.534638
-3090.778507,2568,25511.553477
-1667.276256,2112,25530.152415
-2375.224317,2360,25550.749726
-3068.657838,1973,25568.653161
-7472.521711,1980,25586.74263
-1618.324347,2289,25606.646996
-2104.256964,1816,25623.753234
-2179.961573,2306,25644.617032
-114.560177,1564,25659.69635
-2310.117391,2419,25680.127249
-74.681707,2086,25699.43539
-66.655562,2097,25718.031886
-22799.188001,1193,25726.308451
-8771.622788,10618,25820.508518
-2309.428137,1553,25831.038035
-779.416892,2248,25850.130311
-49.31173,2485,25875.926714
-811.982877,9066,25951.447438
-4093.107539,2342,25972.04968
1083.284129,13065,26089.520198
-1770.258286,2060,26107.596433
-921.655418,2013,26125.809114
-1794.797036,1704,26137.630378
-6489.838556,1783,26154.014055
-63.794625,2541,26175.810082
-1715.743326,1524,26190.603613
-441.732615,1806,26207.608478
-1415.372459,2548,26229.029361
-2827.457742,2089,26247.536399
-1079.77138,1851,26264.410622
-93.461974,1959,26281.936074
-5967.214833,632,26290.638318
-1235.914791,2091,26308.940621
-17846.004944,684,26313.853158
-1537.09462,2536,26335.545887
-4693.767245,2281,26355.811511
-99.771735,2031,26374.641781
-205.413912,1570,26389.919076
-206.065123,1847,26406.913672
-5.551981,2031,26425.819869
-3084.866961,3057,26450.609067
-119.872083,2775,26478.329449
-2119.049377,3028,26503.549438
-1318.581827,2458,26525.136627
-1778.910539,2381,26550.210945
-945.306227,2565,26571.818404
-65.134548,2239,26591.437306
-1729.512589,1230,26604.096408
-124.756141,2186,26623.135472
-2074.060939,500,26626.716219
-348.841027,870,26633.002966
-3327.945715,534,26641.025465
-1826.838949,2523,26662.238864
-762.86057,2220,26681.752359
-124.749195,1920,26699.599969
-290.528898,1559,26714.840276
-1893.627927,2672,26738.522124
-1621.391879,3311,26765.652758
-1315.787423,2260,26789.754308
-2324.044147,3465,26817.903199
-1920.696396,2233,26837.441638
-82.820143,1840,26854.606036
-1804.597669,7755,26924.451607
-1804.043686,2686,26947.015412
-1263.279608,2177,26966.015605
-6004.564138,566,26974.435683
-2408.613126,2530,26995.726145
-1204.10794,3074,27021.428769
350.534144,11194,27122.64239
-2621.145879,1777,27139.205335
761.844029,9630,27219.409791
-4959.599673,1955,27237.041799
-2748.287896,2819,27264.707617
-1686.32923,3383,27292.645703
-17495.373958,1761,27309.316307
-4369.495835,2859,27337.710207
-2152.658486,1575,27348.830655
-5582.831355,9986,27436.221876
-2292.024241,851,27446.637563
-94.479745,2572,27468.397187
-2811.071185,5204,27515.741533
-2588.321892,9771,27594.913962
-71.697266,3565,27627.925639
-41.353519,2432,27648.75419
-1843.91482,1878,27666.842644
-37.093059,1996,27685.429865
-137.467268,1510,27700.201659
-253.23383,1315,27715.018858
-1567.875232,1983,27728.425315
-272.82332,1178,27741.124052
-100.450409,3550,27773.649286
-196.984152,2008,27791.836157
-2378.109182,2601,27814.536395
-1211.446337,1957,27832.411142
-1875.299573,4771,27873.011421
-1393.564786,2197,27892.332283
-1444.648989,1717,27908.33907
-2208.022965,2293,27928.335299
-2757.426945,1933,27945.904231
-37333.323188,682,27955.046713
-1257.607804,2163,27974.117738
-1613.404353,2005,27992.451148
-105.475995,2746,28015.397955
-1175.964823,2024,28033.713812
-119.855832,1557,28048.534273
-1437.841487,2392,28068.952731
-2652.655237,1686,28084.804006
-1736.301194,2208,28104.10625
-8577.271116,641,28108.646025
-1072.49056,2024,28126.951907
-3642.78146,2757,28149.804518
-279.336132,1204,28162.610744
-7998.465187,663,28167.42187
-170.913025,1662,28183.345876
15.077185,3577,28215.844126
-16144.847432,626,28220.349602
-1080.939061,2434,28241.10774
-2366.299134,2351,28265.435062
-46.776615,2375,28285.808164
-3031.021416,625,28290.316608
-3068.363496,2014,28308.310761
-1478.898558,2511,28329.813219
-1807.118513,1886,28348.517845
-105.341058,2232,28369.816959
462.400896,9137,28455.129481
-2155.941099,2479,28476.550644
-1212.978795,2015,28494.440826
-731.150549,2066,28512.754647
874.0803,12827,28621.527537
-357.962292,3435,28653.652827
-3538.406073,3682,28687.646292
-1031.045431,2794,28710.936811
-1928.332812,711,28715.996741
-4560.9271,1791,28732.811535
-5570.197638,1643,28748.200977
-1918.263945,2152,28766.952681
-1861.184864,2633,28788.99621
382.008303,10192,28877.000829
-188.990182,1224,28889.639812
-1696.938143,3019,28914.323469
-9772.254068,10177,29000.818896
-4342.817268,2255,29024.552362
-70.199163,2444,29045.333541
-4576.762864,1793,29061.722023
-1158.939526,2129,29080.948424
-30912.114574,640,29085.638827
-1575.198917,3261,29115.833977
-4348.461069,10439,29205.2379
-82.386604,3248,29231.232754
-30.305539,3722,29265.413631
-28972.554032,609,29269.797571
-216.730474,2131,29288.840977
-2036.32458,2931,29317.226833
-138.248441,2833,29341.136587
-2667.475995,530,29345.123366
-294.501922,1160,29357.341474
-12057.900973,651,29362.036416
947.974081,9842,29448.128147
-336.77196,1008,29459.521346
-194.508397,1962,29477.107602
-276.962067,1900,29494.506268
-2993.434353,2890,29518.630887
-346.228207,1101,29526.457567
-3004.364652,2332,29550.740314
-2315.102707,2551,29572.50765
-109.317368,2267,29592.740014
-3403.194855,2112,29611.615676
-133.931921,2044,29629.832063
-112.339284,1788,29646.429026
-886.776811,2692,29668.922082
-2524.784787,3197,29699.228573
-3974.208555,2026,29717.495855
1421.802521,11811,29814.519338
-580.057808,1097,29826.647184
-2068.156937,2397,29847.448273
-2034.60162,2644,29869.810958
-1952.907957,2309,29894.996772
-1974.945574,2000,29913.049362
-3878.937883,4146,29950.319586
-100.078482,1459,29961.432992
-180.863187,1365,29975.812131
-133.541941,1447,29990.898374
-132.29714,3726,30025.633138
-1904.394877,957,30032.427826
-1079.649099,1986,30050.431781
-176.719474,1490,30065.02087
-3524.147293,2494,30086.307212
-1063.920928,1949,30103.929436
-354.433232,2552,30125.817337
-1260.49099,1961,30143.653963
-11088.476749,1683,30160.44724
-1386.775088,1502,30175.020152
-5182.478488,3803,30204.343272
-857.526776,1475,30218.54974
-2232.671693,2144,30237.506721
-273.076573,1135,30249.844684
-3900.434433,1327,30259.306289
-2407.728367,1648,30275.008743
-76.963083,5103,30322.707676
-301.887937,1096,30330.225068
-3637.823499,1928,30347.609432
-1690.863183,1824,30364.321202
-78.676087,2682,30386.630827
-169.82552,1591,30402.045294
-1281.764113,2036,30420.616116
-2894.577912,12160,30526.720484
-966.136948,2313,30546.807538
-710.900595,6740,30608.330425
-116.45519,4612,30648.247429
-9960.08917,1692,30664.209638
-199.849486,1185,30672.644985
-345.102253,4138,30708.709206
-1432.125806,934,30719.541785
-121.179059,2806,30742.426222
-182.850745,1360,30756.32581
-937.568671,2198,30775.614147
-102.481689,4148,30812.236747
-1424.725699,2181,30831.029797
258.13715,11663,30931.841259
-3913.323025,1951,30949.323064
-114.00678,1474,30959.317856
-381.506405,3980,30994.108787
-792.971893,3125,31023.950917
-3651.578126,1279,31032.732862
-778.46163,6706,31092.895529
-3234.156626,2490,31114.518661
-119.843974,3824,31149.112051
-1240.305856,1328,31158.321136
-2226.892377,2094,31177.304547
-8025.298545,1458,31191.818084
-5991.475221,1637,31207.645642
-4569.404062,1436,31221.936946
-4220.331111,3405,31249.245502
-244.572561,1272,31262.829383
-1.641288,3170,31289.629262
-2303.23578,2119,31308.345033
-70.587631,2062,31326.933281
-18.595246,2594,31353.051359
-989.793797,2576,31374.730312
-2451.270197,1283,31387.939482
-110.213497,4725,31428.513503
-185.24011,1941,31445.949562
-1531.097205,2535,31467.542536
-1842.776998,2074,31486.137964
-30986.162323,711,31491.197997
-476.782047,2058,31509.331917
-1173.510176,4024,31544.423188
-2926.05363,1911,31561.53716
135.107165,5872,31612.557086
-4001.654953,4202,31649.432513
-1137.836033,2146,31668.325425
86.714046,4700,31713.040315
-7198.659589,1652,31724.740589
-158.727539,2628,31751.034216
-3309.849239,1209,31759.544723
-5586.324896,10354,31847.953573
-485.398942,1637,31863.428575
-8682.389839,14246,31982.646095
-0.766937,2081,32000.74341
-2306.235474,2204,32019.932424
-1253.474753,2072,32038.23864
-47.798434,2518,32061.049238
-1420.505401,2286,32084.907821
-8496.648388,1709,32096.520963
-1265.214383,3558,32129.014778
-96.509711,3664,32162.508269
-147.377282,1327,32176.202085
-4348.119336,653,32181.025037
-1877.877163,1912,32199.530312
-1493.7097,2227,32220.307655
1.980428,2272,32240.610536
-196.420206,1310,32254.129511
134.701917,5769,32301.236348
-1413.764213,2323,32325.915658
-81.330291,2935,32350.217267
-3961.051978,1383,32364.253327
-1514.086951,2328,32384.348625
1316.140505,13415,32496.745754
-1763.465856,1947,32514.340997
-75.375178,1150,32526.444596
-1388.083578,2333,32546.837948
-5434.741326,3109,32577.123005
-95.195896,4883,32619.641472
-1392.944114,1941,32638.021935
-2777.280217,2016,32655.919316
288.502337,10183,32742.537679
-3107.081189,2003,32760.833282
-413.981399,3281,32787.610423
-8379.982194,12056,32892.625674
-2818.457742,1807,32909.014674
-228.892737,1286,32922.253165
-5567.148221,1640,32937.829134
-2017.482625,506,32941.51303
-89.703449,5371,32991.311716
-257.807348,1368,33000.942737
-10826.906256,2038,33019.504709
-1053.832273,3148,33049.304888
-7269.453942,6323,33103.726947
-105.003165,3980,33138.947779
-2591.983122,2180,33157.91942
-1445.118152,3305,33185.008537
-837.562087,2037,33202.654279
-1455.767309,2336,33227.209256
-1710.056663,1730,33238.941223
-95.790347,2309,33263.62225
-1431.620127,2231,33283.00585
-3781.523187,3500,33310.843384
2068.997161,14076,33432.309854
-582.370367,2874,33459.948169
-1620.889427,2424,33480.747752
16.947476,3998,33516.325048
-50.64558,4123,33552.549807
-534.556655,1495,33563.244238
272.603469,6333,33619.737221
-1688.107656,1646,33631.020785
-124.870667,4037,33666.827904
-1472.055489,2237,33686.649091
-1153.371109,4464,33729.952409
-55.607148,2411,33751.030466
-2230.136695,1865,33768.302932
-1496.032352,2154,33787.129655
-1182.870547,2319,33807.802683
-2458.814292,2165,33826.931147
-612.339467,2003,33844.80484
-390.79157,2688,33868.54068
-2125.188375,2288,33889.840772
2060.000267,19314,34057.210364
-699.903133,2334,34077.549839
-126.600379,3989,34113.209295
-669.930319,1612,34128.822083
-2851.409255,4449,34167.513896
-545.675642,2344,34187.855705
-4198.376835,10930,34278.995489
-1655.507913,2274,34298.602467
-3194.902,4389,34342.629494
-1880.84877,2184,34361.441285
-176.967437,5221,34404.418119
-24461.059063,1711,34420.441318
-1710.344169,2099,34439.317724
-4371.753592,1669,34455.232235
-4524.280408,1705,34471.241871
1317.365174,10344,34561.027375
-234.318836,1648,34577.331995
-88.308739,3037,34601.650007
-542.515926,4179,34637.913949
-71.194557,2916,34662.646592
-245.036372,1358,34676.443581
-1682.502936,2525,34697.92271
-78.111446,4732,34742.253551
-1159.56811,1050,34749.639554
-3259.185939,3718,34782.040985
-3517.34434,1307,34795.427984
-91.209177,3098,34820.653683
885.231494,11288,34920.399101
-4029.144059,1937,34937.631965
-4086.833682,1857,34954.49536
-8864.464822,1292,34963.424698
-126.917366,6050,35015.843622
-1869.353235,1914,35033.237715
-137.521271,2240,35053.033494
-5327.000005,1784,35069.425129
-529.744032,1134,35082.015798
-102.690492,4676,35122.552812
-61.56367,2849,35146.600427
-104.346713,2971,35175.625727
-3578.779672,581,35179.823094
1005.541616,12290,35284.700466
1024.564924,13383,35402.246103
-365.121164,2725,35425.310953
-125.415604,2716,35448.60955
-306.155858,1232,35461.64182
-3499.486643,2407,35482.220405
1277.499701,14023,35605.212537
-56.208437,2247,35625.003582
-299.01749,1287,35638.033589
-2236.811375,2558,35659.22322
-1555.247177,12204,35763.313665
51.381264,3985,35798.249762
-415.444229,2176,35817.532505
-1216.096529,2281,35838.012907
-7757.704267,2300,35858.820736
-187.513361,1878,35875.907285
-1747.430481,2064,35894.12642
-320.244204,1329,35907.549506
-2332.278461,709,35912.609925
-4628.037219,2434,35934.244637
-260.063128,1362,35948.706098
-208.13645,1365,35958.512777
-1163.005999,1079,35970.417739
-1840.442232,2121,35990.595866
-144.626683,4247,36028.902344
-779.10172,2233,36048.354113
-88.998505,4070,36085.334716
-2091.082466,2099,36104.229872
-2609.488112,4864,36150.052451
-252.67447,1140,36158.000422
-7363.912162,10677,36248.419092
-3277.421412,4595,36293.246087
-2619.1667,1211,36301.828804
-177.154813,1518,36316.431658
-2931.510161,1193,36323.125985
-28.647714,2945,36351.506431
-14.149641,3158,36377.03523
-1.580662,3302,36407.333438
-255.338485,9934,36493.206872
-298.998749,1199,36501.441933
-131.925616,2144,36525.21545
-1330.494487,2485,36546.742733
-115.637287,2315,36567.051967
-305.556674,2249,36586.923201
-104.850214,2892,36611.038819
-271.238996,1905,36628.340848
-90.777125,1868,36645.644275
-1978.587063,576,36654.319062
-309.842841,1812,36666.795933
-30.340227,3009,36695.707115
-3487.880806,576,36699.9278
-236.627595,1186,36712.251583
-113.262666,2324,36731.925706
-141.199689,2688,36754.436875
81.689356,9193,36834.321432
-80.324632,3028,36858.631291
-2406.194249,2098,36877.053709
-357.786462,1207,36889.650066
-265.090718,1463,36900.341288
-158.208923,2616,36926.948829
-299.336465,1099,36934.728603
-130.691624,2651,36961.351192
-105.666505,2413,36982.238054
-80.439651,2725,37005.022044
-139.064836,2957,37033.816047
-149.691028,2397,37054.622768
-316.967803,1461,37064.92091
-123.354292,2333,37089.426281
-156.099291,3789,37118.713469
-365.940796,1238,37131.711422
-281.700025,1194,37144.310943
-106.807049,4315,37181.847196
-139.228695,3016,37206.747956
-1645.146163,2320,37227.444258
-1131.030948,936,37238.304558
-1369.667185,2704,37261.012812
-2673.340975,2484,37282.416846
-4934.818258,2634,37308.753084
706.74995,9018,37385.64525
444.47938,8871,37461.135518
-229.790104,2447,37486.017756
-2649.367987,2406,37507.111246
-142.23116,3295,37533.440658
-289.863935,1358,37546.913099
-24.817195,2891,37570.451579
-57.723626,2789,37597.849092
-3352.610005,2652,37619.933809
-3207.808521,4226,37657.739756
-432.868282,2318,37677.630595
-81.691183,2494,37699.044548
-370.215186,1212,37711.818963
-1608.010362,3097,37741.430922
-111.243802,2261,37760.94355
-743.28004,9447,37840.008002
17.305936,5690,37891.431531
-116.275093,2774,37914.727497
-114.121638,2130,37934.211465
-72.590165,2337,37959.125744
-606.869478,9624,38045.6344
-136.816963,2222,38065.237565
-308.838325,1691,38081.136141
-298.629223,1895,38099.209917
-203.442815,1784,38115.516466
-115.367822,2998,38140.122142
-4997.931925,4214,38182.844257
-3546.971703,498,38186.500874
-310.86329,1274,38195.395375
-103.059169,5243,38243.619201
-84.198561,4274,38281.72777
-1665.186482,2535,38303.400851
-2836.939202,2027,38321.932451
-1044.022279,10730,38413.438692
-10957.253723,2605,38439.713588
-290.318162,1255,38448.495762
-118.27653,2868,38476.738271
-143.602817,1893,38494.20607
-2812.020455,2413,38514.796212
-2876.885172,3364,38546.033273
-18931.642352,2360,38566.350603
-96.108705,2086,38585.311807
-109.743916,2312,38605.249849
-238.819598,2762,38628.05288
-1330.43417,2118,38646.940056
-127.652151,2633,38669.114115
-132.190712,2256,38693.907042
-641.27429,2968,38719.013556
-266.656427,1478,38733.712386
-1625.904167,2871,38757.006398
-77.229652,3912,38791.628614
-95.519564,2500,38812.839488
-302.135655,1255,38826.017588
-155.325894,2898,38849.347659
-8.652171,3158,38879.80368
-117.279901,2744,38903.004297
-3580.368263,4254,38939.619474
-59.177712,3145,38970.115803
-105.53427,2883,38995.036324
-811.47832,12893,39107.720057
-263.132748,3254,39133.395902
682.306762,12403,39241.214479
-4917.750017,696,39246.128779
-3722.51587,2547,39271.516222
-2309.845852,5756,39322.726455
-3623.71567,1165,39330.908592
27.486333,4949,39376.937016
1549.81685,16404,39514.65348
-7136.504115,14957,39641.650156
-237.289383,2878,39665.913423
-7877.181127,2451,39687.702133
-4319.238401,1568,39704.547433
253.717688,5083,39750.849434
-621.187983,2782,39774.227212
-42.762103,2309,39794.133105
-46.466397,2401,39814.733214
-5615.346369,2226,39834.126621
-1298.780178,3245,39864.112222
-2313.76038,2203,39883.410568
-94.695893,4491,39922.622772
-495.557714,2023,39941.42185
-739.383363,1211,39955.012974
-3174.836061,7329,40017.401127
-2543.88943,1958,40035.136611
1629.960439,14053,40157.750764
4825.195054,20206,40331.547884
-2497.536275,2133,40350.89666
-63.750465,4770,40396.227329
-2749.648571,4312,40434.34532
-171.848038,3023,40459.512857
34.193368,3855,40494.547759
521.562044,9817,40581.722841
-1035.183795,2554,40603.101263
-10136.575909,9524,40687.41739
1186.335178,14129,40806.545263
-1841.873026,2972,40830.649205
-3078.940813,4579,40870.024023
-28679.555751,1992,40887.944199
-781.184472,2612,40909.95071
-74.747635,1923,40928.332458
-236.905,1983,40946.009714
-1282.094448,2608,40971.913433
-76.527875,2791,40995.053231
-103.492864,2874,41018.833434
-7118.915191,10184,41106.133233
-270.147155,1298,41119.527632
-3981.294197,3859,41154.031855
-227.999398,2051,41171.742876
-77.498097,3240,41201.712961
-1855.312902,2584,41224.242839
-6518.07364,8035,41294.616815
-3461.088978,3941,41330.098131
-215.203026,1568,41341.038256
-114.982459,2842,41368.843858
-86.398201,2587,41390.929886
595.198498,10546,41482.945725
-7635.865404,1371,41498.106625
-436.795673,730,41503.636748
603.395731,7826,41571.317835
-145.870054,1595,41586.396011
-159.242219,1713,41602.295591
-92.575485,2730,41625.212271
1048.048159,9399,41708.342963
-67.683895,2359,41728.656951
-3185.438492,4058,41764.097884
-49.200105,2766,41786.950251
-905.165639,11753,41889.30488
-1319.164515,2664,41911.443587
764.379059,8994,41987.118579
-0.894679,4971,42034.205595
-87.438099,2462,42054.721977
-372.925648,9574,42140.504813
458.498847,9983,42226.734172
-1185.62876,2661,42249.107836
-2410.346914,4044,42285.240062
-1147.778718,2379,42305.733033
-254.172472,9359,42388.346301
-2817.915431,4252,42425.45024
-96.581527,3025,42450.000565
-197.380135,2132,42466.62816
-92.508208,2518,42487.936119
-293.757818,1495,42502.320791
1127.701747,12938,42614.624747
681.890591,9768,42695.746775
-82.779559,2580,42719.432701
-174.919336,2546,42741.835923
-251.517108,1616,42757.318357
-897.193496,5496,42802.416428
-736.214299,4389,42840.254528
-131.964412,2109,42858.999758
-226.544232,1927,42877.59599
746.368434,11814,42981.106011
453.403308,13433,43100.443074
-10096.399027,10356,43189.300676
-112.789443,2763,43212.233113
-237.953897,1515,43226.896981
-6.515038,3175,43252.140958
-2328.502227,4782,43296.937387
-163.601782,2835,43320.92983
-300.898804,1105,43333.033163
-151.007266,2424,43354.253292
-3584.950951,6252,43408.939734
-189.812208,1884,43426.654253
-164.026941,2600,43448.727773
-832.238542,7677,43516.147246
-142.748773,9191,43593.510265
-172.718491,1629,43609.136697
-257.535423,1318,43622.732934
-219.42109,1808,43639.496127
-174.06105,2157,43658.437837
-252.913448,1973,43677.113384
-78.612126,2421,43697.848173
-94.728685,3485,43729.34514
-22.184167,3652,43757.739601
-81.716314,3918,43794.553095
-89.447848,3176,43825.133278
-177.418249,1588,43840.336304
-114.548741,2327,43860.714752
-119.442144,2360,43880.607111
-113.176361,2015,43898.811985
-14281.779289,1233,43907.351583
-59.62712,5459,43957.823399
-164.199001,1730,43973.801822
-7104.528456,4618,44013.701861
-2559.896121,689,44023.09633
-147.275986,3766,44052.550637
-8844.239126,2611,44078.24571
-168.177752,2880,44102.523224
-205.942007,1955,44120.1452
-154.567033,1874,44137.521752
-160.384981,2288,44157.217073
-2156.375485,1227,44169.736787
-1812.037937,2912,44193.249719
-140.639617,3033,44222.299437
-97.134232,2145,44242.240917
-331.543967,2364,44263.137862
-216.766668,1380,44273.557482
-181.311405,2134,44292.845366
-2002.904992,2945,44321.620631
-67.129389,2362,44341.821395
-1213.898692,10948,44433.851085
-131.257108,2976,44462.60215
-805.914328,7229,44524.028983
-5412.12787,1327,44537.315185
-130.478225,1891,44554.342488
-3117.902054,6975,44613.842834
-132.079536,2038,44632.412913
-221.840567,1607,44647.821815
-59.580235,2473,44669.110346
-222.597439,1482,44683.606299
-127.150352,1649,44699.048626
-11547.919558,633,44703.738284
-107.646778,5031,44749.84317
-153.88027,1750,44766.441628
-130.397934,3307,44792.825631
-153.936957,2293,44812.643058
-158.796774,2070,44831.051701
-124.892187,1939,44848.325356
-748.934224,1138,44860.447723
-94.124477,2511,44881.805869
120.920398,12460,44991.75119
-123.59229,2571,45013.521237
-138.024996,2631,45039.819709
-260.604944,1191,45048.237792
-506.043178,4793,45094.838413
141.81677,7093,45153.951481
-24.996295,4618,45193.4321
-191.139732,1568,45208.215775
-67.998535,2062,45227.029896
-72.533607,5026,45268.745653
-98.826159,2282,45293.045998
-10966.113207,7658,45355.922605
-2758.123921,9920,45443.4225
-1685.273222,5068,45489.99694
-776.74365,10027,45576.240932
920.708518,9165,45652.022932
-101.166374,2595,45673.712914
-125.672924,2177,45692.71014
-247.434575,8222,45763.927199
-986.851057,1981,45781.815429
-215.327044,1130,45793.835205
-121.228843,2355,45814.344927
-985.695364,8574,45887.03698
-192.448136,1738,45903.309504
-1080.886962,10399,45993.436299
-74.456272,2156,46012.945326
-12324.600775,1594,46028.351445
-2307.279754,3929,46062.711179
-1373.771607,2998,46087.046027
-125.160278,2466,46112.334924
-889.966886,2920,46136.33409
-103.049599,2004,46154.328275
-12.049864,4073,46189.924666
-132.845401,1879,46207.219737
328.745666,7913,46275.640707
-178.039509,1467,46285.638813
154.244814,7734,46352.90413
350.405205,6510,46410.903383
6.737878,5015,46457.350508
1550.255635,13098,46568.195762
-834.824093,7251,46633.214928
-171.795686,1929,46651.524975
-177.864374,1385,46661.146448
-177.630745,1588,46676.253812
-312.864547,2908,46704.211989
80.196941,7672,46766.629361
-172.656372,1939,46784.202189
-86.764743,1876,46801.511412
-100.217753,6564,46857.526955
-132.643177,3706,46891.117928
-51.415285,4403,46928.906379
-119.658217,1814,46945.556627
15.098778,3175,46975.452885
-234.686743,1234,46984.529644
471.537609,9576,47067.540325
-74.973462,2658,47090.418491
-78.369531,2081,47108.71573
-126.012439,1962,47126.41692
-961.016899,2310,47150.747653
-3193.057304,3896,47181.216791
-64.626366,2556,47207.124825
709.777822,8729,47281.897938
14.192056,2772,47305.208488
-3009.538502,2791,47332.612463
-2171.308227,2121,47351.544621
-175.084381,6088,47406.103847
114.633521,4357,47444.45403
-1044.395032,2222,47464.137692
-55.882966,3671,47497.313817
-2056.922914,1268,47506.312677
-16.83012,3921,47541.736562
-1766.235899,2282,47561.843189
496.165905,8654,47639.523566
989.855975,8275,47710.301674
739.347313,7845,47774.59795
-1678.846432,10548,47869.447087
-131.683864,1700,47882.539062
118.384187,4714,47927.227247
-14206.149542,2138,47946.139004
-10.74869,3014,47971.021437
-154.493211,1314,47984.404701
-1968.653125,10918,48079.011343
-138.958756,1481,48093.530558
1297.560507,9216,48171.331045
1157.393077,8635,48248.843373
-1606.059304,11414,48345.041694
-313.083166,4170,48381.229148
-196.294622,1335,48394.833698
1717.983775,10211,48482.933946
-48.511698,4622,48522.809192
-817.818325,1231,48535.723958
-11.017095,4871,48576.357311
77.768437,4370,48615.443852
-1258.302792,1639,48630.718427
-15156.415121,4275,48667.806991
1143.407056,9313,48750.531407
-841.200227,2875,48774.142205
-130.816701,6982,48834.212634
193.99527,6536,48894.625706
-422.956884,2339,48915.246165
354.336325,11194,49007.544919
-3162.818785,9975,49095.01341
-2002.764221,1743,49111.329391
952.083386,7094,49171.209463
-25.366377,3894,49206.404077
-17436.029144,9578,49290.944084
-37.865709,3084,49320.648085
98.186415,5290,49364.629699
356.175242,10051,49451.335697
-961.370276,3567,49483.725253
1192.77227,8234,49556.048664
-28.005661,3870,49590.404536
1121.771564,8988,49666.09709
312.929493,4555,49706.046722
-25.642342,9247,49789.348383
628.162258,8673,49864.320506
1187.29854,25000,50080.210513
-1731.207167,5576,50130.349135
418.608269,7619,50197.435108
-118.414548,3224,50224.517645
-249.658021,8178,50295.51752
881.564974,9054,50376.89524
-36.281308,3331,50403.93714
-137.420469,2371,50424.430245
4.303818,4251,50465.632575
1077.138858,8484,50539.748898
-7961.262204,8397,50612.446219
-148.659433,1755,50628.94767
971.536604,6808,50686.538091
-72.487725,2771,50709.742144
-3818.865213,1258,50722.91634
262.559068,7884,50792.326349
854.530052,9543,50872.44773
1484.203497,8966,50952.813432
-124.793837,1421,50966.808964
-141.937549,1479,50977.143357
-405.252071,8376,51049.935817
1270.936222,9086,51132.018484
-111.503316,1725,51148.24681
1072.059124,7946,51213.201344
1040.449992,10627,51310.421042
1075.434911,9037,51387.196484
103.85283,3290,51418.100041
-12.705467,3587,51447.117852
-6188.750969,880,51457.715422
155.871291,12588,51565.833915
-158.559446,1576,51581.525621
-134.542968,5109,51623.51614
-363.037828,9913,51709.598233
1217.658446,10352,51799.821857
-46.430047,3202,51830.738337
-92.495223,1999,51848.829305
-975.110204,3526,51876.849794
1182.915938,7959,51946.139238
-3526.392507,11501,52051.30451
-2858.818116,2235,52071.932815
1332.847159,9118,52145.414097
1630.221254,9256,52225.711753
-100.308601,1657,52241.61236
-217.571786,1253,52250.432874
63.241563,4362,52292.634534
-34660.66024,2146,52311.21171
-539.870855,3741,52340.341266
78.436376,10564,52435.716559
727.669348,8770,52510.630377
216.679736,3439,52544.818225
-1598.014079,2580,52566.730408
281.132596,9525,52645.728306
362.388525,8288,52722.09674
-1970.071642,1262,52731.111123
-48.404106,2989,52760.134287
-7028.547616,1153,52768.111014
1645.556288,10242,52856.317947
-263.090608,1240,52869.320342
-156.049717,1394,52878.915244
-1819.246952,2801,52906.610572
-2280.451976,11715,53008.244909
1308.795531,8111,53074.697251
-7102.380797,1297,53087.91772
-88.893031,2578,53109.851546
-2637.79211,1681,53125.717377
-367.691118,7176,53190.70699
-1514.297444,1657,53207.046612
-4113.530944,1094,53214.6134
-1240.467641,1936,53232.319449
-473.133399,2284,53251.721799
-16558.346,11601,53353.529568
-82.817896,2902,53377.442506
-7114.933804,1248,53390.420428
-72.441571,1899,53407.85248
-2041.527035,1358,53417.209797
-42.695495,2434,53442.84427
-1790.541095,2458,53463.851583
-85.857861,2032,53482.019069
-2822.187324,2338,53502.834325
446.742561,10200,53591.030127
1302.632921,9194,53668.113049
-77.073211,2417,53692.948674
-2306.212317,3307,53719.954483
-232.085685,2174,53738.933061
1109.682702,10519,53828.700348
-200.510165,3164,53859.615526
-33.011598,2311,53880.607101
-67.904107,1925,53898.112521
-3188.542273,1544,53913.047177
-85.207335,1850,53929.909962
-128.69398,1506,53940.307832
-3861.500832,1193,53953.40424
-1921.926917,6290,54008.303646
-2.408971,4357,54046.146457
-100.279715,2025,54065.053398
3717.372444,16305,54205.613555
-50.917386,2613,54227.428364
-144.80119,1598,54242.83871
-187.607736,1426,54257.112215
-115.916354,1784,54274.10793
-53.378839,2808,54296.837684
-1016.392201,11183,54395.131134
-1962.318863,2426,54416.108881
-117.998537,2298,54436.239034
3876.901242,15784,54571.90187
-1209.707766,1240,54580.44664
-378.22538,2671,54600.04559
-2106.44825,1426,54611.522167
-157.15693,1972,54629.314011
-139.451954,2054,54648.146699
-36.797579,2790,54675.83018
2.243899,4467,54714.900834
-5604.638578,2588,54736.415266
-186.518496,1319,54749.926692
-212.723516,3464,54778.040762
842.134082,6894,54840.825797
127.410486,2963,54865.107897
56.532805,3258,54895.654382
-1022.621526,3062,54920.83683
-2224.739967,9131,55004.143734
1597.825588,8537,55078.806641
1281.380114,9033,55154.940093
-138.390956,1512,55169.600059
-3052.081948,9221,55246.853262
-67.679495,4162,55288.228517
54.040701,2846,55312.110386
-42.29392,4380,55349.713031
-3552.357341,9720,55434.7192
-1614.055401,2309,55455.418904
-155.865191,1618,55470.646363
1093.606606,6476,55526.931742
-6786.571171,1938,55544.550097
-78.520184,4500,55583.326482
-143.794236,3185,55613.329623
-128.043901,1915,55626.404872
-109.201562,1602,55641.80433
-82.310536,2368,55662.246143
-174.651158,1534,55677.313894
-16340.189897,1157,55689.744204
-2117.780889,2528,55711.434863
-168.10339,1667,55727.230754
-1552.893635,1437,55737.11707
-235.524602,1176,55750.146493
-2344.101101,3298,55780.732432
-65.573038,2681,55803.212624
-212.239256,1182,55815.610105
-457.977285,3290,55842.02044
-3082.555504,915,55852.937121
-714.789767,8219,55923.530911
-153.058684,1615,55934.721998
-113.430455,1573,55949.737924
16.2076,3153,55979.615068
-70.114814,1899,55997.103235
-2.530838,11078,56089.834606
-15578.630934,1265,56102.618613
-6515.569021,8634,56177.213798
-1436.654497,2422,56197.726666
-178.474242,1385,56211.622763
1702.136756,13313,56323.299884
-123.394121,1459,56338.046624
136.159646,4608,56377.232851
-560.524349,2123,56396.222198
-2137.059017,2230,56415.554542
-1023.412641,1940,56433.352868
-623.926022,9255,56515.949579
1199.478729,8830,56592.638255
-978.152143,1620,56608.816517
-1734.740949,10075,56697.843304
-129.757148,1584,56712.950407
769.678925,5859,56760.350736
-116.610678,1701,56777.019284
-896.582916,2486,56802.650813
-4774.698883,2386,56822.842406
-206.085456,1737,56839.438766
-82.670743,1834,56852.02862
505.393403,7122,56916.904556
-72.324526,2296,56937.599141
1256.574092,10000,57025.014066
1392.81382,8550,57099.64186
75.726267,15981,57238.043039
-190.238384,1308,57251.247214
-49.58468,3173,57277.330741
-2967.843687,2618,57299.902054
-10620.192322,2237,57319.614953
-5255.310149,1002,57330.913864
-40.366777,2847,57354.826625
-3209.877228,8739,57434.530404
1909.377278,11217,57529.152808
1805.928042,10765,57620.240764
-1254.085093,5523,57669.23682
-114.708133,3787,57703.507974
-5004.549987,1617,57718.833952
-123.194322,1991,57737.531707
1168.180454,8734,57813.253267
458.120939,10260,57902.609282
-187.445261,1288,57916.401176
-182.962752,1593,57927.51396
1585.454987,8857,58008.233941
-196.34479,1724,58020.052405
6.150361,3788,58054.432875
-87.433072,4198,58090.838298
-2018.548224,3374,58122.521664
413.528876,7746,58192.498374
-159.891015,1379,58202.530473
-189.402191,1651,58219.046026
-1134.467186,2205,58238.630183
-1146.653019,2305,58258.698902
-38.720191,2051,58276.841759
52.506884,9301,58359.62872
-152.403893,3232,58390.416591
-152.57718,2265,58410.324037
-104.615794,1950,58428.526069
-188.284154,1541,58439.249472
364.44111,3494,58471.436113
-111.870324,1550,58487.23326
-188.26612,1288,58500.439649
1242.111904,8917,58575.721481
-208.013879,1661,58591.512116
-191.877636,1498,58601.927574
38.747004,9141,58682.416749
-138.761616,2415,58702.809898
-202.949311,1636,58718.937844
-124.329216,1847,58736.822241
-5018.895295,8614,58812.144775
-74.965095,3052,58837.234738
-274.560572,902,58847.922252
1294.651102,9545,58931.608089
-3362.067454,1343,58940.950771
-184.937177,1492,58955.725853
-161.448758,1304,58969.037625
-204.806404,1651,58980.612074
-180.35696,2236,59000.441091
1196.987582,10904,59096.707841
-136.594146,2658,59119.217096
-175.562717,1568,59134.899536
1201.336071,9434,59215.108144
-110.21093,2825,59242.843605
-221.843368,1117,59251.204122
-244.988205,1638,59267.8305
-181.433236,1708,59284.914215
-135.99468,1771,59302.298228
1074.399441,9027,59379.419034
-115.375705,2147,59398.635353
6.980016,4652,59443.338393
56.927286,2884,59467.506543
13.298747,3207,59498.237484
-188.568975,1763,59510.449714
-150.23797,1832,59528.012119
35.584474,4017,59563.953767
-147.236418,2211,59584.398613
-173.786774,2003,59603.209504
154.931207,5035,59650.000382
-1274.799861,2508,59671.295858
-140.548887,1887,59689.43277
-133.26164,2461,59710.715489
-82.070237,2109,59729.534978
-824.895642,9490,59813.423943
-2014.76905,2201,59832.803113
-3.406654,4209,59869.548605
-142.87133,1331,59883.112027
-81.243066,2489,59904.119158
-1924.462476,12621,60011.51972
983.420968,8785,60085.619495
80.440236,2502,60106.914007
-76.285173,1822,60124.131994
13.075614,3776,60158.321325
-43.217856,8990,60238.537907
114.24114,2781,60262.498568
1154.986623,8778,60337.215713
-81.992505,2099,60356.116216
-17.442938,3190,60386.709089
18.267268,3958,60421.938155
-46.068274,3907,60456.939744
-2755.368341,2042,60475.620624
-196.687219,9882,60563.713017
-1595.693304,3696,60593.429843
-22.354003,2142,60612.325874
1452.855342,8311,60684.839118
51.707287,3553,60716.945858
-906.84554,1372,60730.811866
-34.184577,2180,60749.897613
-56.328183,2732,60773.321308
-1887.980631,8140,60845.017342
2112.39795,10949,60944.011825
-8997.792496,9438,61024.100229
1474.705707,8225,61097.323843
137.26528,10760,61188.933708
9.443724,2456,61214.023707
-19946.972305,12773,61324.040258
-62.37234,2890,61348.823401
-39.618024,3821,61383.62795
919.322743,6162,61437.638233
-42.761487,4169,61473.814385
30.52535,3771,61507.748702
1325.761583,7487,61574.749165
433.472919,10504,61665.91852
-2337.242026,1908,61683.055575
-2768.409118,1190,61691.400412
591.90876,10858,61789.411228
-8241.939731,1242,61798.221376
-0.418288,2425,61818.918276
-3333.398498,1217,61831.82633
2.246597,2936,61856.297321
-4314.72717,11420,61956.546132
-2055.463379,2318,61976.405191
-2656.253367,8414,62050.099931
50.130286,4395,62088.60358
3112.952981,18406,62244.820119
-50.678953,3815,62279.014876
-13335.267745,6927,62341.544408
1430.344393,9694,62421.941594
-4.935447,3913,62457.02165
-160.147057,1629,62472.536681
-1804.084475,6625,62526.531444
-56.777724,3742,62559.32041
-11101.111916,647,62564.009005
-41.296887,2751,62593.306184
-127.679037,2001,62611.406487
1212.946692,9142,62688.432514
-123.627262,2743,62716.311228
1111.036933,8492,62789.450673
-119.942043,1890,62806.920174
-135.264348,1837,62824.127009
-197.554898,1684,62835.749824
-147.234696,2349,62860.230949
-140.47336,1322,62869.512018
-240.172181,1040,62881.318873
-3.195204,3912,62916.797654
570.36158,9137,62994.654353
-131.985902,2401,63015.939174
-113.446178,2187,63035.406513
-137.345128,2429,63056.427359
-97.707399,1665,63072.352352
820.777163,7111,63136.11602
-2112.939266,11225,63230.725279
833.36264,12595,63337.926621
1152.26373,8420,63409.735209
-911.124247,9450,63493.734769
-4972.26874,2273,63513.508518
1796.919179,13271,63629.819344
-182.40723,1311,63638.947324
224.529613,9718,63723.750611
166.24725,3268,63754.843132
-146.925349,1262,63763.532872
-203.59297,1648,63778.82733
-54.629996,3788,63812.949181
18.963071,4175,63848.544444
-304.100022,2362,63869.019626
-129.559554,1374,63882.856224
-39.673226,3552,63915.929821
-92.062578,2955,63940.146633
1297.573596,9486,64023.750348
1376.604148,11098,64118.12858
1481.304923,10062,64203.833817
-530.014988,2006,64228.817767
109.77795,11224,64326.309138
-115.950727,1911,64344.051565
-107.412725,1847,64361.997241
-1177.03056,6162,64417.746398
-2122.838269,2280,64437.742165
34.952292,3245,64469.348794
-90.28665,2562,64491.051743
1639.767551,8936,64572.313556
-4.476509,2492,64593.40757
-208.056225,1385,64603.104183
-124.241133,2472,64628.308133
-5.259632,7249,64690.71329
-3751.949526,1428,64705.618309
1332.409134,9957,64793.420987
1372.620896,10167,64881.237741
-64.853046,2019,64899.451245
-14.361205,2795,64923.230643
19.870296,2431,64944.114733
-1134.986697,2520,64965.531758
-985.403175,1997,64983.342293
-80.421968,2310,65007.54961
-3271.638196,1175,65015.536525
17.699232,2734,65043.005129
3820.033232,14833,65170.241684
-59.559732,3782,65204.832587
-2742.891754,9123,65283.544353
-204.874052,3385,65315.117374
-943.57818,2172,65334.938256
53.825484,2913,65359.935651
41.944926,3817,65394.713914
-248.632183,1118,65406.918716
-1861.83751,685,65412.010027
-4544.665484,2221,65432.125356
-979.835764,924,65438.93107
-1847.973876,2315,65464.028801
-110.072115,2329,65484.618145
-1022.078018,2932,65509.036535
-131.756837,1770,65525.839069
-227.962884,3647,65559.728275
3626.065126,16590,65705.011047
-3219.60244,9019,65782.516537
43.802308,3764,65817.238895
770.036141,8495,65892.718298
-163.899615,1693,65908.934078
-118.415843,1968,65927.636732
2592.922792,16684,66073.808292
-2929.472417,13475,66192.742205
-902.471305,2681,66215.434506
1659.58835,9831,66302.734423
24.124355,3593,66337.931901
-748.799415,8005,66409.015977
-139.611585,2347,66429.707836
-103.785595,2305,66448.621084
-402.05783,979,66455.64593
-135.255018,1778,66472.337042
-21.713916,2442,66493.638199
-0.431766,8684,66573.53067
-47.278969,4011,66610.01397
-112.053014,2841,66633.94448
-43.82359,3113,66664.01629
-2057.016457,640,66668.951733
1156.516482,13232,66782.433454
-130.50106,1715,66799.322456
-13744.00477,11744,66900.212231
-113.325993,2182,66920.346444
-4831.70231,6822,66979.203642
1137.232293,7648,67046.924891
22.769446,3130,67077.212448
-7165.175319,1334,67086.547339
1.495722,2860,67115.414472
3907.748647,15037,67246.229716
-4850.413621,2245,67266.897297
42.640108,3092,67297.333317
-64.061558,3460,67326.114896
1362.981533,13515,67446.012297
-733.197111,3427,67474.936073
311.874799,5198,67523.307095
1057.778291,11003,67618.331951
-65.691908,1859,67636.0535
-78.427858,3695,67671.329109
-46.970104,2417,67692.553316
-31.859397,3980,67728.724034
-71.683459,2959,67757.641887
2118.952405,17452,67905.436968
-875.739141,2388,67926.734378
48.154262,3050,67956.242205
-11762.099609,12044,68062.65254
-101.265993,1417,68072.630785
-79.696999,2332,68097.424747
-1261.214595,2765,68121.129657
-137.204284,3016,68146.232388
-2118.672708,2426,68171.714625
-21.541994,3995,68203.913299
-793.90663,3581,68236.736415
-456.500947,8132,68309.625692
11.971598,7936,68380.116255
-1670.597711,3088,68409.914013
-409.173854,3821,68440.249185
-37.009623,2378,68466.316936
-7434.392063,2081,68485.123849
-84.786672,1810,68502.231505
13.037607,3289,68530.415417
2173.699111,7985,68602.626895
3765.171856,14984,68736.434387
-38.974502,2952,68766.636257
-5088.919844,8435,68842.02914
-85.494106,2029,68860.734625
-2305.91622,5978,68914.80124
-992.328458,2850,68939.599241
-1345.526066,3043,68969.23157
-87.971668,1995,68988.128865
48.403801,3413,69017.027385
-39.984942,3649,69050.911858
-46.687197,2850,69079.424274
-1852.512005,2664,69102.049385
1298.046358,9719,69189.32259
-38.429363,2249,69209.040673
-8770.660714,7660,69274.634442
-2461.778751,2789,69302.905715
3.984249,3963,69339.518433
-31.138514,4735,69381.341099
-1575.653203,3772,69416.01674
1883.331986,10587,69508.124811
-1490.03128,2266,69529.045624
-1432.189674,2568,69551.627563
-53.937854,2476,69577.722217
3790.704576,15115,69708.133811
3648.0948,14337,69832.23712
-749.684555,8948,69909.83607
-183.911023,1640,69925.936027
-145.759109,1909,69945.109481
-111.985468,1572,69960.315344
1178.865876,7042,70021.20392
-143.837485,2314,70042.406397
-139.508333,1592,70057.951033
-150.798386,1889,70075.923221
-92.109408,3950,70111.921366
-48.692333,3593,70145.616819
-5226.711023,9563,70228.1959
31.339186,3039,70257.438983
2174.125367,11759,70363.040858
-185.470328,1097,70371.342819
-131.039091,1491,70386.226788
-223.459063,2998,70411.114461
-2335.672968,3387,70443.450108
-118.717214,1559,70458.725871
-156.12683,1895,70476.541464
2318.321568,16309,70617.995645
-71.453145,2371,70638.635298
-147.483413,2735,70661.955971
-130.622537,2743,70689.417531
-120.426436,1789,70702.007822
-211.202687,1713,70718.316641
-2249.450046,8382,70792.132979
-24350.874091,1884,70809.925923
-6876.747771,1873,70827.553581
-52.113791,2225,70847.347049
-24.520531,2952,70877.813035
-123.250223,1564,70889.345527
-4.721599,3029,70919.052496
-1435.699697,2824,70943.111664
-365.655698,9916,71031.416222
3965.826219,14601,71159.044092
690.862573,7453,71226.22811
-4829.590367,1826,71243.229091
21.970474,3181,71269.298383
-673.295784,4545,71314.612436
-5824.950028,1305,71323.835701
-564.46973,7473,71392.326451
-3092.053945,1201,71400.736221
1662.058164,10958,71501.524019
-1541.70559,2308,71522.931825
-45.078042,2630,71545.143387
-3885.862555,2819,71572.941889
1335.906518,8599,71648.507178
56.059925,2612,71670.900288
126.113027,3108,71700.519576
-4398.856393,1761,71712.51638
-293.32174,2308,71737.345021
1804.853448,8980,71815.423586
1278.293019,9098,71894.006788
-172.20209,1789,71910.542973
1890.931594,8876,71991.723392
-10537.091983,1108,71999.529667
-55.555546,2697,72022.614382
-2596.653165,1433,72036.850277
3736.55,14435,72163.551023
-2377.07421,1879,72181.823373
20.37465,1680,72197.644836
-140.626971,1419,72211.821142
3892.073284,15999,72349.742969
